label,mode_index,eigenvalue,frequency_thz
3FKY,1,0.015847999578978051,0.028324988591096802
3FKY,2,0.020202966774536073,0.031980856663962096
3FKY,3,0.020414229986031984,0.032147634330427319
3FKY,4,0.039295199590125569,0.044601787848135718
3FKY,5,0.048319185512149448,0.049458657144655332
3FKY,6,0.048883107320959268,0.049746430104315661
3FKY,7,0.070949465975819026,0.059931767160879196
3FKY,8,0.099490331432025111,0.070969697961498129
3FKY,9,0.099909112904579017,0.0711189063526311
3FKY,10,0.10053947070912655,0.071342909280807526
3FKY,11,0.10239337898641451,0.071997672262283832
3FKY,12,0.1146369261846769,0.076180669386001515
3FKY,13,0.1162868338605471,0.076726924636598054
3FKY,14,0.13334692614798851,0.082162571382849978
3FKY,15,0.14400110616985645,0.085381824762937597
3FKY,16,0.15273859675888998,0.087934017654823463
3FKY,17,0.15388252332589791,0.088262691684389397
3FKY,18,0.17387719157998999,0.093821814221091426
3FKY,19,0.1837168398619973,0.096439955506074426
3FKY,20,0.22880884626856063,0.10762642724882157
3FKY,21,0.23757347010163629,0.10966839528275837
3FKY,22,0.23942106364140917,0.11009401140319276
3FKY,23,0.2423050941959545,0.11075511452601274
3FKY,24,0.26290198438846818,0.11536642908431465
3FKY,25,0.26321434557960605,0.11543494377772943
3FKY,26,0.29178618946073065,0.12153878328109712
3FKY,27,0.29591054051327192,0.12239473482746058
3FKY,28,0.29839432867169369,0.12290733456146746
3FKY,29,0.31874697829021303,0.12702978302721782
3FKY,30,0.32526741167124079,0.12832249497206857
3FKY,31,0.34358193690839839,0.13188569124809435
3FKY,32,0.34730204042569068,0.13259775939491059
3FKY,33,0.35242324681861259,0.13357180417360642
3FKY,34,0.35712844856974052,0.13446050613039917
3FKY,35,0.38476438352888942,0.13956610231768324
3FKY,36,0.43365693469702554,0.14816842551311976
3FKY,37,0.43838790622682128,0.14897445335604634
3FKY,38,0.44544745441460615,0.15016916254590834
3FKY,39,0.44901498593715278,0.15076930610395592
3FKY,40,0.45145740688891089,0.15117880547137261
3FKY,41,0.45586343674464525,0.15191473425970789
3FKY,42,0.46512132139428414,0.15344955814724798
3FKY,43,0.47166877226857251,0.15452582824918454
3FKY,44,0.48080001838366437,0.15601442539288798
3FKY,45,0.48336345856721691,0.1564297768647816
3FKY,46,0.48689730858461261,0.15700056129548076
3FKY,47,0.50000388306541932,0.15909964355769893
3FKY,48,0.50674791848187695,0.16016901502208541
3FKY,49,0.51403493479075502,0.16131651674203104
3FKY,50,0.52494015736907329,0.16301869667866117
3FKY,51,0.53022989513268215,0.16383799449789427
3FKY,52,0.53870856903619668,0.16514273010779934
3FKY,53,0.54850161683155318,0.16663701375173939
3FKY,54,0.57370717631844448,0.17042278545171491
3FKY,55,0.58518617997166178,0.17211929107762841
3FKY,56,0.6025501216355339,0.17465422957317381
3FKY,57,0.61962921850157315,0.17711219378304291
3FKY,58,0.63095723093409728,0.17872383673153022
3FKY,59,0.67165407636371754,0.184397634518215
3FKY,60,0.67436514164673289,0.18476941114769471
3FKY,61,0.68192867656290523,0.18580268903058716
3FKY,62,0.68265925811763228,0.18590219187036267
3FKY,63,0.68848455307464995,0.18669368093056646
3FKY,64,0.69380114555973238,0.18741313452893704
3FKY,65,0.69615195257624296,0.18773037207434579
3FKY,66,0.71749087910602227,0.19058587501371232
3FKY,67,0.72062692736791645,0.19100193244572364
3FKY,68,0.73335076316106007,0.19268077845241507
3FKY,69,0.73822784372312333,0.19332041948144826
3FKY,70,0.74434360770318153,0.19411953827467643
3FKY,71,0.75485798991345621,0.19548576863641179
3FKY,72,0.75916945277730619,0.19604324407347254
3FKY,73,0.77189251475998577,0.19767918089602729
3FKY,74,0.77896347322070181,0.19858254160876787
3FKY,75,0.78992011552734298,0.19997426296544196
3FKY,76,0.80484678449359348,0.20185482026691404
3FKY,77,0.82161290140800647,0.20394644672996962
3FKY,78,0.82977017711746293,0.20495637393497074
3FKY,79,0.88612420388563062,0.21180188342342485
3FKY,80,0.89881882520534717,0.21331362597363701
3FKY,81,0.95398334262478601,0.21976215943692354
3FKY,82,1.0180432329153701,0.22702078906201659
3FKY,83,1.0292266618546486,0.22826431993719823
3FKY,84,1.0393038127598899,0.22937906513230327
3FKY,85,1.0417239294843852,0.22964597520998928
3FKY,86,1.0432644362434751,0.22981571331139639
3FKY,87,1.0477113760040777,0.23030498998112575
3FKY,88,1.0512918356685965,0.23069817767100523
3FKY,89,1.0526672164434545,0.23084903688872058
3FKY,90,1.1044926050305013,0.23646339701879679
3FKY,91,1.1195755718097518,0.23807249593951141
3FKY,92,1.1252094981434861,0.23867075824975706
3FKY,93,1.1363728884896334,0.23985178231522003
3FKY,94,1.1614571377514131,0.2424845718776048
3FKY,95,1.1664792964484096,0.24300825990632655
3FKY,96,1.1743179982545429,0.24382339646070933
3FKY,97,1.175509699755424,0.24394708145439725
3FKY,98,1.1830131550724567,0.24472441842926737
3FKY,99,1.1858014877580252,0.2450126533829427
3FKY,100,1.1875688680091983,0.24519517520327691
3FKY,101,1.197751159920051,0.24624409124068863
3FKY,102,1.2028350327763786,0.24676613125448185
3FKY,103,1.2118806442978758,0.2476922639437493
3FKY,104,1.2408651388407836,0.25063678431909125
3FKY,105,1.3087138201857842,0.25739781884644114
3FKY,106,1.3479301528662306,0.26122588690413689
3FKY,107,1.3770736485632376,0.26403475804998461
3FKY,108,1.3922493803426186,0.26548563968667888
3FKY,109,1.4253987449269057,0.26862764463458444
3FKY,110,1.4310274697754726,0.26915751086934819
3FKY,111,1.4364057664460574,0.26966283007921515
3FKY,112,1.4417496668301959,0.27016398146917858
3FKY,113,1.4482734497058369,0.27077452500439919
3FKY,114,1.4535889020867734,0.27127096816309504
3FKY,115,1.4732307197775483,0.27309761110038727
3FKY,116,1.5107233843255381,0.27655084764194876
3FKY,117,1.5372932627168745,0.27897216962457344
3FKY,118,1.5378878213823459,0.27902611160513502
3FKY,119,1.5446887084579741,0.27964238925042273
3FKY,120,1.5540350200186561,0.28048711715236491
3FKY,121,1.5606290126927449,0.28108156070359758
3FKY,122,1.5720644955528098,0.28210949131030849
3FKY,123,1.6091426345766684,0.28541696844344039
3FKY,124,1.6118659113740645,0.28565838297398521
3FKY,125,1.6429253337636653,0.28839746015141249
3FKY,126,1.6706144793275619,0.29081756827254751
3FKY,127,1.6956715102528688,0.29299039268643517
3FKY,128,1.7103097831764471,0.29425232840762305
3FKY,129,1.7207023734308526,0.29514497735000833
3FKY,130,1.7387481201260286,0.2966885969857625
3FKY,131,1.7550415022315515,0.29807545361950266
3FKY,132,1.781634501353752,0.30032523475564571
3FKY,133,1.8218223884100719,0.30369352711781639
3FKY,134,1.8289350355285541,0.30428578043285731
3FKY,135,1.8332257003277299,0.3046424971652697
3FKY,136,1.8503167229817947,0.30605928200424404
3FKY,137,1.8811853895974773,0.30860170179111507
3FKY,138,1.8896464668941377,0.30929492783832668
3FKY,139,1.9490529358639226,0.31411909346314987
3FKY,140,1.9677307011600189,0.31562060570600575
3FKY,141,2.0658246042912856,0.32339197669739173
3FKY,142,2.0755454236539368,0.32415195059181817
3FKY,143,2.0790543999330184,0.32442584514278311
3FKY,144,2.0854691836905346,0.32492595683375824
3FKY,145,2.089869113789474,0.3252685411864974
3FKY,146,2.1013782723490122,0.32616295779513155
3FKY,147,2.1134427432948124,0.32709790411939338
3FKY,148,2.1218619476591738,0.32774877741990999
3FKY,149,2.138653288690803,0.32904304086239522
3FKY,150,2.1430175044550146,0.3293785985200543
3FKY,151,2.1876692660358472,0.33279236258223355
3FKY,152,2.1971942498506243,0.3335160549339235
3FKY,153,2.201329849021306,0.33382978238423189
3FKY,154,2.2120477082121406,0.3346414726662546
3FKY,155,2.2170788783062272,0.33502181751977406
3FKY,156,2.2200126500261903,0.33524340471898306
3FKY,157,2.2259153220269634,0.33568878917475786
3FKY,158,2.2323557819018149,0.33617407910006891
3FKY,159,2.2459757995889671,0.33719804989678021
3FKY,160,2.2596275621003552,0.33822129638940612
3FKY,161,2.2775780057177473,0.33956205108854692
3FKY,162,2.2809317612923192,0.3398119633200451
3FKY,163,2.2871805768660787,0.34027711751430662
3FKY,164,2.2913938020814983,0.340590386285896
3FKY,165,2.2969978383556588,0.34100662100134543
3FKY,166,2.3057260025765283,0.34165388755352505
3FKY,167,2.3129823221438639,0.34219107244130892
3FKY,168,2.3183512494460632,0.34258799162143289
3FKY,169,2.3295063100313755,0.34341120678472098
3FKY,170,2.337222786469316,0.34397951038544305
3FKY,171,2.3627149698257974,0.34585032217338035
3FKY,172,2.3650494580905499,0.34602113926151112
3FKY,173,2.3735349721148373,0.34664132466183778
3FKY,174,2.3842807445901739,0.34742511811162641
3FKY,175,2.4017155425646171,0.34869305892479957
3FKY,176,2.4189849535982977,0.34994444312763967
3FKY,177,2.423358232331795,0.35026063226088816
3FKY,178,2.4416914343410152,0.35158303267295749
3FKY,179,2.4495251757693062,0.35214657746927081
3FKY,180,2.4561021091026207,0.3526190143388756
3FKY,181,2.4636846595220598,0.35316290276344747
3FKY,182,2.4749984827339104,0.35397287775817543
3FKY,183,2.4868732267734366,0.35482102122817527
3FKY,184,2.4935803324120589,0.35529917580591219
3FKY,185,2.5016387060968026,0.35587281365138113
3FKY,186,2.5084719621053404,0.35635851762176651
3FKY,187,2.5094563248116795,0.35642843102590915
3FKY,188,2.513701195085031,0.35672976186628963
3FKY,189,2.5219469134525685,0.35731437487671314
3FKY,190,2.5285537398187179,0.35778210279208011
3FKY,191,2.5347090851502618,0.35821731872668022
3FKY,192,2.5483277224317433,0.3591783553446769
3FKY,193,2.559626175918944,0.3599737145346818
3FKY,194,2.564847087586219,0.36034064967618123
3FKY,195,2.5734980112411061,0.36094783115996282
3FKY,196,2.5837491771975603,0.36166600904097485
3FKY,197,2.599791459806978,0.36278704862870759
3FKY,198,2.6159504358669974,0.36391275165314935
3FKY,199,2.6226691470184824,0.36437978205137928
3FKY,200,2.6255408654952759,0.36457921816211403
3FKY,201,2.6272787874756616,0.3646998610034769
3FKY,202,2.6307769265102219,0.36494257343393083
3FKY,203,2.6366747595074185,0.36535141945811989
3FKY,204,2.6525197250512291,0.36644755570302073
3FKY,205,2.6620079340661298,0.36710237218260772
3FKY,206,2.6811543975014831,0.36842019675027671
3FKY,207,2.6882698012296791,0.36890874032374527
3FKY,208,2.6913134503977321,0.36911751980417457
3FKY,209,2.7019333276443289,0.369845068524638
3FKY,210,2.720817893647733,0.37113529320978961
3FKY,211,2.7353747517940281,0.37212678862126103
3FKY,212,2.7484752618056478,0.37301683625395637
3FKY,213,2.7557779186118214,0.37351205754262268
3FKY,214,2.764619322774688,0.37411074993304932
3FKY,215,2.7748634674990638,0.37480323243288616
3FKY,216,2.794740359031382,0.37614323159664026
3FKY,217,2.8067878428655342,0.37695309329552884
3FKY,218,2.811043238362287,0.37723873600425867
3FKY,219,2.8380683530711401,0.37904776793199363
3FKY,220,2.8605153373099825,0.3805438068755263
3FKY,221,2.8679137839377535,0.38103560898142941
3FKY,222,2.8724289678557251,0.38133543829245148
3FKY,223,2.9036950667940311,0.38340522004329547
3FKY,224,2.915033446290805,0.38415305311616621
3FKY,225,2.9238022432664357,0.38473041024250126
3FKY,226,2.9667581792215447,0.38754629765112031
3FKY,227,2.9808952404056495,0.38846855927543994
3FKY,228,2.9846811308507086,0.38871516853515908
3FKY,229,2.9955443222292781,0.38942191940472121
3FKY,230,3.000500272910076,0.38974392402713937
3FKY,231,3.0054816746498809,0.39006731442040904
3FKY,232,3.0101595901724463,0.3903707587057208
3FKY,233,3.018830728016646,0.39093261005682645
3FKY,234,3.02750618424546,0.39149393427922535
3FKY,235,3.0336634536637148,0.39189183755435064
3FKY,236,3.0429081431774643,0.39248850269575941
3FKY,237,3.0469893465278446,0.39275162083430304
3FKY,238,3.0578438135223585,0.39345055986689031
3FKY,239,3.0639207393079841,0.3938413226509716
3FKY,240,3.0731128692263421,0.39443166582385797
3FKY,241,3.0773132822735105,0.39470113366330289
3FKY,242,3.0855699905533855,0.39523028827730949
3FKY,243,3.0927689412803603,0.3956910760332083
3FKY,244,3.1001395272215948,0.39616229447739376
3FKY,245,3.1082036947954084,0.39667721392716471
3FKY,246,3.1177684836940793,0.39728708698749921
3FKY,247,3.1402446370713575,0.39871654687476599
3FKY,248,3.1438881178695119,0.39894778601609515
3FKY,249,3.1477032340853865,0.3991897747006713
3FKY,250,3.1544437798369107,0.39961696204521102
3FKY,251,3.1632790567178959,0.40017621399371489
3FKY,252,3.1746129081612087,0.40089247744957901
3FKY,253,3.1823932978519198,0.40138343351931383
3FKY,254,3.1907999944000283,0.40191323655299216
3FKY,255,3.1953972392875687,0.40220266687198031
3FKY,256,3.2018429031578237,0.40260811836370719
3FKY,257,3.2084610476136781,0.40302399498719982
3FKY,258,3.2194101785647136,0.40371108517086651
3FKY,259,3.2239790543356528,0.40399745002381193
3FKY,260,3.2299707958257957,0.40437268891293943
3FKY,261,3.236943369362931,0.4048089155070555
3FKY,262,3.2492728352216256,0.40557913812608115
3FKY,263,3.2570603441775008,0.40606487157101628
3FKY,264,3.2629355067385122,0.40643094127863494
3FKY,265,3.2642019558364601,0.40650980801724923
3FKY,266,3.2722963326546131,0.40701351555033127
3FKY,267,3.2788444256556506,0.40742054323366822
3FKY,268,3.2843543540813456,0.4077627241121583
3FKY,269,3.2879571197958857,0.40798631005177943
3FKY,270,3.3028981146032867,0.40891223636838187
3FKY,271,3.3088543468538441,0.40928077319790612
3FKY,272,3.3123107304529897,0.40949448192763555
3FKY,273,3.3153405982675315,0.40968172742666203
3FKY,274,3.3194987540932175,0.40993856176989396
3FKY,275,3.3306623110790277,0.41062729999158087
3FKY,276,3.3360376052888143,0.41095851830537133
3FKY,277,3.342917649414245,0.41138206815756584
3FKY,278,3.3449557278622937,0.41150745281589812
3FKY,279,3.3497022679405246,0.41179931679701592
3FKY,280,3.3520885220612819,0.41194596906554676
3FKY,281,3.3608000213082305,0.41248090995672659
3FKY,282,3.3646833662165618,0.41271914834995654
3FKY,283,3.3806846858322257,0.41369936212212904
3FKY,284,3.388530867907543,0.41417915832139524
3FKY,285,3.3928898947733757,0.41444547400460552
3FKY,286,3.400720466374088,0.41492345512177092
3FKY,287,3.4055712953351884,0.41521927559585181
3FKY,288,3.4070667892612176,0.41531043353899644
3FKY,289,3.4229718020843407,0.41627868967858511
3FKY,290,3.4305478358533512,0.41673910806411713
3FKY,291,3.4395114001959999,0.41728319476696218
3FKY,292,3.4503859029355755,0.41794232417417776
3FKY,293,3.4574381191136947,0.41836922064144583
3FKY,294,3.4682705376702971,0.41902409950927499
3FKY,295,3.4771964635314023,0.41956295232810681
3FKY,296,3.4848276752884133,0.42002309586673436
3FKY,297,3.4973463844605117,0.42077685382315577
3FKY,298,3.5001100885214229,0.42094307599887781
3FKY,299,3.5021680807066415,0.42106681071508562
3FKY,300,3.5064260100707112,0.42132269907973124
3FKY,301,3.5298412848907081,0.42272711652742612
3FKY,302,3.5402645514179385,0.42335079179745622
3FKY,303,3.5482675042959193,0.42382902496759339
3FKY,304,3.5571123825909199,0.42435694217093389
3FKY,305,3.5588404953473654,0.42446000998558203
3FKY,306,3.5643245915401551,0.4247869259366634
3FKY,307,3.5701112393954801,0.42513160491122765
3FKY,308,3.5813956268595062,0.42580295162171261
3FKY,309,3.5858642158211356,0.42606851083592767
3FKY,310,3.5922134487718371,0.4264455485100932
3FKY,311,3.6040655361984695,0.4271484727469449
3FKY,312,3.6187560870898423,0.42801813852794052
3FKY,313,3.6287895260363698,0.42861109383168233
3FKY,314,3.6354742950894807,0.42900569482106526
3FKY,315,3.6514100544965356,0.42994491973843241
3FKY,316,3.6525169059014564,0.43001007937170638
3FKY,317,3.6614377986878228,0.43053488657549116
3FKY,318,3.6764517493499262,0.43141670089466866
3FKY,319,3.68196161026844,0.43173985977650919
3FKY,320,3.6903479984146528,0.43223126612930468
3FKY,321,3.696575164714373,0.43259579021722477
3FKY,322,3.7015322892415794,0.43288574952619419
3FKY,323,3.7137152026912776,0.43359754627562863
3FKY,324,3.7180101278213455,0.4338482023945191
3FKY,325,3.7366826125020256,0.43493626804155466
3FKY,326,3.7431715191265229,0.43531374680313073
3FKY,327,3.7501026593829532,0.4357165903787254
3FKY,328,3.7538691164013605,0.43593534385023075
3FKY,329,3.7624095044703227,0.43643095807219046
3FKY,330,3.7695569105504614,0.43684530282082362
3FKY,331,3.7753507733917377,0.43718089265538213
3FKY,332,3.7840058673118899,0.43768173029344554
3FKY,333,3.7938398677131584,0.4382500921882147
3FKY,334,3.8045443488113335,0.43886792735237984
3FKY,335,3.8173381909004709,0.43960521597717234
3FKY,336,3.8183276876351022,0.43966218757874442
3FKY,337,3.8376776379822255,0.44077480692849291
3FKY,338,3.8477145085499873,0.44135082077112209
3FKY,339,3.8733193932578862,0.44281688572555639
3FKY,340,3.8839118638636316,0.44342196394416045
3FKY,341,3.8885059068328935,0.44368413486783054
3FKY,342,3.894971200105398,0.44405283132228285
3FKY,343,3.9056307009132749,0.44466004344187993
3FKY,344,3.9138432584462257,0.44512730196971761
3FKY,345,3.9221049304844673,0.44559686052055636
3FKY,346,3.9235753354173433,0.44568038026763418
3FKY,347,3.930248999586532,0.44605925122574036
3FKY,348,3.9358498728690128,0.446376970523787
3FKY,349,3.9393013132894725,0.44657264692911897
3FKY,350,3.9487590187144495,0.44710840444171818
3FKY,351,3.9517058663158138,0.44727520553037375
3FKY,352,3.9545875305892229,0.44743825689817746
3FKY,353,3.9646684753180956,0.44800819363375333
3FKY,354,3.9677793341361878,0.44818392294976905
3FKY,355,3.977389186277279,0.44872633927070432
3FKY,356,3.9815222064804638,0.44895942099823838
3FKY,357,3.982843863960047,0.44903393035824968
3FKY,358,3.9936386527393513,0.44964203183747142
3FKY,359,3.9974781222350311,0.44985812200976039
3FKY,360,4.0056785959382291,0.45031930773549211
3FKY,361,4.0151947467579898,0.45085389435450507
3FKY,362,4.0235805605343051,0.451324457432842
3FKY,363,4.0314395747134926,0.45176501465902669
3FKY,364,4.032390988920505,0.451818319475982
3FKY,365,4.0377990470193552,0.45212119697638031
3FKY,366,4.040390524298294,0.45226626039602064
3FKY,367,4.0474489924456805,0.45266113732301183
3FKY,368,4.050470263098422,0.45283005318701808
3FKY,369,4.0534648996124734,0.45299741781039043
3FKY,370,4.0619908468196755,0.45347357874549443
3FKY,371,4.0692822247389948,0.45388039462771645
3FKY,372,4.0748988797870744,0.45419352239901073
3FKY,373,4.0781347473941256,0.4543738236153439
3FKY,374,4.0848108676801749,0.45474558840774792
3FKY,375,4.0907253002630704,0.45507468433853571
3FKY,376,4.1025258897839283,0.45573059275224365
3FKY,377,4.1053015395715819,0.45588473372203564
3FKY,378,4.1087351056849233,0.4560753388699057
3FKY,379,4.116707545205454,0.45651760040115225
3FKY,380,4.1180841712341625,0.45659392370982055
3FKY,381,4.1213182590734601,0.45677317879402018
3FKY,382,4.1259394861174412,0.45702919653419899
3FKY,383,4.1280437782240389,0.45714572761056393
3FKY,384,4.133649091367225,0.45745599269270243
3FKY,385,4.1409434206668774,0.45785943331033457
3FKY,386,4.1488649821017569,0.45829716311461222
3FKY,387,4.152681078334906,0.45850788389154734
3FKY,388,4.1619009281217991,0.45901659500084102
3FKY,389,4.169701961530393,0.459446582099025
3FKY,390,4.1767594683286129,0.45983524015035648
3FKY,391,4.1822199778907274,0.46013572604256464
3FKY,392,4.1850477455456101,0.46029125792072834
3FKY,393,4.1921478250888882,0.46068154254878174
3FKY,394,4.2013839970069977,0.46118875186682434
3FKY,395,4.2061963271644869,0.46145280263825694
3FKY,396,4.2089972712147139,0.4616064198592183
3FKY,397,4.2172276301162643,0.4620575167385938
3FKY,398,4.2201965439644837,0.46222013158039971
3FKY,399,4.2301981970041078,0.46276752665170118
3FKY,400,4.242835720275794,0.46345825954336173
3FKY,401,4.2505589278137252,0.463879882858235
3FKY,402,4.2549203612172803,0.46411781186098089
3FKY,403,4.2726364550288434,0.46508302542216606
3FKY,404,4.2742257080587374,0.46516951369417314
3FKY,405,4.2802139277099034,0.46549525248955426
3FKY,406,4.2905242933900034,0.46605556788098662
3FKY,407,4.294268036808619,0.46625885446116344
3FKY,408,4.3003404368318163,0.46658839957141102
3FKY,409,4.310894845055623,0.46716062711977441
3FKY,410,4.3182150804662776,0.46755709645839549
3FKY,411,4.3244862749981268,0.46789648179034238
3FKY,412,4.334731872483859,0.46845042538618253
3FKY,413,4.3480808767906858,0.46917117812961234
3FKY,414,4.3575504761730937,0.46968179957952694
3FKY,415,4.3714925643993769,0.47043257866852556
3FKY,416,4.3758678732000877,0.47066794142022716
3FKY,417,4.3876071529999647,0.47129885648134479
3FKY,418,4.3933861791706521,0.47160913405119104
3FKY,419,4.3967023776696816,0.47178708955367532
3FKY,420,4.4049694058239224,0.4722304269843654
3FKY,421,4.4137149651807688,0.47269897409691558
3FKY,422,4.4221659832147688,0.47315130022039215
3FKY,423,4.4274242881267529,0.4734325237944863
3FKY,424,4.438252115301152,0.4740110898883283
3FKY,425,4.4423154786454209,0.47422802648770607
3FKY,426,4.4564614972882755,0.47498248736160675
3FKY,427,4.460450141746211,0.47519500042182888
3FKY,428,4.4731144717909057,0.47586912080362453
3FKY,429,4.473680960362163,0.47589925259274624
3FKY,430,4.4861605143574153,0.47656256256586516
3FKY,431,4.4885813620134813,0.47669112793498952
3FKY,432,4.4963651863050158,0.47710427325343818
3FKY,433,4.5019084826065301,0.47739827914641214
3FKY,434,4.5106079073762064,0.47785931539619531
3FKY,435,4.5145242679995015,0.47806672240125092
3FKY,436,4.5203997166845848,0.4783777123332118
3FKY,437,4.5281971977598863,0.4787901243098005
3FKY,438,4.5322766041625968,0.4790057443139189
3FKY,439,4.5423431225233122,0.47953740268903189
3FKY,440,4.5430439360727002,0.47957439387823914
3FKY,441,4.5509321115522594,0.47999056047732142
3FKY,442,4.562218367154391,0.48058537726109712
3FKY,443,4.5660546534535538,0.48078739254590086
3FKY,444,4.5715342518807454,0.48107579600460337
3FKY,445,4.5765649509916031,0.48134042074601413
3FKY,446,4.5871151963028582,0.48189491262393735
3FKY,447,4.5899614700773439,0.48204439569677143
3FKY,448,4.5974017260131363,0.48243493072062582
3FKY,449,4.6031139174058477,0.48273454617281231
3FKY,450,4.6064724920099556,0.48291062310535687
3FKY,451,4.6142867462621213,0.48332004565248465
3FKY,452,4.6176195640231672,0.4834945609090891
3FKY,453,4.619414065141874,0.48358849970590428
3FKY,454,4.6288756405717448,0.48408349414532265
3FKY,455,4.6318935063761026,0.48424127122777366
3FKY,456,4.6363721331943264,0.48447532366774138
3FKY,457,4.6366170062841698,0.48448811744266351
3FKY,458,4.6428579901979967,0.4848140733866681
3FKY,459,4.64350467317806,0.48484783600593628
3FKY,460,4.6564873036969807,0.48552514842143829
3FKY,461,4.6616499173779751,0.48579422296612373
3FKY,462,4.6639036199998278,0.48591163884238386
3FKY,463,4.6684636404272535,0.48614912506002694
3FKY,464,4.6721122182215566,0.48633905975920377
3FKY,465,4.6751950975428844,0.48649948798853687
3FKY,466,4.6778304783546645,0.48663658716408165
3FKY,467,4.6905741079695122,0.48729899878406951
3FKY,468,4.6922937879651236,0.4873883185056187
3FKY,469,4.6975392739284265,0.48766066659371515
3FKY,470,4.7084978038661909,0.48822914837269388
3FKY,471,4.714446965583809,0.48853748846191969
3FKY,472,4.7220593712912127,0.4889317495025432
3FKY,473,4.7261516397749279,0.48914356457343455
3FKY,474,4.7302806320617696,0.48935718754109159
3FKY,475,4.7359951956785098,0.48965268995607958
3FKY,476,4.7444426073192636,0.49008918269590257
3FKY,477,4.7496166821697781,0.49035634444233006
3FKY,478,4.750893434320008,0.49042224675523277
3FKY,479,4.7536003035210985,0.49056193835820117
3FKY,480,4.758035449247334,0.49079073403859846
3FKY,481,4.7610016553430317,0.49094369208875777
3FKY,482,4.7698050266281182,0.49139737430418617
3FKY,483,4.7739459928308445,0.4916106344324353
3FKY,484,4.7761506092808084,0.4917241346475083
3FKY,485,4.7847470149262552,0.49216645317477875
3FKY,486,4.7867998043415847,0.4922720183951072
3FKY,487,4.7913033633001136,0.49250353579143802
3FKY,488,4.7960249588761403,0.49274614513266823
3FKY,489,4.8019208919200524,0.49304892774800019
3FKY,490,4.8066988198980845,0.49329415945999255
3FKY,491,4.8074201122154481,0.49333116988581521
3FKY,492,4.8123933150177614,0.49358627571355157
3FKY,493,4.8165808103224368,0.49380097561930081
3FKY,494,4.8199140040122224,0.49397180734645052
3FKY,495,4.8233771649675914,0.49414923755529999
3FKY,496,4.8311258397533612,0.49454599951623707
3FKY,497,4.8353734879487238,0.49476336043345426
3FKY,498,4.8389125106667867,0.49494438662591789
3FKY,499,4.8427894287357285,0.49514262069604376
3FKY,500,4.8458902019425247,0.49530111192419135
3FKY,501,4.8536891123217396,0.49569951715861904
3FKY,502,4.8594578335396301,0.49599400482560646
3FKY,503,4.862953978626761,0.49617239460491935
3FKY,504,4.8692079444197116,0.49649134150179086
3FKY,505,4.8732045882505686,0.49669505964946442
3FKY,506,4.8785822500715081,0.4969690396894661
3FKY,507,4.8820577383363766,0.49714602784622453
3FKY,508,4.8865161536978983,0.49737297904184152
3FKY,509,4.8896648238315006,0.49753319658739331
3FKY,510,4.8949722375729676,0.49780314334798204
3FKY,511,4.8992380408252316,0.49802000543831304
3FKY,512,4.9053043586738392,0.49832823837091866
3FKY,513,4.9094071442941081,0.49853659512606419
3FKY,514,4.9129104857107952,0.4987144406763343
3FKY,515,4.9140669546508633,0.49877313437995024
3FKY,516,4.9180977353004263,0.49897765265549127
3FKY,517,4.9218371812854391,0.49916731393649499
3FKY,518,4.9265470376746014,0.49940609105444111
3FKY,519,4.9300026520169533,0.49958120887234969
3FKY,520,4.9354935943987508,0.4998593434321667
3FKY,521,4.9402268771502476,0.50009897585951057
3FKY,522,4.9413787017872792,0.50015727204348537
3FKY,523,4.9505912410948971,0.50062329308615794
3FKY,524,4.9529184212808328,0.50074094607625419
3FKY,525,4.9592806368081943,0.50106245343112155
3FKY,526,4.9634289206628086,0.50127197119782663
3FKY,527,4.9698355315422074,0.50159537855160141
3FKY,528,4.973637053821462,0.50178718183081517
3FKY,529,4.9750419590300945,0.50185804683784696
3FKY,530,4.9816782632775398,0.50219265434534732
3FKY,531,4.9868289963121928,0.50245220463075368
3FKY,532,4.9899156685268267,0.50260768072043094
3FKY,533,4.9912069271436801,0.50267270732221858
3FKY,534,4.9977369021051246,0.50300142213424393
3FKY,535,5.0051149282970551,0.50337256902322203
3FKY,536,5.0093514691381875,0.50358556187118864
3FKY,537,5.0102659940364402,0.50363152795282273
3FKY,538,5.018923655216871,0.50406647383589609
3FKY,539,5.0212263323563784,0.50418209317224039
3FKY,540,5.02445380690527,0.50434410274591235
3FKY,541,5.0257921308227411,0.50441126734332697
3FKY,542,5.0314570903620472,0.5046954677818879
3FKY,543,5.0352682000662261,0.50488657402267367
3FKY,544,5.0411758041839096,0.50518266506958687
3FKY,545,5.0432614706325714,0.50528715791198764
3FKY,546,5.0459023510054788,0.50541943623059493
3FKY,547,5.047408481044366,0.50549486085703288
3FKY,548,5.0488645728983332,0.50556776895187661
3FKY,549,5.056225166688245,0.50593616105551542
3FKY,550,5.0579044950239593,0.50602017258266285
3FKY,551,5.05894074539128,0.50607200597882673
3FKY,552,5.0649993998601808,0.506374954572125
3FKY,553,5.0666384369324176,0.50645687957584662
3FKY,554,5.0702526830463022,0.50663748586066848
3FKY,555,5.0804986786255721,0.50714913546748719
3FKY,556,5.0837309434374465,0.50731043652927221
3FKY,557,5.0858307942432077,0.50741519878553343
3FKY,558,5.0882576170129523,0.50753624684477538
3FKY,559,5.0916991966877783,0.50770786071550911
3FKY,560,5.0981731595061621,0.50803052683869254
3FKY,561,5.1018916650091635,0.50821576671831903
3FKY,562,5.105327294172306,0.50838685493182556
3FKY,563,5.1087500460720889,0.50855724464646013
3FKY,564,5.1170155302895601,0.50896847762991071
3FKY,565,5.11977455909983,0.50910567375980886
3FKY,566,5.123482738023168,0.50929000933890589
3FKY,567,5.1245029573804572,0.50934071329257169
3FKY,568,5.1345737218835623,0.50984095036624444
3FKY,569,5.1365204964059545,0.50993759434910413
3FKY,570,5.1376365949417906,0.50999299271551579
3FKY,571,5.143544028810866,0.51028611235124754
3FKY,572,5.1509695666608755,0.51065431978218567
3FKY,573,5.1533009957003912,0.51076987274831731
3FKY,574,5.158397795169007,0.51102239518482062
3FKY,575,5.1592852491010719,0.51106635159805003
3FKY,576,5.1618938970408861,0.51119553845636689
3FKY,577,5.1709380334192323,0.51164317443101748
3FKY,578,5.1749988716514608,0.5118440366726521
3FKY,579,5.1760397334093762,0.51189550838413267
3FKY,580,5.1795157941770542,0.51206736576373757
3FKY,581,5.1826508203604833,0.51222231284936182
3FKY,582,5.1841580860527614,0.51229679201261946
3FKY,583,5.1946066278193488,0.51281279287216941
3FKY,584,5.1986831522910553,0.51301397113990443
3FKY,585,5.2003120338933169,0.51309433510403246
3FKY,586,5.2034405292604973,0.51324865006526088
3FKY,587,5.2056019558617441,0.51335523666901539
3FKY,588,5.210607990992103,0.51360201473901479
3FKY,589,5.213840995308054,0.51376132628631188
3FKY,590,5.2166985093961538,0.51390209382544871
3FKY,591,5.2275321891869773,0.51443543528570301
3FKY,592,5.2303477645603653,0.5145739554047295
3FKY,593,5.2335706343018717,0.51473246775536929
3FKY,594,5.2364875980570931,0.51487589247472088
3FKY,595,5.2389627568545114,0.51499756267943597
3FKY,596,5.2459525005957373,0.51534099908959241
3FKY,597,5.2491078636367545,0.51549596079563098
3FKY,598,5.2510496089898675,0.51559129788536195
3FKY,599,5.2563604091628209,0.51585196104489883
3FKY,600,5.2608857310385133,0.5160739676963223
3FKY,601,5.2613827022950055,0.51609834266705856
3FKY,602,5.265853563981473,0.51631757347253071
3FKY,603,5.2696900682106236,0.51650562407699185
3FKY,604,5.2714392594076829,0.51659133994630024
3FKY,605,5.2800036433554283,0.51701081656467163
3FKY,606,5.2828548434865388,0.51715039055530643
3FKY,607,5.2865701777148377,0.51733220975192884
3FKY,608,5.2988690729721188,0.51793363167418804
3FKY,609,5.3020743678529278,0.51809025745766968
3FKY,610,5.3048667118160617,0.51822666593459665
3FKY,611,5.3095531978308648,0.51845552426431685
3FKY,612,5.3152751067993487,0.51873480920574144
3FKY,613,5.3202251062907999,0.51897629618892205
3FKY,614,5.3233174473258673,0.51912709982322447
3FKY,615,5.3303338167987846,0.51946910348493147
3FKY,616,5.3357129109008916,0.51973114791626418
3FKY,617,5.3419883590275585,0.52003669166297306
3FKY,618,5.3434426499551089,0.52010747365710619
3FKY,619,5.3491140701602404,0.52038341614799966
3FKY,620,5.3499723011861153,0.5204251605635023
3FKY,621,5.3525496983386551,0.52055050521384993
3FKY,622,5.3535231629919791,0.52059783914886637
3FKY,623,5.3586338839623364,0.52084627326649202
3FKY,624,5.3660907558277007,0.52120854224943147
3FKY,625,5.3691207166338799,0.52135567157132778
3FKY,626,5.3759855214400583,0.52168886035922124
3FKY,627,5.3794551321444004,0.52185717975784351
3FKY,628,5.3837259251938194,0.52206429198225879
3FKY,629,5.3900871372610313,0.52237262688988573
3FKY,630,5.3943831503944777,0.52258075642786583
3FKY,631,5.394793636687333,0.52260063897520859
3FKY,632,5.3974535665160053,0.52272945852024899
3FKY,633,5.4037793314464526,0.52303568583269411
3FKY,634,5.408452379157497,0.5232617907843532
3FKY,635,5.409085557960406,0.52329241956266248
3FKY,636,5.413255600132393,0.52349409237994504
3FKY,637,5.4174963423958227,0.52369910476702985
3FKY,638,5.4197015947217544,0.52380568270379513
3FKY,639,5.4286742803070229,0.5242391014036849
3FKY,640,5.4291457678031954,0.52426186633688776
3FKY,641,5.4300797510988446,0.52430695913689629
3FKY,642,5.4377912809432623,0.5246791244158211
3FKY,643,5.4388757654887243,0.52473144143253569
3FKY,644,5.442349860803426,0.52489900143091672
3FKY,645,5.4432936699117302,0.524944513295721
3FKY,646,5.4492044761983633,0.5252294513900968
3FKY,647,5.4535958632056802,0.52544104386199941
3FKY,648,5.4572384599266401,0.52561649235329955
3FKY,649,5.4580742166124381,0.52565673896184828
3FKY,650,5.4596649416912086,0.5257333332337959
3FKY,651,5.4653273293900515,0.5260058897487474
3FKY,652,5.467038369127919,0.52608822210452588
3FKY,653,5.4744801137564476,0.52644615656201743
3FKY,654,5.4767978899964316,0.52655758771578764
3FKY,655,5.4817586278785733,0.52679600467007415
3FKY,656,5.4876263991113996,0.52707787513328108
3FKY,657,5.490489000075188,0.52721533136737064
3FKY,658,5.4915000465079977,0.52726387118260565
3FKY,659,5.4952423869541098,0.52744350013963759
3FKY,660,5.4966562705976463,0.52751134935563793
3FKY,661,5.5004950736146343,0.52769552120682328
3FKY,662,5.5081494658503436,0.52806255946494984
3FKY,663,5.5112979340986632,0.52821345866396174
3FKY,664,5.5163180516299999,0.52845397279589901
3FKY,665,5.5167985233183883,0.52847698648379515
3FKY,666,5.5175768677896624,0.52851426558973003
3FKY,667,5.5246221045304615,0.52885158035298963
3FKY,668,5.5277315196203229,0.52900038580399811
3FKY,669,5.5326416215061736,0.52923528046488932
3FKY,670,5.5339308663515032,0.5292969394480237
3FKY,671,5.5422447982562204,0.52969438633208221
3FKY,672,5.544863589120256,0.52981951568360808
3FKY,673,5.5556472196637108,0.53033446097295567
3FKY,674,5.5576723588165784,0.53043111066856674
3FKY,675,5.5633073068025638,0.53069994573853108
3FKY,676,5.5644550741814038,0.5307546873372232
3FKY,677,5.5662497307154304,0.53084027034266035
3FKY,678,5.5702130723284498,0.53102922404198039
3FKY,679,5.5745982354509342,0.53123820991124449
3FKY,680,5.5814244113910032,0.53156336482743949
3FKY,681,5.5894227149996754,0.53194409945675547
3FKY,682,5.5930638229843872,0.53211733296199304
3FKY,683,5.5959787253668436,0.53225597504555688
3FKY,684,5.6030103764585784,0.53259027432747541
3FKY,685,5.6078943963475307,0.5328223473307907
3FKY,686,5.6094039669720477,0.53289405685179103
3FKY,687,5.6175386953986255,0.53328031695774725
3FKY,688,5.6186911120751244,0.53333501436602038
3FKY,689,5.6265545725433288,0.53370808990964902
3FKY,690,5.6310075247764564,0.5339192410297724
3FKY,691,5.635160745429423,0.53411610417339461
3FKY,692,5.6428335221950201,0.53447960397111782
3FKY,693,5.6439364446763198,0.53453183489081246
3FKY,694,5.6509536811589225,0.53486402955206336
3FKY,695,5.6564204994994904,0.53512268479962777
3FKY,696,5.656786501651812,0.53513999724008954
3FKY,697,5.6618269880836545,0.53537836272278971
3FKY,698,5.6662934738062294,0.53558949495993702
3FKY,699,5.6737928587081399,0.53594380626339888
3FKY,700,5.6757380362587311,0.53603566866916441
3FKY,701,5.6782785816589358,0.53615562404630579
3FKY,702,5.6811410418844392,0.53629074693248224
3FKY,703,5.6897475966666775,0.53669681579198003
3FKY,704,5.6914893857915008,0.53677895837643885
3FKY,705,5.6986279343955202,0.53711548030081324
3FKY,706,5.7039734068292614,0.53736733592648833
3FKY,707,5.707935954497982,0.53755395793953598
3FKY,708,5.710586776489941,0.5376787661418323
3FKY,709,5.7146673278940625,0.53787083344854925
3FKY,710,5.717442709069422,0.53800142857304711
3FKY,711,5.7199419136865535,0.53811900113300382
3FKY,712,5.7282461564549028,0.53850948150476363
3FKY,713,5.7332206509088364,0.53874325559793312
3FKY,714,5.7339085679612367,0.53877557596186332
3FKY,715,5.7370755663227282,0.53892434584558169
3FKY,716,5.7431963714199199,0.5392117546040085
3FKY,717,5.7484275458458276,0.53945726847308773
3FKY,718,5.7513693706643831,0.53959528759050923
3FKY,719,5.7576831326002527,0.53989138591747121
3FKY,720,5.763591750188974,0.54016833705180911
3FKY,721,5.7637546238480013,0.54017596932139167
3FKY,722,5.7713884620436877,0.54053357054947271
3FKY,723,5.773815181433914,0.54064719879057166
3FKY,724,5.7765089594506449,0.54077330377172739
3FKY,725,5.7837660061278617,0.54111288476640718
3FKY,726,5.7885937803226364,0.54133867414847936
3FKY,727,5.7905524218540734,0.54143025068457562
3FKY,728,5.7967585746782397,0.54172031791606812
3FKY,729,5.8040355931506209,0.54206023826070304
3FKY,730,5.8070387917063666,0.54220046000546229
3FKY,731,5.8109382957455882,0.54238247687597763
3FKY,732,5.8138527586036908,0.54251847517325336
3FKY,733,5.8157090228490294,0.54260507671946101
3FKY,734,5.8189371816317763,0.54275564927516762
3FKY,735,5.8211916307576539,0.54286077985714376
3FKY,736,5.828253190565337,0.54318994631010076
3FKY,737,5.832101103004768,0.54336922837019064
3FKY,738,5.8351295485165462,0.54351028821325009
3FKY,739,5.8371874637903023,0.5436061215203376
3FKY,740,5.8437480957187562,0.54391152529226849
3FKY,741,5.8461950590125156,0.54402538990612248
3FKY,742,5.8501930435241078,0.54421137697443256
3FKY,743,5.8541097988333579,0.54439352362600602
3FKY,744,5.8550566684419847,0.54443754815394163
3FKY,745,5.8570803749028695,0.54453162808000211
3FKY,746,5.8646162388844845,0.54488181938244828
3FKY,747,5.8700205474756419,0.54513281887623899
3FKY,748,5.8728090983394701,0.54526228606372151
3FKY,749,5.8790213560089271,0.54555059907212267
3FKY,750,5.8829246067245951,0.54573167235870834
3FKY,751,5.8876718707860833,0.5459518188068847
3FKY,752,5.8912718435070204,0.54611870236931359
3FKY,753,5.893408652959466,0.54621773410982644
3FKY,754,5.8995350999341341,0.54650156855599741
3FKY,755,5.9014253414968207,0.54658911250890874
3FKY,756,5.9031287837596853,0.54666799309803582
3FKY,757,5.9069859509485116,0.54684656327599657
3FKY,758,5.9108170932615032,0.54702387091091698
3FKY,759,5.912217037062951,0.54708864684008196
3FKY,760,5.9170602270613761,0.5473126839339485
3FKY,761,5.9198050443755648,0.54743961344746783
3FKY,762,5.9245984246742704,0.54766120480561242
3FKY,763,5.9251790000026574,0.54768803791495624
3FKY,764,5.9288045560383562,0.54785557462659973
3FKY,765,5.9349193457449347,0.54813802265336176
3FKY,766,5.9395846249554989,0.54835341855264486
3FKY,767,5.9430269901536272,0.54851229829104775
3FKY,768,5.9475262208920521,0.54871988749512279
3FKY,769,5.9522473924016319,0.54893763237760684
3FKY,770,5.954849960318235,0.54905762834251803
3FKY,771,5.9550042798783505,0.54906474269328343
3FKY,772,5.9585127098069943,0.54922646142914411
3FKY,773,5.9646892407741001,0.54951104885542457
3FKY,774,5.9680211091654911,0.54966450554088264
3FKY,775,5.9709899796066459,0.5498012074537364
3FKY,776,5.9726272243932312,0.54987658000219219
3FKY,777,5.974036250638477,0.5499414379627825
3FKY,778,5.980019723851262,0.55021677411722925
3FKY,779,5.9835856644086318,0.5503807993205132
3FKY,780,5.9855909722621563,0.55047301747748878
3FKY,781,5.9893638553328037,0.5506464793097503
3FKY,782,5.9940498419672545,0.55086184588296938
3FKY,783,5.9956187871798461,0.55093393533252222
3FKY,784,6.0020620972593015,0.55122989185434434
3FKY,785,6.0045025422818128,0.55134194580406881
3FKY,786,6.007916245228901,0.55149864905973534
3FKY,787,6.009721280551684,0.55158148974374499
3FKY,788,6.0149637566839118,0.55182201857312929
3FKY,789,6.0160297121613802,0.55187091260381704
3FKY,790,6.0178463493733281,0.55195422947652528
3FKY,791,6.0261495489520138,0.55233488113253881
3FKY,792,6.0279853977561482,0.55241900832737922
3FKY,793,6.0297003888668339,0.55249758568375984
3FKY,794,6.0323683621669772,0.55261980450822001
3FKY,795,6.0358351380226871,0.55277857579902512
3FKY,796,6.0378985807665604,0.55287305563873079
3FKY,797,6.0392584281107098,0.55293531079422364
3FKY,798,6.0440130594241364,0.55315292743810629
3FKY,799,6.0445214005925765,0.55317618884492781
3FKY,800,6.048682351007546,0.55336655484385489
3FKY,801,6.0521125376260514,0.55352343872443099
3FKY,802,6.0540949880845885,0.55361408830681169
3FKY,803,6.0617607748979543,0.55396447469960464
3FKY,804,6.0678912875092932,0.55424452765016818
3FKY,805,6.0696923001819467,0.55432677429176291
3FKY,806,6.0726947844454751,0.55446386127731728
3FKY,807,6.0727953291028323,0.55446845134401557
3FKY,808,6.078400791557721,0.55472429194385353
3FKY,809,6.0853867597864415,0.55504297555611726
3FKY,810,6.0898767027274419,0.5552476997481185
3FKY,811,6.0924797579196159,0.5553663545306653
3FKY,812,6.0934470647755941,0.55541044071413037
3FKY,813,6.0951813404573434,0.55548947367223167
3FKY,814,6.1012851283524894,0.55576754099429448
3FKY,815,6.1033114842302432,0.55585982395668432
3FKY,816,6.1077833446731624,0.55606342428186994
3FKY,817,6.1128282883944909,0.55629302718978169
3FKY,818,6.1137985615032076,0.55633717490034751
3FKY,819,6.1156047955745816,0.55641934974977569
3FKY,820,6.1195252962207984,0.55659767168142005
3FKY,821,6.1227241891835726,0.55674312934909076
3FKY,822,6.1311021757565909,0.55712390690732105
3FKY,823,6.1334864571980496,0.55723222438732956
3FKY,824,6.1379603124456183,0.55743541403247732
3FKY,825,6.1398503546222285,0.55752123206452897
3FKY,826,6.14322896269005,0.55767460605283414
3FKY,827,6.1524610058424658,0.55809348537747228
3FKY,828,6.1562337307486077,0.55826457224075066
3FKY,829,6.1587066693464712,0.55837668749300873
3FKY,830,6.1623289345619288,0.5585408689721798
3FKY,831,6.1649771407284168,0.55866087007179599
3FKY,832,6.1711174180311454,0.55893901213623187
3FKY,833,6.1775279863438115,0.55922925022628733
3FKY,834,6.1798988004694868,0.55933655054338061
3FKY,835,6.1860054807826081,0.55961283711564325
3FKY,836,6.1876324601374799,0.55968642407553526
3FKY,837,6.1967734189802472,0.56009968249935216
3FKY,838,6.1992764221550383,0.56021278892185133
3FKY,839,6.2005448771973644,0.56027009951283013
3FKY,840,6.2063109657200322,0.56053054567933824
3FKY,841,6.2088062228727265,0.56064321545251194
3FKY,842,6.2095891342745988,0.56067856203233912
3FKY,843,6.2136622434165014,0.56086241724059249
3FKY,844,6.218940416998727,0.56110057798095392
3FKY,845,6.2227537825061567,0.56127258105075306
3FKY,846,6.2272508678840266,0.5614753558141522
3FKY,847,6.2285912968028416,0.5615357819414929
3FKY,848,6.2327010698142633,0.5617210087395228
3FKY,849,6.2346129620576711,0.56180715659750158
3FKY,850,6.2419348636063097,0.56213695170311428
3FKY,851,6.2452165252620411,0.56228470243408801
3FKY,852,6.2472615224705752,0.56237675500955131
3FKY,853,6.2509055053709748,0.56254074626590889
3FKY,854,6.252660536901069,0.56261971142203737
3FKY,855,6.2573460910414118,0.56283047701681144
3FKY,856,6.2586536122902379,0.56288927785328557
3FKY,857,6.2639189315179404,0.56312600358010079
3FKY,858,6.2650963682632179,0.56317892684592297
3FKY,859,6.2675825131131218,0.56329065741085371
3FKY,860,6.2696395397837481,0.56338308609821819
3FKY,861,6.2727692681518947,0.56352368557159127
3FKY,862,6.2799096419593603,0.56384432747363222
3FKY,863,6.2821816706990363,0.56394631577760901
3FKY,864,6.2852967595973626,0.5640861179417701
3FKY,865,6.2872449709127798,0.56417353416520655
3FKY,866,6.2893756081439829,0.56426912033380772
3FKY,867,6.2916104398768908,0.56436936355437262
3FKY,868,6.2933817789859887,0.5644488041985436
3FKY,869,6.2988258677941715,0.56469288959316633
3FKY,870,6.3009418774804038,0.56478773229191637
3FKY,871,6.3031446857879976,0.5648864485168833
3FKY,872,6.3067828375510153,0.56504945018203512
3FKY,873,6.3093555439874551,0.56516468786926599
3FKY,874,6.3118766321382198,0.56527759065966643
3FKY,875,6.31354220505645,0.56535216823762402
3FKY,876,6.3189422072967965,0.56559389074175859
3FKY,877,6.3209555731318545,0.56568398942324694
3FKY,878,6.3218198184436556,0.56572266023972395
3FKY,879,6.3243622564176967,0.56583640677420699
3FKY,880,6.3274974993394428,0.56597664342626308
3FKY,881,6.3287798913124416,0.56603399367678653
3FKY,882,6.3323126759454471,0.5661919543933297
3FKY,883,6.3370423087412986,0.56640336058327578
3FKY,884,6.3393708363195911,0.56650741265113147
3FKY,885,6.3418040339013881,0.56661612156402485
3FKY,886,6.3451486645141451,0.56676551689479893
3FKY,887,6.3480928069507119,0.56689699095327695
3FKY,888,6.3486022871016274,0.56691973927930916
3FKY,889,6.3558493601087287,0.56724322283787965
3FKY,890,6.3568645603251053,0.56728852303431843
3FKY,891,6.3591196694455787,0.56738913742305863
3FKY,892,6.3616203778994436,0.56750068866139658
3FKY,893,6.3656133399236428,0.56767876068568435
3FKY,894,6.3678085058636364,0.56777663355350105
3FKY,895,6.371305097409425,0.56793249647854471
3FKY,896,6.3739657440991104,0.56805106794637539
3FKY,897,6.3795426795145058,0.56829952327133082
3FKY,898,6.3820359631168806,0.56841056520159094
3FKY,899,6.3840206442382188,0.5684989402932602
3FKY,900,6.388928229540431,0.56871740928204784
3FKY,901,6.3901948892004601,0.56877378303309067
3FKY,902,6.3917872417012109,0.56884464409109436
3FKY,903,6.394985193215116,0.56898692902958259
3FKY,904,6.3989041041164265,0.56916124276947566
3FKY,905,6.4001168935911066,0.56921517700958202
3FKY,906,6.4011304959627546,0.56926024923413931
3FKY,907,6.4023231169677635,0.56931327737590398
3FKY,908,6.406368107178416,0.5694930951520899
3FKY,909,6.4120001438856367,0.56974336967112693
3FKY,910,6.4141950678017317,0.56984087718192233
3FKY,911,6.4184810988693473,0.57003123215334506
3FKY,912,6.4223040295556011,0.57020096588505731
3FKY,913,6.4252374501324718,0.5703311721385711
3FKY,914,6.4257499919723173,0.57035391937252311
3FKY,915,6.4271749444880424,0.57041715574192464
3FKY,916,6.4302295206263675,0.57055268773506795
3FKY,917,6.4363514239132122,0.57082422061051896
3FKY,918,6.4371825199561687,0.57086107335566427
3FKY,919,6.4431804202884209,0.57112696379798189
3FKY,920,6.4452498630451638,0.57121867469180443
3FKY,921,6.4472614599131681,0.57130780793553326
3FKY,922,6.450554083842265,0.57145367309565409
3FKY,923,6.4528449765901712,0.57155513901974275
3FKY,924,6.4611414546331378,0.57192244766296996
3FKY,925,6.4622321827309435,0.57197071974949376
3FKY,926,6.4644642092625304,0.57206948930520296
3FKY,927,6.4647392947019995,0.57208166094910673
3FKY,928,6.4702463330448756,0.57232527518046661
3FKY,929,6.4723366531715225,0.57241771728940083
3FKY,930,6.4740443248441331,0.57249322611296827
3FKY,931,6.4766520303466999,0.57260851289192494
3FKY,932,6.4798147260537542,0.57274830467358984
3FKY,933,6.4860606013354589,0.57302427343229334
3FKY,934,6.4879753567137604,0.5731088486785334
3FKY,935,6.4928291179746287,0.57332318468510024
3FKY,936,6.495743749701929,0.57345185266826026
3FKY,937,6.4977978135626877,0.57354251308129811
3FKY,938,6.5049525653492521,0.57385819121173653
3FKY,939,6.5071065848422043,0.57395319570295678
3FKY,940,6.5097222693144117,0.57406854110292627
3FKY,941,6.5108056774448251,0.57411631001099794
3FKY,942,6.5133079885023903,0.57422662505141087
3FKY,943,6.518256150609318,0.57444470371359224
3FKY,944,6.5201120770555869,0.57452647798072731
3FKY,945,6.5256500561632294,0.57477041859621081
3FKY,946,6.5302751439066915,0.57497406825027886
3FKY,947,6.5321141782279168,0.57505502369146233
3FKY,948,6.5328274412375968,0.57508641890819623
3FKY,949,6.5415618992150417,0.57547073874156407
3FKY,950,6.5441982462625221,0.57558668870730512
3FKY,951,6.5480717664464496,0.57575700879481406
3FKY,952,6.5513633193968461,0.57590169998400365
3FKY,953,6.556807626235992,0.57614094289348772
3FKY,954,6.5600664200670353,0.57628409878799691
3FKY,955,6.5679126913690764,0.57662863265758801
3FKY,956,6.5722394909424864,0.57681853665512817
3FKY,957,6.5758476399459784,0.57697685115805564
3FKY,958,6.5828752375375359,0.57728507593764955
3FKY,959,6.5845790617726223,0.57735977951554529
3FKY,960,6.5891690555685267,0.57756097811240392
3FKY,961,6.593489685495447,0.57775030534670169
3FKY,962,6.6003833314306073,0.57805225209636069
3FKY,963,6.605773754242283,0.57828824673212542
3FKY,964,6.6138755881855209,0.57864276687079741
3FKY,965,6.6149561658710958,0.57869003438561506
3FKY,966,6.6196186481292489,0.57889394025291308
3FKY,967,6.6230609042359658,0.57904443549432871
3FKY,968,6.6278041556305798,0.57925174611631347
3FKY,969,6.6295300535546184,0.57932716055886979
3FKY,970,6.6352942215438304,0.57957895921578828
3FKY,971,6.6383172408866917,0.57971097136408312
3FKY,972,6.6425279416592549,0.57989479825783896
3FKY,973,6.6500500949863977,0.58022304854140916
3FKY,974,6.6570730028101313,0.5805293453110385
3FKY,975,6.6584895845514591,0.58059110845578543
3FKY,976,6.6657943750434159,0.58090949401483616
3FKY,977,6.6711510731868531,0.58114285944170774
3FKY,978,6.6743381131591715,0.5812816589044274
3FKY,979,6.677212049900036,0.58140679392847605
3FKY,980,6.6807177229417816,0.58155939913643184
3FKY,981,6.6876727971351437,0.58186204151410903
3FKY,982,6.6941394595691452,0.58214329004179721
3FKY,983,6.6971259398320608,0.58227313239063172
3FKY,984,6.7011559941048269,0.58244830002460901
3FKY,985,6.7053705462193793,0.58263143058228162
3FKY,986,6.7138075478562884,0.58299786201170978
3FKY,987,6.7212044837807285,0.58331893248153655
3FKY,988,6.7254954652000354,0.58350510531250011
3FKY,989,6.7363172279703694,0.58397436558979199
3FKY,990,6.7431207919363905,0.58426919317364301
3FKY,991,6.7462896702338666,0.58440646347862157
3FKY,992,6.74698764782657,0.58443669432302081
3FKY,993,6.7549827122304409,0.58478286552075553
3FKY,994,6.7594445572595987,0.58497596592617995
3FKY,995,6.7609229006850882,0.58503993183985536
3FKY,996,6.7635035278517073,0.58515157531830397
3FKY,997,6.7656826168459867,0.5852458308077283
3FKY,998,6.7698654743048374,0.58542671585492445
3FKY,999,6.7715656764698284,0.58550022405741664
3FKY,1000,6.7734031346204153,0.58557965614437002
3FKY,1001,6.777381430477881,0.58575159830592249
3FKY,1002,6.7821518627535911,0.58595771012241193
3FKY,1003,6.784914091017523,0.58607702212061019
3FKY,1004,6.7862368604143422,0.58613414937066766
3FKY,1005,6.7946090642292631,0.58649559578619725
3FKY,1006,6.796317782204957,0.58656933752466633
3FKY,1007,6.7992275648303346,0.58669489129319663
3FKY,1008,6.8037669336529865,0.58689070619339545
3FKY,1009,6.8101977161856739,0.58716799928291374
3FKY,1010,6.8128583427413547,0.58728268627746982
3FKY,1011,6.8158799989538803,0.58741290839326998
3FKY,1012,6.8280020285117677,0.58793503271484704
3FKY,1013,6.8290647157192481,0.58798078304761547
3FKY,1014,6.8352785212117171,0.58824822578257152
3FKY,1015,6.8416146649873513,0.58852080882071167
3FKY,1016,6.8430074323252024,0.58858070921621564
3FKY,1017,6.8440407666971632,0.58862514711320646
3FKY,1018,6.8488933663413034,0.58883378526629093
3FKY,1019,6.8532953557868499,0.58902298544853859
3FKY,1020,6.8564751595459983,0.58915961755030044
3FKY,1021,6.8593516703771389,0.58928319025137876
3FKY,1022,6.8633923935733936,0.58945673286904865
3FKY,1023,6.8671336081939227,0.58961736653088614
3FKY,1024,6.8702508597917955,0.5897511761556391
3FKY,1025,6.871038947099402,0.58978500040006721
3FKY,1026,6.8793872984088402,0.59014318769426422
3FKY,1027,6.883680390599582,0.5903272988555619
3FKY,1028,6.8877355156992852,0.59050115197370812
3FKY,1029,6.8897931680334663,0.59058934898260251
3FKY,1030,6.8962928793551264,0.59086785918456697
3FKY,1031,6.898824358394724,0.59097629660057682
3FKY,1032,6.9008490225913963,0.59106300998175276
3FKY,1033,6.9036403736869874,0.59118253857662584
3FKY,1034,6.907670698925239,0.59135507872435689
3FKY,1035,6.9132354336121891,0.59159322496679856
3FKY,1036,6.918541269374872,0.59182020222539122
3FKY,1037,6.919474292930774,0.5918601068492626
3FKY,1038,6.9252362999594617,0.59210648340095695
3FKY,1039,6.927828520200447,0.59221729021968583
3FKY,1040,6.9314641947331435,0.59237266552261292
3FKY,1041,6.9333080910457436,0.59245145126768894
3FKY,1042,6.9381624318083688,0.59265881678272425
3FKY,1043,6.9405512728560383,0.59276083557227111
3FKY,1044,6.9457131715937219,0.59298122171948431
3FKY,1045,6.9507175019450482,0.59319480235076916
3FKY,1046,6.9542590580426538,0.59334590654474839
3FKY,1047,6.9593744035121983,0.59356409020240186
3FKY,1048,6.9624068637614167,0.59369339517795017
3FKY,1049,6.9664333272425489,0.59386504122709061
3FKY,1050,6.973376196165364,0.59416089565947672
3FKY,1051,6.9749481584120998,0.59422786077363665
3FKY,1052,6.9874508455189277,0.59476020298469512
3FKY,1053,6.9895601775730274,0.59484996763018694
3FKY,1054,6.9901484676408812,0.59487500046171016
3FKY,1055,6.9978426100602391,0.59520230353578074
3FKY,1056,6.999411400733365,0.59526901663208254
3FKY,1057,7.0067413760873114,0.59558062608216211
3FKY,1058,7.0073103679901205,0.5956048080560632
3FKY,1059,7.0131703553444931,0.595853798544001
3FKY,1060,7.018380795734096,0.59607510246951156
3FKY,1061,7.0226388972375267,0.59625589655168176
3FKY,1062,7.0294308384764275,0.59654416114640596
3FKY,1063,7.0338884417891032,0.59673327573177393
3FKY,1064,7.036684760610675,0.59685187945244456
3FKY,1065,7.0394535784342374,0.59696929352206485
3FKY,1066,7.0460093094845426,0.59724720283368005
3FKY,1067,7.0486768286670296,0.59736024679523858
3FKY,1068,7.052186812974985,0.59750896010592058
3FKY,1069,7.055340885596407,0.59764256235087387
3FKY,1070,7.0590431851707924,0.59779934865243145
3FKY,1071,7.0664644501736458,0.5981135032667636
3FKY,1072,7.0733012715302621,0.59840277144346476
3FKY,1073,7.0735044795336401,0.59841136710158715
3FKY,1074,7.0800117947035428,0.59868655998516196
3FKY,1075,7.0808716907135176,0.59872291533093325
3FKY,1076,7.0845386918101187,0.5988779268539518
3FKY,1077,7.0853811526655823,0.5989135337039021
3FKY,1078,7.0935217926757259,0.5992574911957369
3FKY,1079,7.0945079031347698,0.59929914282952035
3FKY,1080,7.0980126761071611,0.59944715507534529
3FKY,1081,7.1029083423045858,0.59965384583872183
3FKY,1082,7.107879194577726,0.59986363802575782
3FKY,1083,7.1121972095024102,0.60004581802647339
3FKY,1084,7.1175076341735553,0.60026979265996416
3FKY,1085,7.120502795690288,0.60039608095974517
3FKY,1086,7.121475189858617,0.6004370753764231
3FKY,1087,7.1234835035895872,0.60052173346950799
3FKY,1088,7.1325362822456473,0.60090319460682351
3FKY,1089,7.135543597576909,0.60102986167688133
3FKY,1090,7.1368854114412645,0.60108636979573415
3FKY,1091,7.1395186921049874,0.60119725031624605
3FKY,1092,7.1427938972669009,0.60133513205960032
3FKY,1093,7.1488280233161667,0.60158907792643723
3FKY,1094,7.1514661643781396,0.60170007027724648
3FKY,1095,7.1537898688908212,0.60179781663993914
3FKY,1096,7.1567523465515244,0.60192240990361123
3FKY,1097,7.1582744691973827,0.60198641596228519
3FKY,1098,7.1629898668470799,0.60218465773310215
3FKY,1099,7.1659265184627623,0.60230808561497617
3FKY,1100,7.1722452342515597,0.60257357640705189
3FKY,1101,7.175234660683393,0.6026991411119621
3FKY,1102,7.1797632545737882,0.60288930556346587
3FKY,1103,7.1822176776972881,0.6029923464965582
3FKY,1104,7.18766427413125,0.60322094117984215
3FKY,1105,7.1948680113312307,0.60352315040406157
3FKY,1106,7.1957245411963546,0.60355907324641012
3FKY,1107,7.1995559788586139,0.60371973748562946
3FKY,1108,7.2015445855191844,0.60380310916879909
3FKY,1109,7.2069120158335407,0.60402807948105608
3FKY,1110,7.2134040940910991,0.60430007633903371
3FKY,1111,7.2176149012374387,0.60447642995831141
3FKY,1112,7.2196759789495761,0.60456273159559082
3FKY,1113,7.2246019827643586,0.60476894379378121
3FKY,1114,7.2260947537205551,0.6048314202379893
3FKY,1115,7.2282443660199851,0.60492137590744943
3FKY,1116,7.2341240963759974,0.60516735898347562
3FKY,1117,7.2350687882281122,0.6052068715770238
3FKY,1118,7.2388243965365451,0.60536392779439929
3FKY,1119,7.2408439428684623,0.60544836659100498
3FKY,1120,7.2486514149604009,0.60577469234226877
3FKY,1121,7.249682152678937,0.60581776053477598
3FKY,1122,7.2556584569342197,0.60606741323246782
3FKY,1123,7.258916557467523,0.60620347303672995
3FKY,1124,7.264178185678734,0.60642313663809522
3FKY,1125,7.2733406700132974,0.60680546423003079
3FKY,1126,7.2763951153669204,0.60693286508101563
3FKY,1127,7.2787976772469998,0.60703305709872957
3FKY,1128,7.2840861897065192,0.60725354124442332
3FKY,1129,7.2857928233156084,0.60732467567220805
3FKY,1130,7.2859922174845497,0.60733298610412667
3FKY,1131,7.2901925584811371,0.60750802321706632
3FKY,1132,7.2966489557366145,0.60777697668155062
3FKY,1133,7.2989312149004206,0.6078720200456128
3FKY,1134,7.3021374919102335,0.60800551850123497
3FKY,1135,7.3059082079684892,0.60816248077993496
3FKY,1136,7.3109787862140774,0.60837348812393821
3FKY,1137,7.3150013449772144,0.60854083107830281
3FKY,1138,7.3169398475805858,0.60862145853047867
3FKY,1139,7.3191996310830971,0.60871543542412476
3FKY,1140,7.3234070230170421,0.6088903682439375
3FKY,1141,7.3280650353110444,0.60908397812832149
3FKY,1142,7.3305961344683181,0.60918915724712197
3FKY,1143,7.3378156340569127,0.60948906181664264
3FKY,1144,7.3385872535897976,0.60952110686421968
3FKY,1145,7.3428134293906417,0.60969658836416429
3FKY,1146,7.3454926885388359,0.60980781182047727
3FKY,1147,7.3488198534501539,0.6099459034053053
3FKY,1148,7.3510716489400156,0.61003934481932254
3FKY,1149,7.3612010635046525,0.61045950221118106
3FKY,1150,7.3627534048893422,0.61052386613671628
3FKY,1151,7.3663853530743379,0.61067442921690152
3FKY,1152,7.3681044344381394,0.61074568110911009
3FKY,1153,7.3720307215111651,0.61090838533818048
3FKY,1154,7.3776103532175163,0.61113952918432368
3FKY,1155,7.3825005657536966,0.61134204103863243
3FKY,1156,7.3867863176923372,0.6115194660296388
3FKY,1157,7.3903587603792369,0.61166732154349956
3FKY,1158,7.3946965753222882,0.61184680609257969
3FKY,1159,7.3960021474719078,0.61190081607705449
3FKY,1160,7.3984873314818635,0.61200361204511633
3FKY,1161,7.4006034186802268,0.61209112726021975
3FKY,1162,7.4068770105867205,0.61235051127679541
3FKY,1163,7.4094757758368885,0.61245792602573323
3FKY,1164,7.4130406849471662,0.61260524375445091
3FKY,1165,7.4139104906746569,0.61264118257786471
3FKY,1166,7.418176966752438,0.61281743524629118
3FKY,1167,7.4218159789681524,0.61296772666696142
3FKY,1168,7.4250938800406052,0.61310307263710206
3FKY,1169,7.429251382182767,0.61327469475187268
3FKY,1170,7.4324441189141197,0.61340645865529275
3FKY,1171,7.4371202074643668,0.61359938926215007
3FKY,1172,7.4395542391911986,0.6136997909068036
3FKY,1173,7.4474950128708768,0.6140272266166934
3FKY,1174,7.4510572013026994,0.61417405579847573
3FKY,1175,7.4530936143539375,0.6142579785616693
3FKY,1176,7.4583988952990925,0.61447656104567294
3FKY,1177,7.4607584591683125,0.61457375228315425
3FKY,1178,7.4620731834163028,0.61462789955423469
3FKY,1179,7.4639200127076926,0.61470395365844765
3FKY,1180,7.4692319986157472,0.61492265361582044
3FKY,1181,7.4722485295527319,0.6150468126968931
3FKY,1182,7.476781913087434,0.61523335763761333
3FKY,1183,7.4808122319570751,0.61539915440535586
3FKY,1184,7.4842257558918819,0.61553954291501578
3FKY,1185,7.4871006086526366,0.615657752580961
3FKY,1186,7.4903634219824609,0.61579188711598176
3FKY,1187,7.4956134511534351,0.6160076549562048
3FKY,1188,7.4971180396330306,0.61606947721537231
3FKY,1189,7.5027967805544176,0.6163027559694727
3FKY,1190,7.50598713382319,0.61643377474778183
3FKY,1191,7.5092532495309783,0.61656787603434693
3FKY,1192,7.5106059381269628,0.61662340664110171
3FKY,1193,7.5143901175647079,0.61677872831487424
3FKY,1194,7.5181316926784083,0.6169322628472631
3FKY,1195,7.5233386557397477,0.61714586561592122
3FKY,1196,7.5245707749580086,0.6171963994404448
3FKY,1197,7.5272974612269508,0.61730821635113065
3FKY,1198,7.5298467407192327,0.61741273978507372
3FKY,1199,7.5320068681631112,0.61750129368346873
3FKY,1200,7.5374706803753293,0.61772522467032309
3FKY,1201,7.5391144389048064,0.61779257722115422
3FKY,1202,7.5419114225575798,0.61790716597801121
3FKY,1203,7.5433634231224644,0.61796664416097313
3FKY,1204,7.5473809865209551,0.61813118546359025
3FKY,1205,7.5512972242236298,0.61829153477653342
3FKY,1206,7.5536688742523568,0.61838862114290682
3FKY,1207,7.5607662241119655,0.61867906873892886
3FKY,1208,7.5616861275082261,0.61871670432040538
3FKY,1209,7.5638665797389795,0.61880590300940552
3FKY,1210,7.5690879204334767,0.61901944716781299
3FKY,1211,7.5738703422909452,0.61921497565746841
3FKY,1212,7.577232877091892,0.61935241535233965
3FKY,1213,7.578923365293206,0.61942150056965939
3FKY,1214,7.5834743314876247,0.61960744672055146
3FKY,1215,7.5843433660862249,0.61964294792090968
3FKY,1216,7.585938739414634,0.61970811571486284
3FKY,1217,7.5946848850814579,0.62006525649099942
3FKY,1218,7.5973215159154384,0.62017288052866282
3FKY,1219,7.6025913341810352,0.62038793209806631
3FKY,1220,7.6057678746577198,0.62051752485691092
3FKY,1221,7.6103117506757894,0.62070285352812893
3FKY,1222,7.6132131317304692,0.62082116168334256
3FKY,1223,7.617286285163881,0.62098721257882727
3FKY,1224,7.6220921061429081,0.62118307516664095
3FKY,1225,7.6245398474908299,0.62128280982111783
3FKY,1226,7.62674798055113,0.62137276776135031
3FKY,1227,7.6301633064011201,0.62151188032615823
3FKY,1228,7.6322674793087639,0.62159757169732111
3FKY,1229,7.6353489402197701,0.62172304131230793
3FKY,1230,7.6372823217247561,0.62180175099248136
3FKY,1231,7.6388037400802116,0.62186368228218702
3FKY,1232,7.6408730794325432,0.62194790750212547
3FKY,1233,7.6467453212833014,0.62218685448180855
3FKY,1234,7.6491218638556759,0.62228353212799514
3FKY,1235,7.6515461931605353,0.6223821382629422
3FKY,1236,7.6526866487599845,0.62242851926423981
3FKY,1237,7.6532397256553777,0.62245101101315881
3FKY,1238,7.6580876794086317,0.62264812596687535
3FKY,1239,7.6613838105254128,0.62278210909422327
3FKY,1240,7.6661542991896239,0.62297597176494268
3FKY,1241,7.6670383007449789,0.62301188911225003
3FKY,1242,7.6691717074919854,0.62309856177958056
3FKY,1243,7.6716321434887842,0.62319850550536449
3FKY,1244,7.6724912192307215,0.62323339767181551
3FKY,1245,7.6743908275729469,0.62331054511044526
3FKY,1246,7.6773463687161572,0.62343055741297715
3FKY,1247,7.6797731564486273,0.62352908195625634
3FKY,1248,7.6813613058395411,0.62359355040613329
3FKY,1249,7.683882451309354,0.62369587869212029
3FKY,1250,7.6902143119225297,0.62395280233450201
3FKY,1251,7.6913745623479697,0.62399986956638542
3FKY,1252,7.69340075856244,0.62408205662574812
3FKY,1253,7.6975561208595868,0.62425057358284952
3FKY,1254,7.6987564059217304,0.62429924158995076
3FKY,1255,7.7003994302946372,0.62436585521524635
3FKY,1256,7.7014537881466545,0.62440859861546139
3FKY,1257,7.7034707848707704,0.62449035900010719
3FKY,1258,7.7083948856089144,0.6246899159454643
3FKY,1259,7.7105433630190943,0.62477696640708646
3FKY,1260,7.7148649262882447,0.6249520276735987
3FKY,1261,7.7202100979520987,0.62516848625696497
3FKY,1262,7.7236970153666453,0.62530965241465486
3FKY,1263,7.7267808640231603,0.62543447397882745
3FKY,1264,7.7305359997147125,0.6255864328656412
3FKY,1265,7.7342989152991493,0.62573866956343638
3FKY,1266,7.7373932782988488,0.62586383080817132
3FKY,1267,7.7425717832255456,0.62607323575265006
3FKY,1268,7.7442716716533697,0.62614195944486251
3FKY,1269,7.7477947183462454,0.6262843664153519
3FKY,1270,7.7498952083481205,0.6263692560483981
3FKY,1271,7.7574934029184828,0.62667623500715919
3FKY,1272,7.7581744857063182,0.62670374447491728
3FKY,1273,7.7646203522624901,0.62696403830944614
3FKY,1274,7.7658717650355831,0.62701455972323838
3FKY,1275,7.7688875568456002,0.62713629504702451
3FKY,1276,7.7736252390227376,0.62732748841855002
3FKY,1277,7.7758294235586138,0.62741642038414558
3FKY,1278,7.7783814722485225,0.62751937183849671
3FKY,1279,7.7839241273549939,0.62774290832103119
3FKY,1280,7.7895836114771413,0.62797107443817046
3FKY,1281,7.7907126289490423,0.62801658166050467
3FKY,1282,7.7931392622826019,0.6281143806290832
3FKY,1283,7.7967903338699207,0.62826149862311698
3FKY,1284,7.798957956684788,0.62834882553973737
3FKY,1285,7.8044004985326074,0.62856803548877127
3FKY,1286,7.8071182977429032,0.62867747201823165
3FKY,1287,7.8112146212949209,0.62884238104874535
3FKY,1288,7.8128390348598087,0.62890776441365215
3FKY,1289,7.8154835645069314,0.6290141933638409
3FKY,1290,7.8188353943725843,0.62914906170168616
3FKY,1291,7.8233693083367477,0.62933144783535799
3FKY,1292,7.8242389231288314,0.62936642386085162
3FKY,1293,7.8272873848162305,0.6294890180585534
3FKY,1294,7.8301231094810699,0.62960303558470809
3FKY,1295,7.8366456028145253,0.62986521069391144
3FKY,1296,7.8408203272126133,0.63003295871338238
3FKY,1297,7.8436618740015671,0.63014711169006354
3FKY,1298,7.8468559536134244,0.6302754022264232
3FKY,1299,7.8496825664748862,0.63038891164723954
3FKY,1300,7.8499194014345832,0.63039842139525204
3FKY,1301,7.856019030381499,0.63064329332282876
3FKY,1302,7.8588481459759896,0.63075683697446716
3FKY,1303,7.8639338817394568,0.63096089638190733
3FKY,1304,7.8669507761517581,0.63108191468515618
3FKY,1305,7.8688337698724755,0.63115743646082001
3FKY,1306,7.8720216557236453,0.63128527332815987
3FKY,1307,7.877393360598389,0.63150062460799938
3FKY,1308,7.8801972044997139,0.63161300135272547
3FKY,1309,7.881575500329804,0.63166823547190998
3FKY,1310,7.8851589350862969,0.63181181619905125
3FKY,1311,7.8878004993812887,0.63191763726072547
3FKY,1312,7.8911923351023257,0.63205348821484664
3FKY,1313,7.8943542605838557,0.63218010443390082
3FKY,1314,7.8994363190359493,0.63238355738522722
3FKY,1315,7.9007046834150572,0.63243432433564772
3FKY,1316,7.9021747085946785,0.63249315776742254
3FKY,1317,7.9057010688685994,0.6326342676550748
3FKY,1318,7.9100697161906552,0.63280903863815974
3FKY,1319,7.9134645467879201,0.63294481803798541
3FKY,1320,7.9160044770636082,0.63304638586074025
3FKY,1321,7.9183001684637473,0.63313817293579544
3FKY,1322,7.9200087207732146,0.63320647619014758
3FKY,1323,7.9219284586254721,0.63328321327658332
3FKY,1324,7.9237314298511068,0.63335527442045692
3FKY,1325,7.928212110443928,0.63353432274125754
3FKY,1326,7.9318980295692878,0.63368157441016471
3FKY,1327,7.933957662313297,0.63376384139094799
3FKY,1328,7.9411351603312736,0.63405044554181234
3FKY,1329,7.9428052799632392,0.63411711638950341
3FKY,1330,7.9446631016688194,0.63419127203232939
3FKY,1331,7.9493172871226854,0.63437700751255632
3FKY,1332,7.9498511340229738,0.63439830836778965
3FKY,1333,7.953126471126498,0.63452898089904375
3FKY,1334,7.9548970418732088,0.63459960821358152
3FKY,1335,7.9566766058706326,0.63467058634554729
3FKY,1336,7.9591622078711977,0.63476971160687823
3FKY,1337,7.9611745071944355,0.63484995032426239
3FKY,1338,7.9672853180148984,0.6350935515532371
3FKY,1339,7.9681658606280044,0.63512864578311434
3FKY,1340,7.9740972969131141,0.63536499404375946
3FKY,1341,7.9758694381358319,0.63543559099693692
3FKY,1342,7.9786154363290995,0.63554496808971805
3FKY,1343,7.981340348013612,0.635653486671936
3FKY,1344,7.9846983601138799,0.63578719276245665
3FKY,1345,7.9882990068518387,0.63593052861289356
3FKY,1346,7.9920515775894136,0.63607987793630461
3FKY,1347,7.9940858538646067,0.63616082585451272
3FKY,1348,7.9958062997533705,0.63622927779615301
3FKY,1349,7.9973601606854512,0.63629109543879436
3FKY,1350,8.0035601894427337,0.63653769298489971
3FKY,1351,8.0069544469481766,0.63667265441257281
3FKY,1352,8.0088682128218203,0.63674873637417184
3FKY,1353,8.0109376315838681,0.63683099610409455
3FKY,1354,8.0146746877483981,0.63697951777687689
3FKY,1355,8.0172021470851487,0.63707994686395963
3FKY,1356,8.0214134987139509,0.63724725058048992
3FKY,1357,8.0270186598760027,0.63746985784131216
3FKY,1358,8.0281833906184943,0.63751610501230582
3FKY,1359,8.0293666205221026,0.63756308328190658
3FKY,1360,8.0298143000308198,0.63758085678528664
3FKY,1361,8.0348068041871237,0.63777903262961944
3FKY,1362,8.0379861925449081,0.6379052053382116
3FKY,1363,8.0391776623912232,0.63795248189701059
3FKY,1364,8.0443499783370847,0.6381576746019082
3FKY,1365,8.0482581018281802,0.63831267134927827
3FKY,1366,8.0501300608379722,0.63838690018665201
3FKY,1367,8.0562649551260215,0.63863010683278543
3FKY,1368,8.0580104668178834,0.63869928752320948
3FKY,1369,8.0613495404087647,0.63883160573283604
3FKY,1370,8.062552684956259,0.63887927629240771
3FKY,1371,8.0642082742116852,0.63894486763880232
3FKY,1372,8.065537333402462,0.63899751760355039
3FKY,1373,8.0728721819253906,0.63928800568286359
3FKY,1374,8.0749734551890704,0.63937119982757018
3FKY,1375,8.0776370422632553,0.63947664168801144
3FKY,1376,8.0822059144912792,0.63965746647805266
3FKY,1377,8.0839585091141721,0.63972681632389383
3FKY,1378,8.0864154613700592,0.63982402481608902
3FKY,1379,8.0881197854117541,0.6398914471505851
3FKY,1380,8.0918567561811106,0.64003925526616634
3FKY,1381,8.0936787962742383,0.6401113098996013
3FKY,1382,8.1001841498386948,0.64036850530423806
3FKY,1383,8.1025048515006901,0.64046023147984954
3FKY,1384,8.1055400419652113,0.64058017813891877
3FKY,1385,8.1064821796647646,0.64061740559051994
3FKY,1386,8.1090204613152057,0.64071769200957951
3FKY,1387,8.1135246148254208,0.64089561055255861
3FKY,1388,8.1155644961609053,0.64097617164614307
3FKY,1389,8.1182438476233774,0.64108197197077188
3FKY,1390,8.119677849301949,0.64113858963636805
3FKY,1391,8.1214069893477454,0.64120685339111094
3FKY,1392,8.1238160541531101,0.64130194740192492
3FKY,1393,8.1282505663622917,0.64147695587767695
3FKY,1394,8.1335439687584579,0.64168579804947923
3FKY,1395,8.1355750265021261,0.64176591193103283
3FKY,1396,8.137442175057048,0.6418395516889428
3FKY,1397,8.1411068311047483,0.64198406002382791
3FKY,1398,8.1430068270058626,0.64205896973500176
3FKY,1399,8.144483966484195,0.64211720176558296
3FKY,1400,8.1492581886415714,0.64230537581432368
3FKY,1401,8.1529068090208821,0.64244914756475646
3FKY,1402,8.1573816214010524,0.64262543101205405
3FKY,1403,8.158045963810503,0.64265159839364494
3FKY,1404,8.1623038177887786,0.64281928313917047
3FKY,1405,8.1667907166005271,0.64299594091090628
3FKY,1406,8.168615791859855,0.64306778372338413
3FKY,1407,8.1732409869071176,0.64324981536116499
3FKY,1408,8.1746861805034268,0.64330668260790358
3FKY,1409,8.1793251474100472,0.64348918839995561
3FKY,1410,8.1813367429041719,0.64356831230998601
3FKY,1411,8.1856984582464882,0.64373984221013414
3FKY,1412,8.1899024019353028,0.64390512429858382
3FKY,1413,8.1932863807207603,0.64403813786451225
3FKY,1414,8.1955711879946982,0.6441279309207385
3FKY,1415,8.1990661272462706,0.64426525802020596
3FKY,1416,8.1998960682173259,0.64429786469730144
3FKY,1417,8.2033092965910495,0.64443194608889609
3FKY,1418,8.2080760122455558,0.64461914966895861
3FKY,1419,8.2107028373179389,0.64472228993514769
3FKY,1420,8.2166528059198409,0.64495584988407695
3FKY,1421,8.2187865527827295,0.6450395873391227
3FKY,1422,8.2221237690096522,0.6451705323448319
3FKY,1423,8.2251059161246136,0.64528752273990897
3FKY,1424,8.2279691805938313,0.64539982938296681
3FKY,1425,8.2297423942939592,0.64546937085436651
3FKY,1426,8.2357776520235699,0.64570600402481415
3FKY,1427,8.238547049086149,0.64581455880150795
3FKY,1428,8.2450088186205956,0.64606777619895861
3FKY,1429,8.2471785015476993,0.64615277732193666
3FKY,1430,8.2506161803653235,0.64628743151247692
3FKY,1431,8.2513694041460646,0.64631693160932624
3FKY,1432,8.2522996701069982,0.6463533637254214
3FKY,1433,8.2572926874985431,0.64654887077823731
3FKY,1434,8.2610550002563681,0.64669614919835317
3FKY,1435,8.263521885201385,0.64679269896800795
3FKY,1436,8.2657763842537264,0.64688092370454475
3FKY,1437,8.2682559669356337,0.64697794268901976
3FKY,1438,8.2701025184983106,0.64705018352441335
3FKY,1439,8.2747143636424791,0.6472305730258735
3FKY,1440,8.2828920664358456,0.64755031531404161
3FKY,1441,8.2854190642849126,0.64764908718334779
3FKY,1442,8.28713986267433,0.64771633879954571
3FKY,1443,8.2923212024118662,0.64791879188066515
3FKY,1444,8.2948627352667614,0.64801807534426059
3FKY,1445,8.296425381820189,0.64807911164814369
3FKY,1446,8.2997859283005972,0.64821035368174873
3FKY,1447,8.3012578297459871,0.64826782862555399
3FKY,1448,8.3044791023616202,0.64839359540101649
3FKY,1449,8.3077930401743743,0.64852295461211529
3FKY,1450,8.3126330117337659,0.64871183604048865
3FKY,1451,8.3159834555822947,0.64884255597090246
3FKY,1452,8.3183079588208813,0.64893323263283964
3FKY,1453,8.321693607659002,0.64906528091382065
3FKY,1454,8.3236582666790024,0.64914189492793062
3FKY,1455,8.3280094691906381,0.64931154261862312
3FKY,1456,8.3324903997782851,0.64948620192331696
3FKY,1457,8.3345969987330442,0.6495682974567496
3FKY,1458,8.3368493085466628,0.64965605996186537
3FKY,1459,8.3470922093667159,0.6500550308236912
3FKY,1460,8.3491897630105729,0.65013670235759669
3FKY,1461,8.3516814702599547,0.65023370754822474
3FKY,1462,8.3578247038943498,0.65047280929693863
3FKY,1463,8.3579788760582314,0.65047880872511754
3FKY,1464,8.3606691219496803,0.65058348756996798
3FKY,1465,8.3632209350752955,0.6506827643623172
3FKY,1466,8.3661443505456727,0.65079647951289255
3FKY,1467,8.3686847012618717,0.65089527806044367
3FKY,1468,8.3762459891048024,0.65118926065962623
3FKY,1469,8.3776889666048131,0.65124534849346039
3FKY,1470,8.3797850886895535,0.6513268151357724
3FKY,1471,8.3820895521292176,0.65141636729248797
3FKY,1472,8.3870194162795357,0.65160790200023788
3FKY,1473,8.3888992788052263,0.6516809234506673
3FKY,1474,8.3905109622734599,0.65174352122985768
3FKY,1475,8.39170535483861,0.65178990755358024
3FKY,1476,8.3970613322825329,0.65199787572261547
3FKY,1477,8.3988695308765529,0.65206807160037017
3FKY,1478,8.3999426336369627,0.65210972683120683
3FKY,1479,8.4040674097888584,0.65226981581287435
3FKY,1480,8.4073520422701087,0.65239726941482845
3FKY,1481,8.4087370786869258,0.65245100552342294
3FKY,1482,8.4115901073057149,0.65256168228172262
3FKY,1483,8.4157548351711249,0.65272320973789366
3FKY,1484,8.4177159268012005,0.65279925612266965
3FKY,1485,8.4230657726877638,0.6530066651591836
3FKY,1486,8.4265408575435128,0.65314135599664824
3FKY,1487,8.4280536082215392,0.65319998003384494
3FKY,1488,8.4296181684613138,0.65326060632672012
3FKY,1489,8.4341876042946211,0.65343763854511416
3FKY,1490,8.4418322356109883,0.65373370490422644
3FKY,1491,8.4449737842036789,0.65385533401916296
3FKY,1492,8.4457786180005314,0.65388649055954429
3FKY,1493,8.4502661893967908,0.65406018518039499
3FKY,1494,8.4534706602371052,0.65418418826390445
3FKY,1495,8.4567207914227058,0.65430993425575812
3FKY,1496,8.4587017952152088,0.65438656647487037
3FKY,1497,8.4631091727225591,0.65455702720930253
3FKY,1498,8.4654252155031884,0.65464658521590791
3FKY,1499,8.4682783091023772,0.65475689335684584
3FKY,1500,8.4711244486355763,0.65486691412238573
3FKY,1501,8.4772228553014521,0.65510259276668714
3FKY,1502,8.4789498670528687,0.65516931935153333
3FKY,1503,8.4839919552252105,0.65536409173319554
3FKY,1504,8.4883358882381188,0.65553184845746038
3FKY,1505,8.4896697684579827,0.6555833524641892
3FKY,1506,8.4922667979162831,0.65568361779482631
3FKY,1507,8.4966371747451692,0.65585231338425132
3FKY,1508,8.5087270706404095,0.65631875483728996
3FKY,1509,8.5124024645694742,0.65646048987645078
3FKY,1510,8.5149889730403228,0.65656021563917988
3FKY,1511,8.5242242462132971,0.65691616852118062
3FKY,1512,8.5246957649064772,0.65693433697622361
3FKY,1513,8.5280582810303738,0.65706388614590794
3FKY,1514,8.532791741433881,0.65724621102756486
3FKY,1515,8.5352780645235686,0.65734195972606657
3FKY,1516,8.5364754537693859,0.65738806640147884
3FKY,1517,8.5392738705678504,0.65749580964253862
3FKY,1518,8.5434103802005907,0.65765503913347689
3FKY,1519,8.5445231528041337,0.65769786726939383
3FKY,1520,8.5482938227615524,0.65784297121524649
3FKY,1521,8.5518569120546832,0.65798005757983913
3FKY,1522,8.554753541239478,0.65809148150181107
3FKY,1523,8.5587355734567367,0.65824462656845695
3FKY,1524,8.5630232113640865,0.65840948510429809
3FKY,1525,8.5669521756235945,0.65856051649863168
3FKY,1526,8.5728693059020724,0.65878790867113857
3FKY,1527,8.5741211413320269,0.65883600598322933
3FKY,1528,8.5787778421245005,0.65901489228814303
3FKY,1529,8.5799546926752086,0.65906009309977376
3FKY,1530,8.5851903179445976,0.65926114692581828
3FKY,1531,8.5884187310248876,0.65938509101900011
3FKY,1532,8.5910108390369775,0.65948458945319333
3FKY,1533,8.5934123474724142,0.65957675830095097
3FKY,1534,8.5956653951814452,0.65966321758232116
3FKY,1535,8.5982719943646284,0.65976323004143644
3FKY,1536,8.6016689763946239,0.65989354590720006
3FKY,1537,8.6049540805333038,0.66001954541286012
3FKY,1538,8.6067839942857987,0.66008972095520357
3FKY,1539,8.6096029631632565,0.66019781127336363
3FKY,1540,8.6158654029956097,0.66043787446409574
3FKY,1541,8.6174523933894296,0.66049869599821309
3FKY,1542,8.6181704705586135,0.66052621452295879
3FKY,1543,8.6231346515409761,0.6607164230850191
3FKY,1544,8.6289605028540173,0.66093957776561141
3FKY,1545,8.6315104092940143,0.66103722623654826
3FKY,1546,8.6369554229514414,0.66124569434281899
3FKY,1547,8.6394146589635472,0.66133982725224527
3FKY,1548,8.645774398172632,0.66158319877963156
3FKY,1549,8.646672797771668,0.66161757109918917
3FKY,1550,8.6473459740342449,0.66164332531620362
3FKY,1551,8.6508538035332645,0.66177751080243852
3FKY,1552,8.6558137515176092,0.66196719795665027
3FKY,1553,8.658542180762705,0.66207152023109406
3FKY,1554,8.6629374797791918,0.66223954118870132
3FKY,1555,8.6634951908021467,0.6622608579965743
3FKY,1556,8.6672413599393145,0.66240402614033667
3FKY,1557,8.6707796355140196,0.66253922076198424
3FKY,1558,8.6753246302240825,0.66271284083311244
3FKY,1559,8.6796479639157855,0.66287795118953585
3FKY,1560,8.6839087219001581,0.66304063151981529
3FKY,1561,8.68817224449759,0.66320337746251756
3FKY,1562,8.6893278627421111,0.6632474825065825
3FKY,1563,8.6942717489471626,0.6634361365575816
3FKY,1564,8.6990609512391774,0.66361883687587064
3FKY,1565,8.7042054505547579,0.66381503518249318
3FKY,1566,8.7059357204607544,0.6638810103085685
3FKY,1567,8.7121739580463267,0.66411881965962638
3FKY,1568,8.7158909056171385,0.66426047383301956
3FKY,1569,8.7219098173907472,0.66448979262694963
3FKY,1570,8.723458722361606,0.66454879265525446
3FKY,1571,8.727473114037263,0.66470168225914439
3FKY,1572,8.7320119376534482,0.66487450270235648
3FKY,1573,8.7357571852307299,0.66501707309083857
3FKY,1574,8.7391217855797372,0.66514512731807196
3FKY,1575,8.7416052540832609,0.66523963050014168
3FKY,1576,8.7447023719525703,0.66535746601364509
3FKY,1577,8.7514360476414943,0.66561358903785206
3FKY,1578,8.7538861228536433,0.66570675598905082
3FKY,1579,8.7556809225398542,0.66577499705499621
3FKY,1580,8.7580923858155,0.66586667361560437
3FKY,1581,8.7615796337588012,0.6659992259447749
3FKY,1582,8.7681235896004939,0.66624789434828613
3FKY,1583,8.770434405020703,0.66633568248606723
3FKY,1584,8.7714396659389511,0.66637386885153249
3FKY,1585,8.7753033985760833,0.66652061825041409
3FKY,1586,8.7779814437014121,0.66662231479855516
3FKY,1587,8.7819200267958202,0.66677185105292081
3FKY,1588,8.7875787986951064,0.66698663905953903
3FKY,1589,8.7889943663077581,0.66704035844492215
3FKY,1590,8.7924442132617902,0.66717125859585569
3FKY,1591,8.7961706788528939,0.66731262584858064
3FKY,1592,8.7976415958128307,0.66736841833280103
3FKY,1593,8.8031724694999269,0.66757816491286914
3FKY,1594,8.8048133189242037,0.66764037795098774
3FKY,1595,8.8099259662714484,0.66783418753646639
3FKY,1596,8.812106280179977,0.66791682149359843
3FKY,1597,8.8136540448698071,0.66797547561383863
3FKY,1598,8.8156403032131525,0.66805073935305681
3FKY,1599,8.8168187228751176,0.66809538828340442
3FKY,1600,8.8211854059874266,0.66826081074541066
3FKY,1601,8.8266005392600544,0.66846589464238204
3FKY,1602,8.8295020271797853,0.66857575496421995
3FKY,1603,8.8299315735567507,0.6685920175348421
3FKY,1604,8.8355667205181252,0.66880532685246319
3FKY,1605,8.8403358182252649,0.66898580014650089
3FKY,1606,8.8434768263281605,0.66910463631099071
3FKY,1607,8.8462015919214956,0.66920770736074586
3FKY,1608,8.8473177267446381,0.66924992335931377
3FKY,1609,8.8529480069551774,0.66946283903746728
3FKY,1610,8.8543757022020113,0.66951681825326603
3FKY,1611,8.8593316002271294,0.66970416025398738
3FKY,1612,8.8611321784231833,0.66977221242200968
3FKY,1613,8.8623524837309766,0.66981832946619246
3FKY,1614,8.8659334752187977,0.66995364181632122
3FKY,1615,8.8699065270380579,0.67010373669402989
3FKY,1616,8.8744546116801093,0.67027551403606089
3FKY,1617,8.8773391660646368,0.67038443842471629
3FKY,1618,8.8782967672831443,0.67042059473416327
3FKY,1619,8.8829065850481168,0.6705946211147692
3FKY,1620,8.8862964550827499,0.67072256413405706
3FKY,1621,8.8895212385997358,0.67084425368643619
3FKY,1622,8.8914861796616851,0.67091839134530573
3FKY,1623,8.8944246421754496,0.67102924489930549
3FKY,1624,8.8957246856511851,0.67107828322118368
3FKY,1625,8.9016464602938967,0.67130161034543812
3FKY,1626,8.9037730228661403,0.67138179099719286
3FKY,1627,8.9063321088315526,0.67147826696744062
3FKY,1628,8.9098387317758174,0.67161044199457676
3FKY,1629,8.9122142825310942,0.67169996877559601
3FKY,1630,8.914740788345231,0.67179517146968049
3FKY,1631,8.9194001377137173,0.67197070767389622
3FKY,1632,8.9216389958264575,0.67205503804652378
3FKY,1633,8.9221945447912319,0.6720759620980773
3FKY,1634,8.9265921791389093,0.67224157047069566
3FKY,1635,8.9313863249211547,0.67242206440533581
3FKY,1636,8.9354996257279673,0.67257688672186644
3FKY,1637,8.9392468678011721,0.67271789977852858
3FKY,1638,8.9410907199648726,0.67278727522020043
3FKY,1639,8.9450181757470908,0.67293502297561869
3FKY,1640,8.9488719008078359,0.67307996551553717
3FKY,1641,8.9526787688698253,0.67322311507704102
3FKY,1642,8.9546705640417841,0.67329800037176357
3FKY,1643,8.9604984378301111,0.67351706245287457
3FKY,1644,8.9632656722860187,0.67362105419848606
3FKY,1645,8.9639812359809667,0.67364794223061086
3FKY,1646,8.9703381174854488,0.67388676140557979
3FKY,1647,8.9754385284907681,0.67407831555750641
3FKY,1648,8.9778524319363253,0.6741689546150702
3FKY,1649,8.9829315579818658,0.67435962966567919
3FKY,1650,8.9872211993113247,0.67452062475148666
3FKY,1651,8.992953701526881,0.67473571206791649
3FKY,1652,8.9963372249831064,0.67486263195910456
3FKY,1653,8.9996739290020411,0.67498777222682216
3FKY,1654,9.000744934766205,0.67502793447570686
3FKY,1655,9.0035311531573292,0.67513240525736129
3FKY,1656,9.0082151233301015,0.67530799685668341
3FKY,1657,9.0104266921566758,0.67539088777568779
3FKY,1658,9.0142606276391231,0.67553456186506888
3FKY,1659,9.0203905310693457,0.67576421230735917
3FKY,1660,9.0241703680482281,0.67590578106896049
3FKY,1661,9.0278535089482457,0.67604369968997191
3FKY,1662,9.0293423030115445,0.67609944097740493
3FKY,1663,9.0357369261346143,0.67633880702319971
3FKY,1664,9.037442217096169,0.67640262583796462
3FKY,1665,9.0389762329450232,0.67646002970821695
3FKY,1666,9.0404305952644606,0.67651444839357522
3FKY,1667,9.0435753018776346,0.67663210067033863
3FKY,1668,9.0489136430945507,0.67683177613175172
3FKY,1669,9.0525914630948048,0.67696930714706305
3FKY,1670,9.053469701147991,0.67700214447268703
3FKY,1671,9.0545727118774284,0.6770433837936789
3FKY,1672,9.0566585287245669,0.67712136136491896
3FKY,1673,9.0588726019975674,0.67720412393614893
3FKY,1674,9.0663114739363735,0.67748211664074864
3FKY,1675,9.0679294297887427,0.67754256499725174
3FKY,1676,9.069438273970988,0.67759893197951637
3FKY,1677,9.0727538023721852,0.67772277610029596
3FKY,1678,9.0734872418881043,0.67775016903028906
3FKY,1679,9.0757318578284476,0.67783399538719291
3FKY,1680,9.0791278087987806,0.67796079925054542
3FKY,1681,9.0815173346742046,0.67805000926766579
3FKY,1682,9.0859218108274433,0.67821441423279949
3FKY,1683,9.092501562152469,0.67845994103113316
3FKY,1684,9.0934907949378196,0.67849684707721902
3FKY,1685,9.0950142049639524,0.67855367814661505
3FKY,1686,9.0986434581350366,0.67868904887885606
3FKY,1687,9.1023421610947661,0.67882698230508087
3FKY,1688,9.1032387321881902,0.67886041335242631
3FKY,1689,9.1065654523546993,0.67898444461228757
3FKY,1690,9.1101558355146643,0.6791182806941144
3FKY,1691,9.1119005122629133,0.67918330620923695
3FKY,1692,9.1126997161923278,0.67921309110781758
3FKY,1693,9.1139507256274346,0.67925971136590235
3FKY,1694,9.1176672567317851,0.67939819316218875
3FKY,1695,9.1209268687976657,0.67951962645157049
3FKY,1696,9.1253432428609713,0.67968411903606862
3FKY,1697,9.1280039316807926,0.67978320002875925
3FKY,1698,9.1297032945856547,0.67984647479294824
3FKY,1699,9.1333592296769535,0.67998258139631473
3FKY,1700,9.1375756757124282,0.68013952140935152
3FKY,1701,9.1393003130181771,0.68020370356720727
3FKY,1702,9.1414246209931154,0.68028275109529013
3FKY,1703,9.1449273347597995,0.6804130703640362
3FKY,1704,9.1504079462548447,0.68061692770541016
3FKY,1705,9.1516431530512321,0.680662864142902
3FKY,1706,9.1525224118395645,0.68069556124553798
3FKY,1707,9.1548020458095376,0.68078032695511104
3FKY,1708,9.1565408807197635,0.68084497654490927
3FKY,1709,9.1581083602167332,0.68090324990851103
3FKY,1710,9.1623884597745757,0.68106234353111017
3FKY,1711,9.1661172823136852,0.68120091560209339
3FKY,1712,9.167964627824686,0.68126955699166891
3FKY,1713,9.1701983116576908,0.68135254422924896
3FKY,1714,9.1728564211959167,0.68145128683057266
3FKY,1715,9.1746512102735505,0.68151795098889245
3FKY,1716,9.1799667407514072,0.68171534840469894
3FKY,1717,9.1816737105327046,0.68177872627100811
3FKY,1718,9.1846410767807125,0.68188888721845553
3FKY,1719,9.184790180917517,0.68189442211309315
3FKY,1720,9.1915621762240516,0.6821457580102237
3FKY,1721,9.1964182219462529,0.6823259283407227
3FKY,1722,9.197907377574964,0.68238116986749608
3FKY,1723,9.2038679654445232,0.68260223831352107
3FKY,1724,9.2045993353864084,0.68262935869616459
3FKY,1725,9.2053881211920938,0.68265860694445935
3FKY,1726,9.2085491429649942,0.68277580534360094
3FKY,1727,9.2136125993776261,0.68296349671376466
3FKY,1728,9.2138275980085513,0.6829714651061074
3FKY,1729,9.2151079617261722,0.68301891669439685
3FKY,1730,9.2197180416141435,0.68318974367061158
3FKY,1731,9.2218672465762541,0.68326936808108329
3FKY,1732,9.22522421644811,0.68339371957729145
3FKY,1733,9.2269420596656975,0.68345734451432738
3FKY,1734,9.2301665893301124,0.6835767576394306
3FKY,1735,9.2339540380445086,0.68371699055676782
3FKY,1736,9.2358252990040679,0.68378626467784576
3FKY,1737,9.2406419023065851,0.68396454316307276
3FKY,1738,9.2411944064199911,0.68398499020447234
3FKY,1739,9.245004524442539,0.68412597820131305
3FKY,1740,9.2486256019359914,0.68425994409873914
3FKY,1741,9.2514136665043161,0.68436307386268369
3FKY,1742,9.2544826111594158,0.68447657534056305
3FKY,1743,9.2580201073962467,0.68460738232722484
3FKY,1744,9.2625003925988043,0.68477301522133194
3FKY,1745,9.2641750454466916,0.68483491563714738
3FKY,1746,9.2692763411829837,0.68502344103861779
3FKY,1747,9.27347352646259,0.68517851489751824
3FKY,1748,9.2763495531716877,0.68528475550629075
3FKY,1749,9.2800996919506478,0.68542326113504604
3FKY,1750,9.2820682951664217,0.68549595727677359
3FKY,1751,9.2873802642684247,0.68569207803400278
3FKY,1752,9.2901098189354645,0.68579283284648573
3FKY,1753,9.2917748880355795,0.68585428751798383
3FKY,1754,9.2945043522870154,0.68595501516829083
3FKY,1755,9.2964593235818942,0.68602715198185371
3FKY,1756,9.3018295058650242,0.68622526821330099
3FKY,1757,9.3022271528345684,0.68623993589141252
3FKY,1758,9.3080120629278866,0.6864532836877717
3FKY,1759,9.3090873149443087,0.68649293173277148
3FKY,1760,9.3127348482070715,0.68662741111208414
3FKY,1761,9.3158523531071182,0.68674232822511228
3FKY,1762,9.318864397464738,0.68685333960144102
3FKY,1763,9.3199412197804836,0.68689302242153183
3FKY,1764,9.3263810718627607,0.68713029460434372
3FKY,1765,9.3271741115891746,0.6871595079740962
3FKY,1766,9.3314558187878429,0.68731721266539991
3FKY,1767,9.3370064910634643,0.68752160228613024
3FKY,1768,9.3388095869787815,0.68758798370884933
3FKY,1769,9.3428951748118223,0.68773837192994303
3FKY,1770,9.3441264287607009,0.68778368725640082
3FKY,1771,9.3479698322854201,0.68792512147722118
3FKY,1772,9.3503813692426139,0.68801384929222709
3FKY,1773,9.3529834976139643,0.68810957671486228
3FKY,1774,9.3550862215912289,0.68818692225881184
3FKY,1775,9.360120920072891,0.68837208076641965
3FKY,1776,9.3612165506142038,0.6884123676074132
3FKY,1777,9.3647230750893868,0.68854128828734751
3FKY,1778,9.3658650478409982,0.68858326878232412
3FKY,1779,9.3695332555086868,0.68871809984937038
3FKY,1780,9.3699305476938104,0.68873270139946108
3FKY,1781,9.3738168805654567,0.68887551820240078
3FKY,1782,9.3779281418318678,0.68902656855903488
3FKY,1783,9.379427287748884,0.68908163989638216
3FKY,1784,9.3806281408899199,0.689125750231808
3FKY,1785,9.3838465408566165,0.68924395618015122
3FKY,1786,9.3848326942400888,0.68928017173418277
3FKY,1787,9.3902074254058352,0.68947752023628039
3FKY,1788,9.3928427668907304,0.68957426363941632
3FKY,1789,9.397680902412116,0.68975183630390824
3FKY,1790,9.4009899446250316,0.68987326078537226
3FKY,1791,9.4024341599137102,0.68992624920757406
3FKY,1792,9.4037216522511127,0.68997348401602554
3FKY,1793,9.4077633979592452,0.69012174434782658
3FKY,1794,9.4099859316453909,0.69020325831565588
3FKY,1795,9.4113204254072809,0.69025219777719182
3FKY,1796,9.4158606028540053,0.69041867227030018
3FKY,1797,9.4179402895410824,0.69049491465036672
3FKY,1798,9.4180997972587281,0.69050076193746746
3FKY,1799,9.422632160695791,0.69066689013968552
3FKY,1800,9.4275972801014056,0.6908488346267464
3FKY,1801,9.4288329784967786,0.6908941087723931
3FKY,1802,9.4307385072119327,0.69096391868722362
3FKY,1803,9.4361346158403983,0.69116156933594053
3FKY,1804,9.4386176312898069,0.69125249915211628
3FKY,1805,9.4405735898621455,0.69132411934401017
3FKY,1806,9.4411304144624317,0.69134450690821336
3FKY,1807,9.4447759536477971,0.69147796975277509
3FKY,1808,9.4489066940249984,0.69162916464317459
3FKY,1809,9.4507218978172585,0.69169559495272104
3FKY,1810,9.4528198060063193,0.69177236333859848
3FKY,1811,9.4550692337315727,0.69185466678895857
3FKY,1812,9.4593194070788922,0.69201014803496119
3FKY,1813,9.4605693931252457,0.69205586879020509
3FKY,1814,9.4633495434404402,0.69215754755450898
3FKY,1815,9.4659526355357535,0.69225273720946567
3FKY,1816,9.468147316995724,0.69233298196959281
3FKY,1817,9.4696250771139763,0.69238700849228474
3FKY,1818,9.4715877881994857,0.69245875817813074
3FKY,1819,9.475320003388445,0.69259517408912119
3FKY,1820,9.4788083788864927,0.69272265314563564
3FKY,1821,9.4800805892748468,0.69276913891428449
3FKY,1822,9.4825416048134379,0.69285905402446768
3FKY,1823,9.4850479873008773,0.6929506146595924
3FKY,1824,9.4875457498298594,0.69304184836497185
3FKY,1825,9.4899140625506924,0.69312834267300649
3FKY,1826,9.4949519306756596,0.69331229723008325
3FKY,1827,9.4993416254003158,0.6934725443634312
3FKY,1828,9.5007621664406194,0.69352439371377295
3FKY,1829,9.5027858689910545,0.69359825159646427
3FKY,1830,9.504108766995147,0.69364652837675866
3FKY,1831,9.5066318123227909,0.69373859305853902
3FKY,1832,9.5087418846072875,0.69381557917665981
3FKY,1833,9.5116824062792382,0.69392285004738563
3FKY,1834,9.5138655831091636,0.69400248208842985
3FKY,1835,9.5155651037924489,0.69406446629941565
3FKY,1836,9.5190943834809758,0.69419316703906309
3FKY,1837,9.5206840517362448,0.69425112900098862
3FKY,1838,9.5239530973194082,0.69437030866231242
3FKY,1839,9.52420412933375,0.69437945969586479
3FKY,1840,9.5274196439212506,0.69449666627962536
3FKY,1841,9.5309168452693349,0.69462411798883006
3FKY,1842,9.5326956413712534,0.69468893531163989
3FKY,1843,9.5369505732764761,0.69484395569949486
3FKY,1844,9.5391108883147719,0.69492264945167492
3FKY,1845,9.5421685739218081,0.69503401647314467
3FKY,1846,9.543021880942149,0.69506509243573467
3FKY,1847,9.5471496222232091,0.69521539800629417
3FKY,1848,9.5508082465251203,0.69534859421755812
3FKY,1849,9.5520781419444099,0.6953948201819854
3FKY,1850,9.557479181469386,0.69559139123618241
3FKY,1851,9.5592330159747139,0.69565521016788179
3FKY,1852,9.5636862249273094,0.69581722825534087
3FKY,1853,9.5655899308920045,0.69588647799149528
3FKY,1854,9.5689661788176519,0.6960092763768625
3FKY,1855,9.5704799295151535,0.69606432636050575
3FKY,1856,9.5721818530067928,0.69612621435230337
3FKY,1857,9.5741525891786363,0.69619787045578396
3FKY,1858,9.5751893386595022,0.69623556377826412
3FKY,1859,9.5774617376352076,0.69631817473607738
3FKY,1860,9.5797219439286305,0.69640033271918167
3FKY,1861,9.5837068230154721,0.69654515856127963
3FKY,1862,9.5860207916932634,0.69662924327038656
3FKY,1863,9.5873296636050451,0.69667680040317503
3FKY,1864,9.5933109883545953,0.69689408720798562
3FKY,1865,9.5936660347529195,0.69690698303960663
3FKY,1866,9.5969210373239981,0.69702519862235068
3FKY,1867,9.5977606934839095,0.6970556901049032
3FKY,1868,9.5999323818354654,0.69713454715027601
3FKY,1869,9.6043096308830069,0.69729346409058801
3FKY,1870,9.6077657684777762,0.69741891430415581
3FKY,1871,9.6119074507129838,0.69756921856712173
3FKY,1872,9.6137327118863549,0.69763544816705425
3FKY,1873,9.615539747678941,0.69770101026603537
3FKY,1874,9.6211919094809275,0.69790603982016941
3FKY,1875,9.6227764676401506,0.69796350812509012
3FKY,1876,9.6238525744705008,0.6980025333640052
3FKY,1877,9.6252293252838257,0.69805245833855045
3FKY,1878,9.6297857830244507,0.69821766324378598
3FKY,1879,9.6318819258307808,0.69829365061926729
3FKY,1880,9.6333421826202379,0.69834658157332563
3FKY,1881,9.6348286166924222,0.69840045727365752
3FKY,1882,9.6388078739038328,0.69854466472544297
3FKY,1883,9.6433877141475328,0.69871060034088428
3FKY,1884,9.6448831156896073,0.69876477281828275
3FKY,1885,9.6499347613720694,0.69894774289245754
3FKY,1886,9.6510461477549896,0.69898799076242824
3FKY,1887,9.6517079673648194,0.69901195687044149
3FKY,1888,9.6555540020221855,0.69915121494021104
3FKY,1889,9.6577994030244962,0.69923250409153259
3FKY,1890,9.6603623812875146,0.699325278788548
3FKY,1891,9.6651588804586872,0.6994988694224038
3FKY,1892,9.6657668361206088,0.69952086893716459
3FKY,1893,9.6700932739080532,0.69967740566034797
3FKY,1894,9.6703474943987509,0.69968660263287652
3FKY,1895,9.6728546100634762,0.69977729645542475
3FKY,1896,9.677664107698714,0.69995124505371609
3FKY,1897,9.6781570278785924,0.69996907041408174
3FKY,1898,9.6793886160698026,0.7000136060738632
3FKY,1899,9.6826583827460784,0.70013183089081177
3FKY,1900,9.6847340423932362,0.70020687007209348
3FKY,1901,9.6872113229423498,0.70029641811446997
3FKY,1902,9.6900892167022921,0.70040043303495569
3FKY,1903,9.6938074378571404,0.70053479680992137
3FKY,1904,9.6974360576574856,0.70066589785639655
3FKY,1905,9.7001876539960818,0.70076529593263359
3FKY,1906,9.7006086732187295,0.70078050349713517
3FKY,1907,9.7019329454471492,0.70082833516008891
3FKY,1908,9.7037747657946358,0.70089485482371283
3FKY,1909,9.7054790486307336,0.70095640152361183
3FKY,1910,9.7096035550468685,0.70110532730414177
3FKY,1911,9.7102152389762644,0.70112741101255871
3FKY,1912,9.7131155050465043,0.70123211024808274
3FKY,1913,9.7157319593312028,0.70132655050350268
3FKY,1914,9.7177716780558967,0.70140016481433753
3FKY,1915,9.7194265761734329,0.7014598851101751
3FKY,1916,9.7212136578054285,0.70152436980221844
3FKY,1917,9.7268300876705212,0.70172699334450594
3FKY,1918,9.7271019374325771,0.70173679936463662
3FKY,1919,9.7304910806203111,0.70185903923537474
3FKY,1920,9.7320942569554898,0.70191685530294234
3FKY,1921,9.7348245417112498,0.70201530782749466
3FKY,1922,9.7361277637882431,0.70206229641092377
3FKY,1923,9.7387937880993878,0.70215841198587914
3FKY,1924,9.7402683327416906,0.70221156665569684
3FKY,1925,9.7434328139924968,0.70232562690561862
3FKY,1926,9.7442508018843803,0.70235510736763129
3FKY,1927,9.74678943899678,0.70244659252445096
3FKY,1928,9.7479167399407149,0.70248721337793663
3FKY,1929,9.7503693922434032,0.70257558346580928
3FKY,1930,9.7518409693206216,0.70262859966831448
3FKY,1931,9.7540062701246324,0.70270660123913709
3FKY,1932,9.7581920652876697,0.70285736341393501
3FKY,1933,9.7607098688645788,0.70294803300903352
3FKY,1934,9.7628729096906905,0.70302591776768175
3FKY,1935,9.7650747876376514,0.70310519207594824
3FKY,1936,9.7668367422425888,0.70316862136761416
3FKY,1937,9.7674620190743191,0.70319112957690066
3FKY,1938,9.7699772893453432,0.70328166496298483
3FKY,1939,9.772094095440643,0.70335784888041353
3FKY,1940,9.77478557440282,0.7034547033776537
3FKY,1941,9.7778004759936028,0.70356318060084422
3FKY,1942,9.7790967451965205,0.70360981568307712
3FKY,1943,9.7803158828506831,0.70365367303050141
3FKY,1944,9.7809506003714528,0.70367650532315262
3FKY,1945,9.7836143269036171,0.70377231779851612
3FKY,1946,9.7864582544587737,0.70387459758963844
3FKY,1947,9.7883011800261492,0.70394086913520215
3FKY,1948,9.7919075703058027,0.70407053676938591
3FKY,1949,9.7930665675467452,0.70411220340372882
3FKY,1950,9.796873906375474,0.70424906212948446
3FKY,1951,9.7981333893514115,0.70429432969172434
3FKY,1952,9.8011730257490317,0.70440356645075608
3FKY,1953,9.8027101875555704,0.70445880166621577
3FKY,1954,9.8071376804968668,0.70461787166885992
3FKY,1955,9.8076539491658199,0.7046364177194645
3FKY,1956,9.8101437694903932,0.70472585331492643
3FKY,1957,9.8113706288363254,0.70476991854422888
3FKY,1958,9.81312018705529,0.70483275283550351
3FKY,1959,9.8164811938626748,0.70495344558296757
3FKY,1960,9.8186806764845329,0.70503241716039511
3FKY,1961,9.8203452822845883,0.70509217831121718
3FKY,1962,9.8233176652889185,0.70519887748439558
3FKY,1963,9.8242452867397212,0.70523217286309225
3FKY,1964,9.8273098499508773,0.70534215892271979
3FKY,1965,9.8281237502014758,0.7053713666246666
3FKY,1966,9.8340905154097253,0.70558545360758207
3FKY,1967,9.8351950540980528,0.70562507722849099
3FKY,1968,9.8355403103950518,0.70563746230890378
3FKY,1969,9.8366954751801181,0.70567889895546221
3FKY,1970,9.8385357232966317,0.70574490504139809
3FKY,1971,9.8444785203716663,0.70595801935654479
3FKY,1972,9.8453422782563234,0.70598898917527486
3FKY,1973,9.8476031793288907,0.70607004677547758
3FKY,1974,9.848600818144666,0.70610581106415904
3FKY,1975,9.8510964004392765,0.70619526709844105
3FKY,1976,9.8532462803766503,0.70627232208551682
3FKY,1977,9.8588528368982136,0.70647323011418639
3FKY,1978,9.8617840999016266,0.70657824765380361
3FKY,1979,9.8641371764872723,0.70666253937764967
3FKY,1980,9.8644995497595325,0.70667551939102602
3FKY,1981,9.8673060025695705,0.70677603693113744
3FKY,1982,9.8710545586737695,0.70691027509356485
3FKY,1983,9.8725443952782861,0.70696362000527535
3FKY,1984,9.8740055329530598,0.70701593341716762
3FKY,1985,9.8806984565009301,0.70725551207492166
3FKY,1986,9.8839652448393682,0.70737241995994793
3FKY,1987,9.8860319037332278,0.70744636908142711
3FKY,1988,9.8883101195591703,0.70752787916991866
3FKY,1989,9.8911779176380321,0.70763047000565582
3FKY,1990,9.8955468642304556,0.70778673341739518
3FKY,1991,9.8975375759500537,0.70785792344401388
3FKY,1992,9.8996214722213729,0.70793243818263274
3FKY,1993,9.902377364484078,0.7080309697160192
3FKY,1994,9.9074543031221634,0.70821244983095255
3FKY,1995,9.9086427266318715,0.70825492446981153
3FKY,1996,9.9120268198731925,0.70837585910029455
3FKY,1997,9.9142352096767983,0.7084547674268894
3FKY,1998,9.9155531758174753,0.70850185569676516
3FKY,1999,9.9181904817647091,0.70859607191921292
3FKY,2000,9.9214239675915223,0.70871156922920397
3FKY,2001,9.9228835763927137,0.70876369902449232
3FKY,2002,9.9274120907818197,0.70892541010731847
3FKY,2003,9.9304973486396282,0.70903556206644613
3FKY,2004,9.9334895575387527,0.70914237558504378
3FKY,2005,9.9353635261821989,0.70920926285051711
3FKY,2006,9.9382271780638138,0.70931146253918709
3FKY,2007,9.9400067095760924,0.70937496408619449
3FKY,2008,9.9432509908129791,0.70949071974896682
3FKY,2009,9.9451598874858149,0.70955882018615579
3FKY,2010,9.9507224908021161,0.70975723039420824
3FKY,2011,9.9546485163091383,0.70989723280074146
3FKY,2012,9.955930739918438,0.70994295102379246
3FKY,2013,9.9588125307603175,0.71004569174789101
3FKY,2014,9.9629184617254971,0.71019204946609571
3FKY,2015,9.9657023941424132,0.71029126680782129
3FKY,2016,9.9687344803542857,0.71039931240671661
3FKY,2017,9.9707551589993546,0.71047130830480576
3FKY,2018,9.9731592062852386,0.71055695395808371
3FKY,2019,9.9758917342669271,0.71065428940326758
3FKY,2020,9.9808014177295181,0.71082914386831164
3FKY,2021,9.9832983893148022,0.71091805502396821
3FKY,2022,9.985082528369027,0.71098157711623022
3FKY,2023,9.989293308288568,0.71113147429438728
3FKY,2024,9.9920049317475073,0.71122798712488633
3FKY,2025,9.9935949889513331,0.71128457477697438
3FKY,2026,9.9988458244516796,0.71147141183807683
3FKY,2027,10.004250951256447,0.71166368771165889
3FKY,2028,10.005272315896031,0.71170001474795308
3FKY,2029,10.008542334003637,0.71181630752528713
3FKY,2030,10.008960174557506,0.71183116596351248
3FKY,2031,10.016749537855201,0.71210809948625042
3FKY,2032,10.018782958697676,0.71218037552580027
3FKY,2033,10.02250575273592,0.71231267974974022
3FKY,2034,10.025050527175063,0.71240310424522835
3FKY,2035,10.029183904145787,0.71254995273831889
3FKY,2036,10.030380404171979,0.71259245572852259
3FKY,2037,10.033011441339392,0.71268590853040348
3FKY,2038,10.03671589013908,0.71281746747557395
3FKY,2039,10.0407053455643,0.7129591209313425
3FKY,2040,10.042393598667411,0.71301905720151526
3FKY,2041,10.048051979677227,0.71321990400658308
3FKY,2042,10.04993236056808,0.71328663646093848
3FKY,2043,10.051951670568597,0.71335829239067183
3FKY,2044,10.052142207142856,0.71336505327679678
3FKY,2045,10.058849471481796,0.71360300902796514
3FKY,2046,10.060603186191251,0.71366521303825092
3FKY,2047,10.064279375305183,0.71379558934951748
3FKY,2048,10.064646012703923,0.71380859086532167
3FKY,2049,10.068353642927157,0.71394005572820141
3FKY,2050,10.069470091359346,0.71397963792748798
3FKY,2051,10.070931676489089,0.71403145317434025
3FKY,2052,10.074411337688172,0.71415479692463291
3FKY,2053,10.078400986151813,0.71429619201276406
3FKY,2054,10.082162885918748,0.71442948994259514
3FKY,2055,10.083950297832079,0.71449281579855584
3FKY,2056,10.085273315753938,0.71453968511905841
3FKY,2057,10.086140158888655,0.7145703922943758
3FKY,2058,10.089449591282989,0.71468761396760005
3FKY,2059,10.090919106827073,0.714739658745141
3FKY,2060,10.093680091844611,0.71483743232264596
3FKY,2061,10.096116568590626,0.71492370312145936
3FKY,2062,10.09753533808796,0.71497393413375776
3FKY,2063,10.099486507896428,0.71504300881992877
3FKY,2064,10.100628857839157,0.71508344682848546
3FKY,2065,10.102281054997809,0.71514192885696759
3FKY,2066,10.106331881088035,0.71528529376751604
3FKY,2067,10.108000653352107,0.71534434580553619
3FKY,2068,10.111976392711414,0.71548501373614759
3FKY,2069,10.113591602560183,0.71554215450915915
3FKY,2070,10.116294523796309,0.71563776470165974
3FKY,2071,10.11732575467073,0.71567423897343518
3FKY,2072,10.118256590323577,0.71570716070550189
3FKY,2073,10.120534530393387,0.71578772034812477
3FKY,2074,10.124807068876697,0.71593879477360545
3FKY,2075,10.126365255001902,0.71599388337783398
3FKY,2076,10.127887956593995,0.71604771335614992
3FKY,2077,10.130709119178105,0.71614743535000647
3FKY,2078,10.132148882207826,0.71619832250695148
3FKY,2079,10.134714881556638,0.71628900653214322
3FKY,2080,10.136727164697028,0.71636011384832632
3FKY,2081,10.140218169834796,0.71648345748376252
3FKY,2082,10.142717490668929,0.71657175004678664
3FKY,2083,10.146065970934037,0.7166900234958874
3FKY,2084,10.147600670080783,0.71674422489674772
3FKY,2085,10.15071189831983,0.7168540924431146
3FKY,2086,10.154142429613978,0.71697521609830261
3FKY,2087,10.157207647007576,0.71708342410751524
3FKY,2088,10.158169726827301,0.71711738398997982
3FKY,2089,10.161428242931262,0.71723239246313675
3FKY,2090,10.164092802809568,0.71732642370278987
3FKY,2091,10.165681990220078,0.7173824996157151
3FKY,2092,10.167600703737939,0.71745019731458237
3FKY,2093,10.168541472431379,0.71748338799016009
3FKY,2094,10.169873071844677,0.71753036469694909
3FKY,2095,10.173113660870349,0.71764467466954807
3FKY,2096,10.176559843446812,0.71776621686625441
3FKY,2097,10.178180228411962,0.71782335853840507
3FKY,2098,10.18072104148799,0.71791294926706095
3FKY,2099,10.185947466371859,0.71809720127923871
3FKY,2100,10.186640698472948,0.71812163688346908
3FKY,2101,10.188488679209154,0.71818677193677372
3FKY,2102,10.190974239417994,0.71827437018909146
3FKY,2103,10.193093593281178,0.71834905384489767
3FKY,2104,10.196008758035561,0.71845176830149859
3FKY,2105,10.197313273493151,0.71849772753335184
3FKY,2106,10.199057683479086,0.71855918004443364
3FKY,2107,10.201947547401575,0.71866097332970902
3FKY,2108,10.206196169674485,0.71881060168153532
3FKY,2109,10.207877907253865,0.71886982065929494
3FKY,2110,10.210654148472347,0.71896756969032516
3FKY,2111,10.212919226696549,0.7190473112747956
3FKY,2112,10.216126819713551,0.71916021876074221
3FKY,2113,10.218003552939274,0.71922627167502073
3FKY,2114,10.222742277913321,0.71939302736359756
3FKY,2115,10.223373373624216,0.71941523269925689
3FKY,2116,10.226240240536569,0.71951609584300746
3FKY,2117,10.228974720714348,0.71961228813588496
3FKY,2118,10.231002146663437,0.7196835996983928
3FKY,2119,10.233418202069634,0.71976857147264728
3FKY,2120,10.234585358093685,0.71980961632468676
3FKY,2121,10.237382139986023,0.71990795997599055
3FKY,2122,10.242270947541853,0.72007983357354644
3FKY,2123,10.244170808456548,0.72014661505704025
3FKY,2124,10.245857369386668,0.72020589370346044
3FKY,2125,10.246803624204659,0.72023915019621154
3FKY,2126,10.249677187499348,0.72034013328229496
3FKY,2127,10.253237700589812,0.7204652376016204
3FKY,2128,10.25824413324378,0.72064110987749397
3FKY,2129,10.260601970020037,0.72072392407374997
3FKY,2130,10.261317502087195,0.72074905379276366
3FKY,2131,10.264449371842975,0.72085903576881838
3FKY,2132,10.266082517422252,0.72091638034136907
3FKY,2133,10.267611260951238,0.72097005491605304
3FKY,2134,10.271916368544044,0.72112118687328985
3FKY,2135,10.273987402853793,0.72119387980589056
3FKY,2136,10.275102107655012,0.72123300271135338
3FKY,2137,10.276027118246283,0.72126546628908983
3FKY,2138,10.279931078564699,0.72140246108003947
3FKY,2139,10.282242028084561,0.72148354289739747
3FKY,2140,10.284828797053716,0.72157429129012385
3FKY,2141,10.28847625870273,0.72170223125387778
3FKY,2142,10.289136114552532,0.72172537422431116
3FKY,2143,10.290757618473611,0.72178224170121186
3FKY,2144,10.294264799351806,0.72190522609770957
3FKY,2145,10.296255708957215,0.72197503091586135
3FKY,2146,10.29768404644382,0.72202510680115439
3FKY,2147,10.300001499930346,0.72210634669276641
3FKY,2148,10.301553996573261,0.72216076539543561
3FKY,2149,10.303890482928958,0.72224265707466939
3FKY,2150,10.30558131870375,0.7223019135094253
3FKY,2151,10.307228573676955,0.72235963795217406
3FKY,2152,10.308969670817859,0.7224206458741016
3FKY,2153,10.312031025895363,0.72252790305008485
3FKY,2154,10.314565003340196,0.72261667106018068
3FKY,2155,10.31707945344967,0.72270474422885145
3FKY,2156,10.319569598551608,0.72279195549388564
3FKY,2157,10.320830836237707,0.72283612325653313
3FKY,2158,10.323064112884362,0.72291432460200344
3FKY,2159,10.325461662640356,0.72299826878849993
3FKY,2160,10.326842406067733,0.72304660763133322
3FKY,2161,10.333015443069177,0.72326268174528208
3FKY,2162,10.334717220022014,0.72332223750111158
3FKY,2163,10.335441029049241,0.7233475665927257
3FKY,2164,10.338224459627526,0.72344496215582532
3FKY,2165,10.339370019836419,0.72348504286835036
3FKY,2166,10.343027555509973,0.72361299739411289
3FKY,2167,10.344625704456757,0.72366889962753222
3FKY,2168,10.345560587226922,0.72370159923020971
3FKY,2169,10.350694584024243,0.72388114584939112
3FKY,2170,10.351437383515707,0.72390711941552466
3FKY,2171,10.353396035420783,0.72397560338258438
3FKY,2172,10.356844394628709,0.72409615899967217
3FKY,2173,10.358636638425237,0.72415880842552593
3FKY,2174,10.359954679102922,0.72420487821443558
3FKY,2175,10.363510118546152,0.72432913772082852
3FKY,2176,10.36456153497314,0.72436587972378663
3FKY,2177,10.366124433367053,0.72442049214472604
3FKY,2178,10.370461586220481,0.7245720238888691
3FKY,2179,10.372051152268387,0.72462755232159581
3FKY,2180,10.374981393451275,0.72472990351128119
3FKY,2181,10.377760340124999,0.72482695674128195
3FKY,2182,10.37988543256956,0.72490116569352681
3FKY,2183,10.383040538011613,0.72501132904033849
3FKY,2184,10.383587487565425,0.725030424574031
3FKY,2185,10.384418167058495,0.72505942494897369
3FKY,2186,10.386690566260697,0.72513875218260659
3FKY,2187,10.388401251745027,0.72519846481469608
3FKY,2188,10.39133758945902,0.72530094820451108
3FKY,2189,10.393229378179193,0.72536696731400829
3FKY,2190,10.396465668447449,0.72547989252987033
3FKY,2191,10.3973709552612,0.72551147793132686
3FKY,2192,10.400036992829897,0.72560448783205134
3FKY,2193,10.40205542185967,0.7256748967214216
3FKY,2194,10.40508824827331,0.72578067800736912
3FKY,2195,10.407988627294671,0.72588182526964595
3FKY,2196,10.411116357338173,0.72599088533551515
3FKY,2197,10.413013950702023,0.7260570440773163
3FKY,2198,10.416358765661521,0.72617364487539382
3FKY,2199,10.41782175189101,0.72622463893032596
3FKY,2200,10.421075413652586,0.72633803618987358
3FKY,2201,10.423107252038365,0.72640884124192917
3FKY,2202,10.425617148551293,0.72649629603006871
3FKY,2203,10.425907473038691,0.72650641141189098
3FKY,2204,10.429870314680429,0.72664446924248782
3FKY,2205,10.434601389088023,0.72680925649208761
3FKY,2206,10.435938186646565,0.72685581149151057
3FKY,2207,10.437424028138174,0.72690755356131431
3FKY,2208,10.4388830803197,0.72695835915214901
3FKY,2209,10.441954908937163,0.72706531155388232
3FKY,2210,10.443139030891656,0.72710653513697021
3FKY,2211,10.447349653305908,0.72725310325815151
3FKY,2212,10.448621937280365,0.72729738455106419
3FKY,2213,10.45062100869108,0.72736695592045286
3FKY,2214,10.451842682811371,0.72740946915566451
3FKY,2215,10.456463308711243,0.72757024059777664
3FKY,2216,10.459520813040395,0.72767660479100882
3FKY,2217,10.460732936582247,0.72771876773550115
3FKY,2218,10.465740698873928,0.72789293366572305
3FKY,2219,10.468252679662669,0.72798028263677761
3FKY,2220,10.470360805829351,0.7280535803051249
3FKY,2221,10.472250880911995,0.72811929025824451
3FKY,2222,10.475031745145326,0.72821595842029041
3FKY,2223,10.477487096686186,0.72830130047236508
3FKY,2224,10.479495092574012,0.72837108609661283
3FKY,2225,10.479855471248747,0.72838360994188212
3FKY,2226,10.481206789456238,0.72843056890565905
3FKY,2227,10.484245630105594,0.72853615903680147
3FKY,2228,10.48659802179524,0.72861788672347605
3FKY,2229,10.487779711965498,0.72865893799380055
3FKY,2230,10.491022795823977,0.72877158907204176
3FKY,2231,10.494631931829925,0.72889693479180584
3FKY,2232,10.495237581596751,0.72891796696770728
3FKY,2233,10.497371639742347,0.72899207078126471
3FKY,2234,10.498633038673516,0.72903586851597824
3FKY,2235,10.501536221326443,0.72913666154202617
3FKY,2236,10.502356667238177,0.72916514335158178
3FKY,2237,10.505436265230562,0.72927204178365235
3FKY,2238,10.507466619727579,0.72934251050086796
3FKY,2239,10.508838717805322,0.7293901288671889
3FKY,2240,10.510315837745249,0.72944138851990925
3FKY,2241,10.515426082171501,0.72961869864329298
3FKY,2242,10.515911478114477,0.72963553818296534
3FKY,2243,10.516515178050103,0.72965648142724426
3FKY,2244,10.519133755599404,0.72974731680028793
3FKY,2245,10.520454204630488,0.7297931173349187
3FKY,2246,10.52242764043055,0.72986156173400207
3FKY,2247,10.525042427187678,0.72995224013381599
3FKY,2248,10.528191671906889,0.73006143809290891
3FKY,2249,10.529196033864475,0.73009626023859964
3FKY,2250,10.531375771251041,0.7301718280100814
3FKY,2251,10.534419969533014,0.7302773520776944
3FKY,2252,10.537832813065753,0.73039563673495045
3FKY,2253,10.539207074431294,0.73044326141260574
3FKY,2254,10.540666249210568,0.73049382534439333
3FKY,2255,10.543827887046625,0.73060337172896717
3FKY,2256,10.54494001682828,0.73064190158512787
3FKY,2257,10.547286265055488,0.73072318094366906
3FKY,2258,10.548903288819426,0.73077919305114558
3FKY,2259,10.55097868280696,0.73085107636036384
3FKY,2260,10.556018240175145,0.73102559695872948
3FKY,2261,10.557980241132103,0.73109353006801592
3FKY,2262,10.558610449408398,0.73111534931315747
3FKY,2263,10.559537374982744,0.73114744040343971
3FKY,2264,10.561180217980354,0.73120431381061712
3FKY,2265,10.563151243686727,0.73127254270322539
3FKY,2266,10.565805126009566,0.73136439925951713
3FKY,2267,10.567546440691142,0.73142466362571412
3FKY,2268,10.571193466136862,0.73155086577980255
3FKY,2269,10.571933463992536,0.73157647010727611
3FKY,2270,10.577946136646354,0.73178447863269258
3FKY,2271,10.58093005364489,0.7318876853491747
3FKY,2272,10.582229170929732,0.73193261423324874
3FKY,2273,10.585442553145585,0.73204373452205385
3FKY,2274,10.587871428993065,0.73212771501478757
3FKY,2275,10.58937957987075,0.73217985579429645
3FKY,2276,10.591774477487386,0.73226264613374814
3FKY,2277,10.593461715469347,0.73232096743547881
3FKY,2278,10.596759734373046,0.73243495380315893
3FKY,2279,10.601437934536067,0.73259661167376988
3FKY,2280,10.60325281666182,0.73265931635617976
3FKY,2281,10.603980954607861,0.73268447221639887
3FKY,2282,10.607005389622913,0.73278895177920089
3FKY,2283,10.607679774040559,0.73281224645935283
3FKY,2284,10.609559208497043,0.73287716223809485
3FKY,2285,10.610828420524488,0.73292099764507512
3FKY,2286,10.612657363994318,0.73298416016460577
3FKY,2287,10.618222185437151,0.73317630767623398
3FKY,2288,10.619496174434156,0.73322029011118417
3FKY,2289,10.622631594603265,0.73332852424870953
3FKY,2290,10.62417793014324,0.73338189759054018
3FKY,2291,10.628162688800959,0.73351941768473217
3FKY,2292,10.628953989812674,0.73354672362042939
3FKY,2293,10.631660810306645,0.73364012194111494
3FKY,2294,10.633508010105652,0.73370385238977631
3FKY,2295,10.634177710866377,0.73372695644402375
3FKY,2296,10.636131759070995,0.7337943651343809
3FKY,2297,10.637160245188007,0.73382984227451731
3FKY,2298,10.6384699037045,0.73387501584059966
3FKY,2299,10.640240959417607,0.73393609978697494
3FKY,2300,10.64430298013923,0.73407618022215415
3FKY,2301,10.647465763285117,0.73418523157736504
3FKY,2302,10.649121351322338,0.73424230905791132
3FKY,2303,10.650475756936618,0.73428899977795958
3FKY,2304,10.653559816379694,0.7343953061561751
3FKY,2305,10.655655244863533,0.7344675260154232
3FKY,2306,10.657901901899008,0.73454495014507948
3FKY,2307,10.6587962016412,0.73457576716638684
3FKY,2308,10.660603455742047,0.73463804008977185
3FKY,2309,10.66253429424583,0.73470456555420638
3FKY,2310,10.664937955973246,0.73478737334084998
3FKY,2311,10.66702281971612,0.73485919076250839
3FKY,2312,10.670218206356928,0.7349692488103291
3FKY,2313,10.671559305963562,0.73501543511983836
3FKY,2314,10.677581182437354,0.73522278756910886
3FKY,2315,10.679646405758721,0.73529388634173698
3FKY,2316,10.680585012567949,0.73532619718139547
3FKY,2317,10.681622535517688,0.73536191148344299
3FKY,2318,10.68697979113742,0.73554629488994905
3FKY,2319,10.689394246374828,0.73562937932271688
3FKY,2320,10.690653751755775,0.73567271675836676
3FKY,2321,10.692146010872825,0.73572405954979947
3FKY,2322,10.694290862021646,0.73579784920169877
3FKY,2323,10.696656375482059,0.73587922175366471
3FKY,2324,10.698382934513837,0.73593860889327101
3FKY,2325,10.699718434359264,0.73598454178021822
3FKY,2326,10.70129797943472,0.73603886460490853
3FKY,2327,10.701971564337876,0.73606202893819006
3FKY,2328,10.702111972767195,0.7360668574398247
3FKY,2329,10.705428934711376,0.73618091514230621
3FKY,2330,10.710339175484579,0.73634972720773573
3FKY,2331,10.711767935159425,0.73639884011142076
3FKY,2332,10.713411650598049,0.73645533796118712
3FKY,2333,10.714871182075507,0.73650550140007276
3FKY,2334,10.717352922508496,0.73659078985688697
3FKY,2335,10.719326776296647,0.73665861703370972
3FKY,2336,10.72022802182599,0.73668958429242148
3FKY,2337,10.722140211693571,0.73675528380662936
3FKY,2338,10.726324904346161,0.736899042123495
3FKY,2339,10.728002496696716,0.73695666520852587
3FKY,2340,10.7291967776008,0.7369976844373668
3FKY,2341,10.730063794579115,0.73702746190394264
3FKY,2342,10.73334113906739,0.73714001055789025
3FKY,2343,10.736869070391002,0.73726114551666466
3FKY,2344,10.739099742951041,0.73733772756240845
3FKY,2345,10.740181338578104,0.73737485735921082
3FKY,2346,10.744579064011578,0.73752580640651899
3FKY,2347,10.746408862243872,0.73758860393250114
3FKY,2348,10.748114872477693,0.73764714831630929
3FKY,2349,10.75102676354895,0.73774706363676268
3FKY,2350,10.752833537306778,0.7378090524154306
3FKY,2351,10.755140515882966,0.73788819520071958
3FKY,2352,10.757886055920022,0.73798237213428819
3FKY,2353,10.75866551271022,0.73800910670597752
3FKY,2354,10.762155000522037,0.73812878070254662
3FKY,2355,10.76366169822909,0.73818044777198466
3FKY,2356,10.7669097381998,0.73829181594838567
3FKY,2357,10.768959688813284,0.73836209561852006
3FKY,2358,10.772755881799924,0.73849222508847112
3FKY,2359,10.773991133698711,0.73853456326938227
3FKY,2360,10.776881344432194,0.73863361557803464
3FKY,2361,10.780324168047162,0.73875158951259634
3FKY,2362,10.783068959492963,0.73884563074727005
3FKY,2363,10.784172665086048,0.73888344220856728
3FKY,2364,10.785553509804535,0.73893074535700209
3FKY,2365,10.787208618051675,0.73898743987219839
3FKY,2366,10.790489380106477,0.73909980710854639
3FKY,2367,10.793313197138842,0.73919651014135201
3FKY,2368,10.796818992324212,0.73931655025869214
3FKY,2369,10.797048647140437,0.73932441307012486
3FKY,2370,10.798261019895586,0.73936592032106407
3FKY,2371,10.801367588007633,0.73947226732507454
3FKY,2372,10.803075924209827,0.73953074220286652
3FKY,2373,10.806498436512884,0.73964787794494802
3FKY,2374,10.807703992007834,0.7396891337551178
3FKY,2375,10.809258515833813,0.73974232835771048
3FKY,2376,10.811445493889414,0.73981715857916652
3FKY,2377,10.816440715783264,0.73998804803626916
3FKY,2378,10.816912430928532,0.74000418364746889
3FKY,2379,10.821571879889174,0.74016354707550236
3FKY,2380,10.822982060184238,0.74021177158758233
3FKY,2381,10.824236696190386,0.7402546742470717
3FKY,2382,10.825387006294324,0.74029400726579586
3FKY,2383,10.826731373517203,0.74033997310986022
3FKY,2384,10.830814495825516,0.74047956342573484
3FKY,2385,10.832705508860476,0.74054420285764289
3FKY,2386,10.835482168718523,0.7406391056320043
3FKY,2387,10.83956123937385,0.74077850113465171
3FKY,2388,10.841628689994433,0.74084914282934033
3FKY,2389,10.842774560850614,0.7408882926211362
3FKY,2390,10.844150216409135,0.74093529049824081
3FKY,2391,10.846746294103646,0.74102397473968218
3FKY,2392,10.849263358186855,0.74110994967562638
3FKY,2393,10.852389685741386,0.74121672123654747
3FKY,2394,10.85440234858295,0.7412854503475782
3FKY,2395,10.861242347670489,0.74151897740436723
3FKY,2396,10.862284692700527,0.74155455805218018
3FKY,2397,10.865662783991727,0.74166985811719577
3FKY,2398,10.868970540961916,0.74178274018488521
3FKY,2399,10.870978626785231,0.74185126068572693
3FKY,2400,10.873580983792429,0.74194004967011429
3FKY,2401,10.874952720478257,0.74198684723801667
3FKY,2402,10.876330325673017,0.74203384204306777
3FKY,2403,10.877876357243302,0.74208657890130469
3FKY,2404,10.881869927114971,0.74222278667539943
3FKY,2405,10.882959537016346,0.74225994541094065
3FKY,2406,10.886825038557101,0.74239175478782982
3FKY,2407,10.887824016041913,0.742425815022701
3FKY,2408,10.889013679492168,0.7424663746758442
3FKY,2409,10.893177347436154,0.74260831076278377
3FKY,2410,10.893360847446873,0.74261456550622407
3FKY,2411,10.897361769643364,0.7427509270194117
3FKY,2412,10.897955557177927,0.74277116266191467
3FKY,2413,10.899949108351068,0.74283909671628945
3FKY,2414,10.903081032175038,0.74294581044236419
3FKY,2415,10.905357137511915,0.74302335433453282
3FKY,2416,10.906022078564559,0.74304600646752073
3FKY,2417,10.908630170456933,0.74313484804534791
3FKY,2418,10.913247010118463,0.74329208921341761
3FKY,2419,10.913905260862542,0.7433145053281055
3FKY,2420,10.914377628192353,0.74333059094001908
3FKY,2421,10.915788721458886,0.74337864108666463
3FKY,2422,10.920290048139309,0.74353189823103927
3FKY,2423,10.922234182269444,0.74359808060362198
3FKY,2424,10.926130197252666,0.74373069133653225
3FKY,2425,10.929251627552613,0.74383692006033897
3FKY,2426,10.92976434714882,0.74385436751719691
3FKY,2427,10.931454113837411,0.74391186609236104
3FKY,2428,10.93304766545136,0.74396608663532182
3FKY,2429,10.937628251197344,0.74412191891978663
3FKY,2430,10.938368239538839,0.74414709038378546
3FKY,2431,10.940084751116972,0.74420547601136122
3FKY,2432,10.942808732763009,0.74429812044376897
3FKY,2433,10.946968506265806,0.74443957486803891
3FKY,2434,10.94937861917291,0.74452151922938303
3FKY,2435,10.953096170627742,0.74464789910267615
3FKY,2436,10.955045952045507,0.7447141742455986
3FKY,2437,10.957586973979961,0.74480053743115382
3FKY,2438,10.961033673881458,0.74491766641706703
3FKY,2439,10.962345627610784,0.74496224561906221
3FKY,2440,10.965826957925012,0.74508052567823413
3FKY,2441,10.966250039176558,0.74509489881042212
3FKY,2442,10.968547719038197,0.74517295192210831
3FKY,2443,10.971916313815967,0.74528736966819276
3FKY,2444,10.973624313151129,0.74534537689132807
3FKY,2445,10.976432506074957,0.74544073917384246
3FKY,2446,10.976924289764668,0.745457438201093
3FKY,2447,10.978568968878069,0.74551328227567637
3FKY,2448,10.979687435436469,0.7455512567348882
3FKY,2449,10.983425944851872,0.74567817351597865
3FKY,2450,10.984368837020172,0.74571017987831312
3FKY,2451,10.986510605542536,0.74578287685196343
3FKY,2452,10.989089739349291,0.74587040969229901
3FKY,2453,10.99112376931709,0.74593943508952365
3FKY,2454,10.992147196563575,0.74597416297485197
3FKY,2455,10.995556466092214,0.74608983781842142
3FKY,2456,10.996572243690997,0.74612429918670831
3FKY,2457,10.997783442352798,0.74616538834839452
3FKY,2458,11.000473818314429,0.74625664958656679
3FKY,2459,11.002492399155571,0.746325115286395
3FKY,2460,11.003322095479682,0.74635325488917037
3FKY,2461,11.0058882007944,0.74644027903457655
3FKY,2462,11.007045645750221,0.7464795280622939
3FKY,2463,11.008430431272533,0.74652648351091466
3FKY,2464,11.010386907016059,0.74659281885622775
3FKY,2465,11.011000318766483,0.74661361569258378
3FKY,2466,11.014844980249357,0.74674395017644679
3FKY,2467,11.015585192336244,0.74676904084330009
3FKY,2468,11.018705174255174,0.74687478833246757
3FKY,2469,11.019989760289963,0.74691832325541418
3FKY,2470,11.0210381958181,0.74695385310157636
3FKY,2471,11.024659166967847,0.74707654917534883
3FKY,2472,11.025609316966341,0.74710874153058937
3FKY,2473,11.027309022467493,0.74716632637078662
3FKY,2474,11.029727810525316,0.7472482655770063
3FKY,2475,11.031517586168029,0.74730889048622751
3FKY,2476,11.032708152925364,0.74734921572304236
3FKY,2477,11.033580881755004,0.74737877420946808
3FKY,2478,11.03722173094577,0.74750207366209342
3FKY,2479,11.037796351744815,0.74752153166787194
3FKY,2480,11.04146702579264,0.74764581733649282
3FKY,2481,11.046371220828119,0.74781183666375828
3FKY,2482,11.049727479963297,0.74792543323057403
3FKY,2483,11.049922696254157,0.74793204002627589
3FKY,2484,11.05082739414139,0.74796265737562584
3FKY,2485,11.055212166274178,0.74811103181120808
3FKY,2486,11.055891987041184,0.74813403334159312
3FKY,2487,11.056732981380934,0.74816248715263034
3FKY,2488,11.058728925650561,0.74823001267060896
3FKY,2489,11.059215137382184,0.74824646095385783
3FKY,2490,11.063375129880642,0.74838717650037767
3FKY,2491,11.064856401799961,0.74843727548881678
3FKY,2492,11.065526375482825,0.74845993397029487
3FKY,2493,11.069532272239162,0.74859539891860649
3FKY,2494,11.071015524583043,0.74864555093316121
3FKY,2495,11.074248517648726,0.74875485387806795
3FKY,2496,11.076615789279234,0.74883487788180736
3FKY,2497,11.079111520306707,0.74891923510851766
3FKY,2498,11.079295062879153,0.74892543858401361
3FKY,2499,11.079687730861526,0.74893871002563672
3FKY,2500,11.082317371938538,0.74902758090365973
3FKY,2501,11.086452524711486,0.74916731046110052
3FKY,2502,11.087432166638431,0.74920040939395549
3FKY,2503,11.088876412593429,0.74924920312773269
3FKY,2504,11.090090583400825,0.7492902213326067
3FKY,2505,11.091322631010206,0.74933184117244855
3FKY,2506,11.091997534309874,0.74935463912251687
3FKY,2507,11.09729611279861,0.74953359878689207
3FKY,2508,11.098393895258774,0.74957067108277087
3FKY,2509,11.09987587040866,0.74962071472141056
3FKY,2510,11.102765184454105,0.74971827206157182
3FKY,2511,11.104254175903963,0.74976854272177762
3FKY,2512,11.105591166889525,0.74981367873877991
3FKY,2513,11.11013667730116,0.74996711213783984
3FKY,2514,11.111241062546586,0.75000438584812357
3FKY,2515,11.112662132010847,0.75005234512869112
3FKY,2516,11.113333642814029,0.75007500669430405
3FKY,2517,11.115718936647632,0.75015549799210723
3FKY,2518,11.117649749037858,0.7502206465734208
3FKY,2519,11.119170439862991,0.7502719530397387
3FKY,2520,11.121157414797098,0.75033898614166594
3FKY,2521,11.124529365711433,0.7504527294501242
3FKY,2522,11.125196873089129,0.75047524389558462
3FKY,2523,11.127941044606347,0.75056779532777473
3FKY,2524,11.132326608973864,0.75071568158611279
3FKY,2525,11.133732073069787,0.75076306928295167
3FKY,2526,11.138925191200785,0.75093813846717083
3FKY,2527,11.139961422398914,0.75097306676667508
3FKY,2528,11.141533909397866,0.75102606756574497
3FKY,2529,11.146944772306227,0.75120841255806159
3FKY,2530,11.147478277098935,0.75122638916516604
3FKY,2531,11.148385523576614,0.75125695812489224
3FKY,2532,11.15081354239058,0.75133876219953077
3FKY,2533,11.151618807886695,0.7513658909940375
3FKY,2534,11.15328766612595,0.75142211046629859
3FKY,2535,11.155884661141155,0.75150958807607438
3FKY,2536,11.158821267591033,0.75160849294815457
3FKY,2537,11.160770327798637,0.75167413008883444
3FKY,2538,11.163457215678209,0.75176460514160237
3FKY,2539,11.165369401311382,0.75182898716489299
3FKY,2540,11.168288351191057,0.75192725564315543
3FKY,2541,11.169697797696474,0.75197470104278374
3FKY,2542,11.172074505384714,0.75205470002859576
3FKY,2543,11.173524971161765,0.75210351791828789
3FKY,2544,11.176041582789647,0.75218821124019608
3FKY,2545,11.177800313525381,0.75224739339676172
3FKY,2546,11.178137775426686,0.75225874862375386
3FKY,2547,11.180777564463874,0.75234756874797148
3FKY,2548,11.182880650131395,0.75241832308424139
3FKY,2549,11.184903466080009,0.75248637062095713
3FKY,2550,11.185709461014127,0.75251348257944206
3FKY,2551,11.18788009751672,0.75258649332603889
3FKY,2552,11.19020638921241,0.75266473177230664
3FKY,2553,11.191689587109218,0.75271461082365354
3FKY,2554,11.192483892940194,0.75274132149105344
3FKY,2555,11.195590449308941,0.75284577869326275
3FKY,2556,11.197693896393332,0.75291649836148
3FKY,2557,11.200669628103691,0.75301653363173204
3FKY,2558,11.20206082893897,0.75306329711720477
3FKY,2559,11.203065276378172,0.75309705856326714
3FKY,2560,11.20442889656761,0.75314289008709046
3FKY,2561,11.207344232361862,0.75324086570188109
3FKY,2562,11.207675729997371,0.75325200552744431
3FKY,2563,11.210751632784083,0.75335536197049413
3FKY,2564,11.211608135529596,0.75338413964005491
3FKY,2565,11.213716740358803,0.75345498205311801
3FKY,2566,11.216511063347026,0.75354885215355694
3FKY,2567,11.217032285795325,0.75356636036144042
3FKY,2568,11.218328512038347,0.75360989969741066
3FKY,2569,11.220838499115196,0.75369420126315612
3FKY,2570,11.221480944993417,0.753715777226596
3FKY,2571,11.222962522937893,0.75376553232668508
3FKY,2572,11.226003518834094,0.75386764630203884
3FKY,2573,11.226797022137898,0.75389428917171875
3FKY,2574,11.230279160433897,0.7540111952066535
3FKY,2575,11.232704915596731,0.75409262451776082
3FKY,2576,11.23405447164852,0.75413792347766617
3FKY,2577,11.237738037445936,0.75426155154939489
3FKY,2578,11.238075564334082,0.75427287863505532
3FKY,2579,11.239976856423933,0.75433668103603557
3FKY,2580,11.240242605883637,0.75434559846456262
3FKY,2581,11.242474222322166,0.75442047792001221
3FKY,2582,11.244201172615815,0.75447841875276711
3FKY,2583,11.246454834566602,0.7545540245734127
3FKY,2584,11.247289261414402,0.75458201599236652
3FKY,2585,11.249876668282877,0.75466880572329254
3FKY,2586,11.250342107153386,0.75468441694170429
3FKY,2587,11.252092731005002,0.75474313147396599
3FKY,2588,11.254620304229224,0.75482789621317292
3FKY,2589,11.257154414655448,0.75491287062940726
3FKY,2590,11.25888419817646,0.7549708686649329
3FKY,2591,11.261476063951367,0.75505776317943918
3FKY,2592,11.263563344741808,0.75512773378253961
3FKY,2593,11.265335316324149,0.75518712938510146
3FKY,2594,11.266324008108137,0.75522026780964668
3FKY,2595,11.267997114475511,0.75527634275165989
3FKY,2596,11.268378919438584,0.75528913854005497
3FKY,2597,11.271244735910624,0.75538517642026537
3FKY,2598,11.272472598976291,0.75542632024782852
3FKY,2599,11.274164490782603,0.75548300930323331
3FKY,2600,11.275204890570098,0.75551786715147329
3FKY,2601,11.27756448040194,0.75559691755614533
3FKY,2602,11.279202298891278,0.7556517824906992
3FKY,2603,11.281243093145378,0.75572014105122587
3FKY,2604,11.282588850868182,0.75576521524558249
3FKY,2605,11.284809938549278,0.75583960146254392
3FKY,2606,11.286207416023192,0.75588640048367983
3FKY,2607,11.288306145366981,0.75595667773305852
3FKY,2608,11.288367507866162,0.75595873239597178
3FKY,2609,11.289742240974858,0.75600476251763937
3FKY,2610,11.290942819085993,0.7560449591236148
3FKY,2611,11.293060640220048,0.75611586077210413
3FKY,2612,11.294247254073552,0.75615558401526961
3FKY,2613,11.296523602590236,0.75623178152014392
3FKY,2614,11.298928563563363,0.75631227580305438
3FKY,2615,11.299596255376281,0.75633462199506918
3FKY,2616,11.302414482102735,0.75642893463725402
3FKY,2617,11.304577166427597,0.75650130142016092
3FKY,2618,11.307116748322393,0.75658627094589892
3FKY,2619,11.307735462298083,0.75660697047994507
3FKY,2620,11.309145875379073,0.75665415477684761
3FKY,2621,11.310459070873021,0.75669808408832828
3FKY,2622,11.311678636417833,0.75673887898577863
3FKY,2623,11.314609733204467,0.7568369162134444
3FKY,2624,11.316842191756654,0.75691157737062043
3FKY,2625,11.317200199034234,0.75692354969052722
3FKY,2626,11.31967233957031,0.75700621674511159
3FKY,2627,11.320982586964409,0.75705002705572455
3FKY,2628,11.32244675427196,0.75709898093645456
3FKY,2629,11.323485751795667,0.75713371750613223
3FKY,2630,11.32616182662675,0.75722317877424961
3FKY,2631,11.327608628287908,0.7572715409990497
3FKY,2632,11.330113731135222,0.75735527174419315
3FKY,2633,11.33107473245305,0.75738738986758669
3FKY,2634,11.33302175074717,0.75745245800088046
3FKY,2635,11.333918790823526,0.75748243463821718
3FKY,2636,11.33600315260065,0.75755208375425109
3FKY,2637,11.339189399511207,0.75765854007610511
3FKY,2638,11.339711373025661,0.75767597840991641
3FKY,2639,11.342461337939355,0.75776784388965723
3FKY,2640,11.343594232281115,0.75780568618164346
3FKY,2641,11.34479135578,0.75784567187941543
3FKY,2642,11.346256812150424,0.75789461742059849
3FKY,2643,11.349571409188593,0.75800531171633123
3FKY,2644,11.352661182326926,0.75810848323660163
3FKY,2645,11.352753343477128,0.75811156040092775
3FKY,2646,11.355137952178842,0.75819117564704874
3FKY,2647,11.355826210916865,0.75821415307791928
3FKY,2648,11.359335672088255,0.75833130516909819
3FKY,2649,11.360540241869943,0.75837151169111428
3FKY,2650,11.361262424257859,0.75839561590772275
3FKY,2651,11.362677637062365,0.75844284911671644
3FKY,2652,11.364693082742273,0.75851011022518855
3FKY,2653,11.365474172890604,0.75853617580349253
3FKY,2654,11.366944087339133,0.7585852255492086
3FKY,2655,11.368351477856322,0.75863218595474602
3FKY,2656,11.370235056751591,0.75869503079172018
3FKY,2657,11.372430680723776,0.75876828031464338
3FKY,2658,11.37529491685895,0.75886382517944828
3FKY,2659,11.376399261919838,0.75890066058390793
3FKY,2660,11.378703409950434,0.75897750963301991
3FKY,2661,11.382627915369447,0.75910838370787237
3FKY,2662,11.383315296578777,0.75913130411629093
3FKY,2663,11.383693283652411,0.75914390762549311
3FKY,2664,11.386202627164941,0.75922757326128854
3FKY,2665,11.388116551894907,0.75929138045922773
3FKY,2666,11.391890471962258,0.75941718122721547
3FKY,2667,11.39297767259605,0.75945341837085378
3FKY,2668,11.395930386551921,0.75955182563087231
3FKY,2669,11.397328929614748,0.75959843145029382
3FKY,2670,11.398798256327753,0.75964739302296858
3FKY,2671,11.399193211575756,0.75966055336316018
3FKY,2672,11.401998852329019,0.75975403381565321
3FKY,2673,11.402840080553382,0.75978206025018458
3FKY,2674,11.403487216338441,0.75980361958017384
3FKY,2675,11.405838311015222,0.75988194115608876
3FKY,2676,11.408414021005305,0.75996773603449341
3FKY,2677,11.409757450151911,0.7600124807619546
3FKY,2678,11.409874170087154,0.76001636815312223
3FKY,2679,11.412661001797916,0.76010917848426185
3FKY,2680,11.413845299989843,0.76014861593769001
3FKY,2681,11.415126898584884,0.76019129121613838
3FKY,2682,11.416779257604352,0.76024630871594523
3FKY,2683,11.418429399617638,0.76030124842436164
3FKY,2684,11.418775134726957,0.76031275880097671
3FKY,2685,11.422171236758834,0.7604258141731618
3FKY,2686,11.42293104186699,0.76045110559096196
3FKY,2687,11.425056666787921,0.76052185619884627
3FKY,2688,11.426557148067349,0.76057179517841023
3FKY,2689,11.427871257220959,0.76061552863244331
3FKY,2690,11.4294892687385,0.76066937248050581
3FKY,2691,11.431424246588776,0.76073375926374975
3FKY,2692,11.433318732977,0.76079679340607143
3FKY,2693,11.434096634071402,0.76082267454372354
3FKY,2694,11.435485109706434,0.76086886759735961
3FKY,2695,11.437850785416346,0.76094756456125312
3FKY,2696,11.439988855364797,0.76101868295255604
3FKY,2697,11.442052658355168,0.7610873247067188
3FKY,2698,11.442722540438934,0.76110960354585011
3FKY,2699,11.444922426493255,0.76118276244356786
3FKY,2700,11.447088519484911,0.76125479065745361
3FKY,2701,11.44748985151079,0.76126813524062198
3FKY,2702,11.44888217701995,0.76131442926798321
3FKY,2703,11.450357942212433,0.76136349454416608
3FKY,2704,11.450832875365515,0.7613792841385818
3FKY,2705,11.454048189079678,0.76148617162241283
3FKY,2706,11.454362002269722,0.76149660298973409
3FKY,2707,11.45681798414385,0.76157823658983481
3FKY,2708,11.457733012592923,0.76160864869204103
3FKY,2709,11.459665965573167,0.76167288878306649
3FKY,2710,11.460671782738135,0.76170631414024537
3FKY,2711,11.462693292164301,0.76177348858818772
3FKY,2712,11.46406121059016,0.76181894094734004
3FKY,2713,11.465946965019619,0.76188159519975163
3FKY,2714,11.466635375263426,0.76190446636879017
3FKY,2715,11.468005217573046,0.76194997482750504
3FKY,2716,11.469084083223141,0.76198581464038528
3FKY,2717,11.471033188493399,0.76205055945618094
3FKY,2718,11.474633243894125,0.76217013059561711
3FKY,2719,11.475704122917646,0.76220569482437339
3FKY,2720,11.475965688867033,0.76221438125955976
3FKY,2721,11.478785460524282,0.76230801775859725
3FKY,2722,11.480100830908295,0.76235169348846632
3FKY,2723,11.482415836652313,0.76242855516469432
3FKY,2724,11.483479842421607,0.76246387915926472
3FKY,2725,11.485033913939148,0.76251546993695118
3FKY,2726,11.485074805144004,0.76251682736213455
3FKY,2727,11.486491733966592,0.76256386226470152
3FKY,2728,11.486956632574353,0.76257929392560653
3FKY,2729,11.488112539587144,0.76261766129338959
3FKY,2730,11.489271526373852,0.76265612894847723
3FKY,2731,11.491025451902162,0.76271433938437716
3FKY,2732,11.492247327482568,0.76275488917069889
3FKY,2733,11.494195725066058,0.76281954522774864
3FKY,2734,11.495956724889979,0.76287797792147283
3FKY,2735,11.498276146736993,0.7629549330914378
3FKY,2736,11.499279794193789,0.76298823030310281
3FKY,2737,11.500791973515438,0.76303839592724243
3FKY,2738,11.502661199916885,0.76310040181210248
3FKY,2739,11.50366347733309,0.76313364723355481
3FKY,2740,11.504650825620985,0.76316639604155945
3FKY,2741,11.505825340015356,0.76320535102833065
3FKY,2742,11.50644452799088,0.76322588676586323
3FKY,2743,11.507064417112806,0.76324644520386453
3FKY,2744,11.507824835792368,0.76327166350650577
3FKY,2745,11.510433864457219,0.76335818223698026
3FKY,2746,11.511762892863249,0.76340225075067869
3FKY,2747,11.512404056307449,0.76342350982306317
3FKY,2748,11.514041327989336,0.7634777941953913
3FKY,2749,11.516322115471004,0.76355340814884698
3FKY,2750,11.516969209286184,0.76357485960455318
3FKY,2751,11.519346721568144,0.7636536700490526
3FKY,2752,11.520874714394314,0.76370431609112444
3FKY,2753,11.522227392092452,0.76374914842812125
3FKY,2754,11.525348635368788,0.76385258699931424
3FKY,2755,11.5275083491707,0.76392415210985887
3FKY,2756,11.529655484851427,0.76399529378171138
3FKY,2757,11.530099397358246,0.76401000123772023
3FKY,2758,11.532233116288744,0.76408069044579163
3FKY,2759,11.534258731417104,0.76414779216980722
3FKY,2760,11.534465248049422,0.76415463303084274
3FKY,2761,11.537330795284475,0.76424954793004396
3FKY,2762,11.538332680920107,0.76428273038946815
3FKY,2763,11.539720531946337,0.76432869364546518
3FKY,2764,11.540863285196568,0.76436653760684503
3FKY,2765,11.542923221877341,0.76443475071947142
3FKY,2766,11.545593083196632,0.76452315192990028
3FKY,2767,11.548664112006827,0.76462482347249605
3FKY,2768,11.549946680098987,0.76466728103143744
3FKY,2769,11.551916909452267,0.76473249802857268
3FKY,2770,11.553030377687554,0.76476935272697255
3FKY,2771,11.55475739441014,0.7648265117606825
3FKY,2772,11.557331992481412,0.76491171524521151
3FKY,2773,11.558577620342723,0.76495293451940582
3FKY,2774,11.560472216189426,0.76501562464082373
3FKY,2775,11.562767795189647,0.76509157597733091
3FKY,2776,11.564644633114668,0.7651536672796061
3FKY,2777,11.567200247667483,0.76523820640253337
3FKY,2778,11.569882448842087,0.76532692293727045
3FKY,2779,11.570924777905072,0.7653613962576401
3FKY,2780,11.573799146748325,0.76545645323828448
3FKY,2781,11.576270461289393,0.7655381715517362
3FKY,2782,11.577153924313336,0.76556738267664104
3FKY,2783,11.578545621535946,0.76561339597100664
3FKY,2784,11.579640857010361,0.76564960548944938
3FKY,2785,11.584965683875138,0.7658256248952362
3FKY,2786,11.58607397955558,0.76586225603237645
3FKY,2787,11.587522343932104,0.76591012440204942
3FKY,2788,11.588894338476642,0.76595546599353936
3FKY,2789,11.592075023745608,0.76606057076260059
3FKY,2790,11.593230248595635,0.76609874124368205
3FKY,2791,11.594064902006187,0.76612631834708778
3FKY,2792,11.596752826865325,0.76621512113769796
3FKY,2793,11.597359906745982,0.76623517622138393
3FKY,2794,11.599241480476866,0.7662973312945448
3FKY,2795,11.603682926245069,0.7664440280549889
3FKY,2796,11.604702235561238,0.76647769091819473
3FKY,2797,11.60623221221881,0.76652821588221876
3FKY,2798,11.608999676535518,0.76661959838280336
3FKY,2799,11.610265848683527,0.76666140413457862
3FKY,2800,11.612014852097284,0.76671914798537877
3FKY,2801,11.614816020527353,0.76681162030788064
3FKY,2802,11.616436515362059,0.76686511107899824
3FKY,2803,11.618854011642229,0.76694490306630758
3FKY,2804,11.620597529363504,0.76700244453588762
3FKY,2805,11.621403578682541,0.76702904519372905
3FKY,2806,11.623760327265039,0.76710681561813321
3FKY,2807,11.62538758416804,0.76716050892137755
3FKY,2808,11.628690793683015,0.76726949074637574
3FKY,2809,11.629430604667066,0.76729389699206541
3FKY,2810,11.632374348887698,0.76739100295249729
3FKY,2811,11.634126184588609,0.76744878532368421
3FKY,2812,11.635609565116487,0.76749770959529395
3FKY,2813,11.636655820538948,0.76753221490357282
3FKY,2814,11.638543535383612,0.76759446746234139
3FKY,2815,11.643375032822954,0.7677537763089558
3FKY,2816,11.645852126638299,0.76783544064536635
3FKY,2817,11.648014595970643,0.76790672540420801
3FKY,2818,11.650827960258615,0.76799945669778469
3FKY,2819,11.653385247665957,0.76808373772856897
3FKY,2820,11.655004806421356,0.76813710906652677
3FKY,2821,11.657124283260622,0.76820694922661892
3FKY,2822,11.657496103829692,0.76821920065589233
3FKY,2823,11.660286267077337,0.7683111298626295
3FKY,2824,11.664142273643538,0.76843815795625625
3FKY,2825,11.666571003050576,0.76851815660362599
3FKY,2826,11.668921059055895,0.76859555594259377
3FKY,2827,11.671266830671104,0.76867280640251912
3FKY,2828,11.672492778775169,0.76871317598015254
3FKY,2829,11.673291580842104,0.76873947880938931
3FKY,2830,11.675579237174855,0.76881480141967684
3FKY,2831,11.678707230507056,0.76891778074409212
3FKY,2832,11.681558578089749,0.76901164036430136
3FKY,2833,11.68454761104538,0.76911001996409611
3FKY,2834,11.684979297546157,0.76912422724698659
3FKY,2835,11.68742466350502,0.7692047020071715
3FKY,2836,11.690638183351183,0.76931044321012154
3FKY,2837,11.693509492384436,0.76940491163753444
3FKY,2838,11.695498052511443,0.76947033010272181
3FKY,2839,11.700499506377087,0.76963484036934038
3FKY,2840,11.70129856198513,0.7696611200395258
3FKY,2841,11.702503405737206,0.76970074374099839
3FKY,2842,11.704374439848298,0.76976227240448725
3FKY,2843,11.706448198197378,0.76983046187699167
3FKY,2844,11.709082209833875,0.76991706493156775
3FKY,2845,11.710356154137694,0.76995894715447055
3FKY,2846,11.712311316834029,0.77002322069839091
3FKY,2847,11.715028913777097,0.77011254941077634
3FKY,2848,11.71706212694053,0.77017937532523184
3FKY,2849,11.718499148240145,0.77022660261747478
3FKY,2850,11.721043149207823,0.7703102033782534
3FKY,2851,11.723268784565777,0.77038333459300801
3FKY,2852,11.725811980679628,0.77046689190510076
3FKY,2853,11.727156929804655,0.77051107686480458
3FKY,2854,11.727396723782558,0.7705189544336285
3FKY,2855,11.731770606668601,0.77066262849744949
3FKY,2856,11.735353878456964,0.77078031247358925
3FKY,2857,11.737502540889766,0.77085087152609777
3FKY,2858,11.739096938158466,0.77090322511601439
3FKY,2859,11.741112733247132,0.77096941062576285
3FKY,2860,11.742541599779397,0.77101632180442969
3FKY,2861,11.744089687111801,0.7710671439051433
3FKY,2862,11.747311309611522,0.77117289569141578
3FKY,2863,11.749458976473324,0.77124338615249211
3FKY,2864,11.750964803979489,0.77129280639810305
3FKY,2865,11.753466300695804,0.77137489683857685
3FKY,2866,11.755148543282294,0.77143009728922696
3FKY,2867,11.757599725678789,0.77151052236018713
3FKY,2868,11.757712087139211,0.77151420882017629
3FKY,2869,11.760871315138242,0.77161785252084047
3FKY,2870,11.763509425800338,0.77170438944011588
3FKY,2871,11.766705211234786,0.77180920655221585
3FKY,2872,11.768773560738717,0.77187703781910599
3FKY,2873,11.770923086705167,0.77194752494223917
3FKY,2874,11.772009053895838,0.77198313346437608
3FKY,2875,11.774509561324111,0.77206511807102973
3FKY,2876,11.777164968965533,0.77215217188963481
3FKY,2877,11.77814901811405,0.77218443006967175
3FKY,2878,11.779744236670712,0.77223672017164191
3FKY,2879,11.781931836510621,0.77230842234391706
3FKY,2880,11.782535575073275,0.77232820969331728
3FKY,2881,11.784936942732861,0.77240690877661833
3FKY,2882,11.786062528331543,0.77244379439334254
3FKY,2883,11.787030046721465,0.77247549871518528
3FKY,2884,11.790575185257151,0.77259165718615119
3FKY,2885,11.791865575752787,0.77263393322613316
3FKY,2886,11.795024721437489,0.77273742404698698
3FKY,2887,11.797606804661145,0.77282200051885841
3FKY,2888,11.799424744429782,0.7728815418204511
3FKY,2889,11.801568269320873,0.7729517408185127
3FKY,2890,11.802228296720227,0.77297335498803676
3FKY,2891,11.803245798171991,0.77300667431300807
3FKY,2892,11.804302716645319,0.7730412828757397
3FKY,2893,11.808531981665427,0.77317975372600922
3FKY,2894,11.809323238031414,0.77320565758751425
3FKY,2895,11.811593159190179,0.77327996462083703
3FKY,2896,11.81453240611844,0.77337617176878815
3FKY,2897,11.816287810565314,0.77343362379060621
3FKY,2898,11.817337402769427,0.77346797349030694
3FKY,2899,11.818234851173489,0.77349734281421934
3FKY,2900,11.819216294361617,0.77352945962132358
3FKY,2901,11.821113239148186,0.77359153157973293
3FKY,2902,11.825891890973384,0.77374787688272695
3FKY,2903,11.827111688485918,0.77378778048609653
3FKY,2904,11.830781585347708,0.77390782252037471
3FKY,2905,11.83134007177458,0.77392608893458825
3FKY,2906,11.834353256992076,0.77402463373927821
3FKY,2907,11.834934707339483,0.77404364835522121
3FKY,2908,11.839043818454403,0.77417801138320519
3FKY,2909,11.841052201591593,0.77424367463065169
3FKY,2910,11.842352308759711,0.77428617812212075
3FKY,2911,11.843192251111768,0.77431363652755936
3FKY,2912,11.845377283871487,0.77438506248247974
3FKY,2913,11.849777542118797,0.77452888136580433
3FKY,2914,11.852415802672596,0.77461509797466521
3FKY,2915,11.854937699211035,0.77469750291488526
3FKY,2916,11.856753112271489,0.77475681752969705
3FKY,2917,11.858149835811846,0.77480244929786757
3FKY,2918,11.861066171316418,0.77489771900741444
3FKY,2919,11.862346133288527,0.77493952860705961
3FKY,2920,11.863528056528828,0.77497813379589753
3FKY,2921,11.86641147905655,0.77507230703156837
3FKY,2922,11.86910379014534,0.77516022819550534
3FKY,2923,11.870425258116908,0.77520337892205327
3FKY,2924,11.872607989702137,0.77527464777243349
3FKY,2925,11.877102759946034,0.77542138687443229
3FKY,2926,11.878257667991051,0.77545908624636473
3FKY,2927,11.880190741285285,0.77552218296936393
3FKY,2928,11.881491810101043,0.7755646477801611
3FKY,2929,11.883950880556062,0.7756449015678184
3FKY,2930,11.886772059252918,0.77573696282933369
3FKY,2931,11.887144934730282,0.7757491297582747
3FKY,2932,11.889360764523039,0.7758214283609205
3FKY,2933,11.890442918633889,0.77585673468485195
3FKY,2934,11.891442969477911,0.77588936088196192
3FKY,2935,11.892323702259585,0.77591809324624694
3FKY,2936,11.895874627251851,0.77603392516347192
3FKY,2937,11.897611727121973,0.776090583427959
3FKY,2938,11.90036849153798,0.77618049117721988
3FKY,2939,11.903119782504589,0.77627021003597385
3FKY,2940,11.904830695769228,0.77632599722881701
3FKY,2941,11.908948856297918,0.77646026031605908
3FKY,2942,11.910784318029815,0.77652009381616094
3FKY,2943,11.911812907191681,0.77655362237683168
3FKY,2944,11.914212308199938,0.77663182918460261
3FKY,2945,11.91452724396431,0.77664209371221526
3FKY,2946,11.917389893079623,0.77673538823537314
3FKY,2947,11.919916148703706,0.77681771029510216
3FKY,2948,11.920900514487579,0.7768497850588193
3FKY,2949,11.924058695308608,0.77695268289001884
3FKY,2950,11.925649723982385,0.77700451560889161
3FKY,2951,11.927807910791417,0.77707481974634551
3FKY,2952,11.928857421068841,0.77710900582969067
3FKY,2953,11.929697226967308,0.77713636005222397
3FKY,2954,11.930190895734608,0.77715243942006929
3FKY,2955,11.933556221922844,0.77726204315844727
3FKY,2956,11.934336619598675,0.7772874573587194
3FKY,2957,11.9382490510352,0.77741485592227844
3FKY,2958,11.940910147543402,0.77750149595957996
3FKY,2959,11.941198193904725,0.77751087360012316
3FKY,2960,11.944271288923336,0.77761091427637763
3FKY,2961,11.94472857030588,0.77762579938665566
3FKY,2962,11.947861263821624,0.7777277650186919
3FKY,2963,11.949391690057904,0.77777757380190737
3FKY,2964,11.950962461627491,0.77782869233520291
3FKY,2965,11.954737677396947,0.77795153764114411
3FKY,2966,11.957334672714142,0.7780360324600355
3FKY,2967,11.958846504616433,0.77808521660304464
3FKY,2968,11.960682924641592,0.77814495632881964
3FKY,2969,11.962021879482771,0.77818851035518077
3FKY,2970,11.965613210047024,0.77830531846996298
3FKY,2971,11.968116768311228,0.77838673639506206
3FKY,2972,11.968951461601938,0.77841387946490148
3FKY,2973,11.969994257164847,0.77844778840264583
3FKY,2974,11.971555027280562,0.77849853773535027
3FKY,2975,11.975269561830027,0.77861930464614415
3FKY,2976,11.977040621410126,0.7786768787237025
3FKY,2977,11.979851769387629,0.77876825553257412
3FKY,2978,11.980024314211985,0.7787738637800975
3FKY,2979,11.981488168526731,0.77882144200815751
3FKY,2980,11.984359574139559,0.77891476006095506
3FKY,2981,11.986210775010219,0.77897491646707873
3FKY,2982,11.987461664984336,0.77901556261080696
3FKY,2983,11.991938931983071,0.7791610285631867
3FKY,2984,11.993700642451667,0.77921825891345464
3FKY,2985,11.993916774460628,0.77922527981776191
3FKY,2986,11.998242326216575,0.77936577918504613
3FKY,2987,11.998772967301102,0.77938301333145454
3FKY,2988,12.00150462027354,0.77947172585113567
3FKY,2989,12.003282392427037,0.77952945493843839
3FKY,2990,12.005103449664633,0.77958858517763852
3FKY,2991,12.006865864566942,0.77964580701348063
3FKY,2992,12.009121017421133,0.77971902087030354
3FKY,2993,12.010246944414945,0.77975557167679577
3FKY,2994,12.011492491224931,0.77979600368831214
3FKY,2995,12.013544585624699,0.77986261267434176
3FKY,2996,12.014626210512072,0.77989771887547776
3FKY,2997,12.016923857561602,0.77997228815455755
3FKY,2998,12.019351398895584,0.78005106535988333
3FKY,2999,12.021365654688973,0.78011642481659704
3FKY,3000,12.023050307242798,0.78017108495775889
3FKY,3001,12.024126192818526,0.78020599107635535
3FKY,3002,12.025371169130475,0.7802463812394328
3FKY,3003,12.029087029081719,0.78036692065160085
3FKY,3004,12.030300724806276,0.78040628789965405
3FKY,3005,12.031878520362879,0.78045746206527533
3FKY,3006,12.032596119449117,0.78048073553875219
3FKY,3007,12.033438835766026,0.78050806598052214
3FKY,3008,12.037469634369856,0.78063877705374973
3FKY,3009,12.03803070301583,0.78065696969935283
3FKY,3010,12.041872932798702,0.78078154257316701
3FKY,3011,12.042832781035459,0.78081265969496172
3FKY,3012,12.04542930149894,0.7808968295417672
3FKY,3013,12.045902302343974,0.78091216154966092
3FKY,3014,12.048207914520079,0.78098689212596839
3FKY,3015,12.0500130534062,0.78104539613820712
3FKY,3016,12.051114003891572,0.78108107546336747
3FKY,3017,12.05267850129902,0.78113177449663573
3FKY,3018,12.054481723069697,0.78119020553921659
3FKY,3019,12.056731687041466,0.78126310655020326
3FKY,3020,12.059869972055703,0.78136477866315424
3FKY,3021,12.060802109217379,0.78139497488730358
3FKY,3022,12.062111428740735,0.78143738781811534
3FKY,3023,12.063079968631426,0.78146876035575852
3FKY,3024,12.065026390325457,0.78153180422182844
3FKY,3025,12.067900697953929,0.78162489266522062
3FKY,3026,12.068175290072462,0.78163378513209014
3FKY,3027,12.071075968482189,0.78172771532318774
3FKY,3028,12.072604260104544,0.78177720014579122
3FKY,3029,12.073798596482828,0.78181586959267024
3FKY,3030,12.076073822811551,0.78188953009989515
3FKY,3031,12.077146358316943,0.78192425105619734
3FKY,3032,12.078725269191526,0.78197536198579887
3FKY,3033,12.080908308052786,0.78204602364258091
3FKY,3034,12.083930717765782,0.78214384392315761
3FKY,3035,12.085326927418725,0.78218902811313651
3FKY,3036,12.086133783460124,0.78221513842910817
3FKY,3037,12.088605676022784,0.78229512484014196
3FKY,3038,12.089100507180396,0.78231113578678368
3FKY,3039,12.091887553242829,0.78240130839801025
3FKY,3040,12.094437512884268,0.7824838011676446
3FKY,3041,12.097710440162157,0.78258966964381105
3FKY,3042,12.099266077713329,0.78263998440166438
3FKY,3043,12.101009990468576,0.78269638479264203
3FKY,3044,12.104207906572167,0.78279979897175245
3FKY,3045,12.106284239329581,0.78286693608560332
3FKY,3046,12.107401966148425,0.78290307480317378
3FKY,3047,12.108711068769233,0.7829453990262939
3FKY,3048,12.110457446247608,0.78300185709631953
3FKY,3049,12.111860170760913,0.78304720237337633
3FKY,3050,12.114627299653073,0.78313664647042081
3FKY,3051,12.115386720997595,0.78316119206106172
3FKY,3052,12.117673270554773,0.78323509198824548
3FKY,3053,12.119486743834809,0.78329369741281418
3FKY,3054,12.122730211722557,0.78339850457379256
3FKY,3055,12.124936050919414,0.78346977451449618
3FKY,3056,12.125947452483251,0.78350245039946398
3FKY,3057,12.129112873493664,0.78360470852376629
3FKY,3058,12.131664053327743,0.78368711403194391
3FKY,3059,12.132465288305868,0.78371299288737373
3FKY,3060,12.134465048501804,0.78377757883241594
3FKY,3061,12.13657584665879,0.78384574518019889
3FKY,3062,12.137330059410937,0.78387010037229943
3FKY,3063,12.139075945801002,0.78392647598877263
3FKY,3064,12.140989169144172,0.78398825035068209
3FKY,3065,12.142396950515817,0.7840337018393172
3FKY,3066,12.145080041323238,0.78412032054525205
3FKY,3067,12.146128471979628,0.78415416462196308
3FKY,3068,12.147782233915397,0.78420754624778188
3FKY,3069,12.151486905359269,0.78432711580297487
3FKY,3070,12.154511601446117,0.78442472540276909
3FKY,3071,12.154690300732225,0.78443049180572333
3FKY,3072,12.156426204005452,0.78448650503228923
3FKY,3073,12.15873005024663,0.78456083817237254
3FKY,3074,12.160423680603991,0.78461547832717204
3FKY,3075,12.161465152451633,0.78464907655770799
3FKY,3076,12.16348282071761,0.78471416311853903
3FKY,3077,12.166341146300871,0.78480635862069925
3FKY,3078,12.166932386496217,0.78482542776490816
3FKY,3079,12.168594654610699,0.78487903806234161
3FKY,3080,12.16966221866427,0.78491346645339111
3FKY,3081,12.172663139522685,0.78501023651818458
3FKY,3082,12.174240826237797,0.78506110706637899
3FKY,3083,12.176921731285338,0.78514754196031222
3FKY,3084,12.179318621398734,0.78522481189039806
3FKY,3085,12.184219726286688,0.78538278797237693
3FKY,3086,12.18473157356118,0.78539928438440454
3FKY,3087,12.186525782642107,0.78545710751527142
3FKY,3088,12.188896659115873,0.78553350874914374
3FKY,3089,12.190254369173008,0.78557725746064178
3FKY,3090,12.191924759313984,0.78563107814054201
3FKY,3091,12.193228029666273,0.78567306750445198
3FKY,3092,12.197411308022501,0.78580783113216623
3FKY,3093,12.198410693685947,0.78584002275771825
3FKY,3094,12.200144017923709,0.78589585245590121
3FKY,3095,12.201399988874771,0.78593630431275108
3FKY,3096,12.203015272933376,0.78598832573534594
3FKY,3097,12.20414923285594,0.78602484369982351
3FKY,3098,12.204772452535801,0.78604491309951552
3FKY,3099,12.207458568185896,0.78613140759952527
3FKY,3100,12.209118841079086,0.78618486460223125
3FKY,3101,12.211006043222843,0.78624562379586982
3FKY,3102,12.211969207205994,0.78627663141848714
3FKY,3103,12.213674491981822,0.78633152751023516
3FKY,3104,12.217279996246598,0.7864475823664181
3FKY,3105,12.219573759971924,0.78652140568364615
3FKY,3106,12.220848228932281,0.78656242065693471
3FKY,3107,12.221102961078536,0.78657061819305252
3FKY,3108,12.222112465706605,0.78660310422499402
3FKY,3109,12.226406318217494,0.78674126614774742
3FKY,3110,12.226997073713822,0.78676027280027439
3FKY,3111,12.228233168631546,0.78680004077400245
3FKY,3112,12.232297694480588,0.78693079160945267
3FKY,3113,12.234383739222357,0.78699788868721365
3FKY,3114,12.235712233934439,0.78704061638706491
3FKY,3115,12.236279640329142,0.78705886488347421
3FKY,3116,12.236772476144496,0.78707471475382518
3FKY,3117,12.238994217841007,0.78714616322395992
3FKY,3118,12.242541842452033,0.78726023700815362
3FKY,3119,12.243163068902053,0.78728021082913457
3FKY,3120,12.24656673179825,0.78738963721736033
3FKY,3121,12.249746199048481,0.78749184207001743
3FKY,3122,12.251299410215134,0.78754176564937883
3FKY,3123,12.25374416175746,0.78762033886192362
3FKY,3124,12.254489242085377,0.78764428384936069
3FKY,3125,12.255891778292746,0.78768935582250332
3FKY,3126,12.258733961495464,0.78778068445520288
3FKY,3127,12.25958598963625,0.787808060840542
3FKY,3128,12.260434766092063,0.78783533180063114
3FKY,3129,12.261460846639853,0.78786829823336757
3FKY,3130,12.265205970238487,0.7879886117472279
3FKY,3131,12.266653474245192,0.7880351084397591
3FKY,3132,12.268071904790997,0.78808066857400083
3FKY,3133,12.268407327918561,0.78809144201410875
3FKY,3134,12.269274683271709,0.78811929987828
3FKY,3135,12.274520915031369,0.78828777824057572
3FKY,3136,12.277249169185769,0.78837537961939774
3FKY,3137,12.278288827057407,0.78840875938169364
3FKY,3138,12.280297990781445,0.78847326256716566
3FKY,3139,12.281930718437799,0.7885256765768085
3FKY,3140,12.283412268228499,0.78857323444247573
3FKY,3141,12.284476903253699,0.78860740754016423
3FKY,3142,12.286912879142983,0.78868559293714346
3FKY,3143,12.288747755432093,0.78874448024613764
3FKY,3144,12.290581962756216,0.78880334169204269
3FKY,3145,12.292765789136419,0.78887341701633673
3FKY,3146,12.29392140591872,0.78891049630147214
3FKY,3147,12.295690662196,0.78896726153476893
3FKY,3148,12.297395133019409,0.78902194431403971
3FKY,3149,12.298796423734146,0.7890668976402071
3FKY,3150,12.301954807359442,0.78916820901666573
3FKY,3151,12.303712160649933,0.78922457395401902
3FKY,3152,12.306180709824993,0.78930374282331284
3FKY,3153,12.306655350067405,0.78931896410586921
3FKY,3154,12.308757786943245,0.789386383822271
3FKY,3155,12.312006138042602,0.78949053872634012
3FKY,3156,12.312254389858008,0.78949849809012407
3FKY,3157,12.314505331235527,0.78957066333153403
3FKY,3158,12.317055252073859,0.78965240589530217
3FKY,3159,12.317948438691346,0.78968103669060552
3FKY,3160,12.323436849731214,0.78985694307111254
3FKY,3161,12.32517611165194,0.78991267913129448
3FKY,3162,12.326051350086281,0.78994072537002291
3FKY,3163,12.327758052517119,0.78999541227065306
3FKY,3164,12.330226107392548,0.79007448806220026
3FKY,3165,12.333322742104782,0.7901736921835949
3FKY,3166,12.335007738926585,0.79022766769024133
3FKY,3167,12.336630023368031,0.79027963084784525
3FKY,3168,12.340594727254105,0.79040660932664208
3FKY,3169,12.342479393422193,0.79046696280869233
3FKY,3170,12.345015968390092,0.79054818537502725
3FKY,3171,12.346000323007193,0.79057970271961775
3FKY,3172,12.348822538220617,0.79067005824010983
3FKY,3173,12.349911437333805,0.79070491747239313
3FKY,3174,12.35165783715912,0.79076082225043276
3FKY,3175,12.354250193627342,0.79084380003410548
3FKY,3176,12.355843476487857,0.79089479451896616
3FKY,3177,12.357079018412092,0.79093433691243442
3FKY,3178,12.3585010667441,0.7909798458266305
3FKY,3179,12.360968521447564,0.79105880400782025
3FKY,3180,12.362927025548082,0.79112147023600088
3FKY,3181,12.363626675243554,0.79114385571412038
3FKY,3182,12.366517563338171,0.79123634373301821
3FKY,3183,12.368407217603346,0.79129679349228343
3FKY,3184,12.370101728449402,0.79135099671558573
3FKY,3185,12.371265930066263,0.79138823450289209
3FKY,3186,12.373113091194959,0.79144731362343057
3FKY,3187,12.376579276963296,0.79155816330593598
3FKY,3188,12.378381473128993,0.79161579195791398
3FKY,3189,12.381754328141717,0.79172363414399505
3FKY,3190,12.382967602041264,0.79176242323902879
3FKY,3191,12.384685353154213,0.79181733752389638
3FKY,3192,12.385942299328732,0.79185751805707894
3FKY,3193,12.389031279000868,0.7919562541576517
3FKY,3194,12.390306879348161,0.7919970238372116
3FKY,3195,12.394117290036831,0.792118796524937
3FKY,3196,12.395411925896225,0.79216016609552919
3FKY,3197,12.397725882252093,0.79223410226334756
3FKY,3198,12.399801491738451,0.79230041683647945
3FKY,3199,12.401457460592622,0.79235332014354654
3FKY,3200,12.401879224029573,0.79236679367354679
3FKY,3201,12.403925258933628,0.79243215244809118
3FKY,3202,12.408650764056993,0.79258308392898802
3FKY,3203,12.409854067449514,0.79262151255478286
3FKY,3204,12.410606984505906,0.79264555672167336
3FKY,3205,12.412098717139417,0.7926931925752756
3FKY,3206,12.413441440567741,0.79273606763458293
3FKY,3207,12.416643801379502,0.7928383141882317
3FKY,3208,12.418216351193147,0.7928885185063238
3FKY,3209,12.420545430702983,0.79296286951492156
3FKY,3210,12.421869447084577,0.79300513287030916
3FKY,3211,12.425077221071781,0.79310751750110087
3FKY,3212,12.429098786318313,0.79323585777331362
3FKY,3213,12.430532619968416,0.79328161070700554
3FKY,3214,12.433034711052168,0.79336144489571458
3FKY,3215,12.433906490090054,0.7933892588514222
3FKY,3216,12.436306599584574,0.79346582888235906
3FKY,3217,12.438929670352008,0.79354950353558307
3FKY,3218,12.439897184462787,0.79358036452739211
3FKY,3219,12.441160080391933,0.79362064556678569
3FKY,3220,12.442885545664053,0.79367567730732602
3FKY,3221,12.447470185538005,0.7938218806148275
3FKY,3222,12.449111453440723,0.79387421379613832
3FKY,3223,12.452098498895024,0.79396944935341218
3FKY,3224,12.45352702390408,0.79401499078112125
3FKY,3225,12.454659049834209,0.79405107795270757
3FKY,3226,12.455919631680148,0.79409126135086483
3FKY,3227,12.459618594713772,0.7942091609628944
3FKY,3228,12.459713225987439,0.79421217698144997
3FKY,3229,12.461598291659524,0.79427225402582424
3FKY,3230,12.4625204822109,0.79430164258418023
3FKY,3231,12.46493924906496,0.79437871917865077
3FKY,3232,12.465653177683643,0.79440146784874111
3FKY,3233,12.469117936137964,0.79451185989699635
3FKY,3234,12.471773877778743,0.79459647152661639
3FKY,3235,12.472185618740632,0.79460958775284396
3FKY,3236,12.474243877234699,0.7946751514203817
3FKY,3237,12.475469685003537,0.79471419567244683
3FKY,3238,12.477238285472461,0.79477052549905458
3FKY,3239,12.477579836368136,0.79478140341614489
3FKY,3240,12.479985025273201,0.79485800109482185
3FKY,3241,12.481135955723486,0.79489465198760867
3FKY,3242,12.483885527152163,0.79498220408514697
3FKY,3243,12.48503823506225,0.79501890584439971
3FKY,3244,12.486294081938595,0.7950588895787164
3FKY,3245,12.48672951706884,0.79507275252118281
3FKY,3246,12.487708351214323,0.79510391476851949
3FKY,3247,12.490777585587862,0.79520161925789967
3FKY,3248,12.491561897271573,0.79522658472247609
3FKY,3249,12.493880959849832,0.7953003983353697
3FKY,3250,12.49461459771171,0.7953237479222881
3FKY,3251,12.495622089589098,0.79535581237924458
3FKY,3252,12.499750166071358,0.79548717912821354
3FKY,3253,12.500761475635489,0.79551935847221633
3FKY,3254,12.50086508776837,0.79552265528284849
3FKY,3255,12.50396795824761,0.79562137847489067
3FKY,3256,12.505177608296963,0.7956598622652985
3FKY,3257,12.505771427187067,0.79567875333035332
3FKY,3258,12.508474089028352,0.79576472701236278
3FKY,3259,12.510375385658211,0.79582520310615135
3FKY,3260,12.512696111600054,0.79589901410276465
3FKY,3261,12.513975482020626,0.79593970172199235
3FKY,3262,12.514921273126273,0.79596977923286605
3FKY,3263,12.517283232049387,0.79604488794445516
3FKY,3264,12.518690497808814,0.79608963468416749
3FKY,3265,12.520847952323955,0.79615823024471732
3FKY,3266,12.522378678743783,0.79620689560654023
3FKY,3267,12.523428307628237,0.79624026403697989
3FKY,3268,12.524577908111288,0.79627680902945674
3FKY,3269,12.528279073355939,0.79639445508406481
3FKY,3270,12.530278108765897,0.79645798963678771
3FKY,3271,12.531367332273664,0.79649260586420656
3FKY,3272,12.532107811587965,0.79651613791664055
3FKY,3273,12.534171474209264,0.79658171638686504
3FKY,3274,12.534890282049602,0.79660455718553436
3FKY,3275,12.536943828968017,0.79666980697244072
3FKY,3276,12.539898320467037,0.79676367416797045
3FKY,3277,12.540918467315823,0.79679608270112856
3FKY,3278,12.541688035695657,0.79682052986045271
3FKY,3279,12.542389784771464,0.796842821925413
3FKY,3280,12.544306939264905,0.79690371990616649
3FKY,3281,12.546386810600627,0.7969697812882599
3FKY,3282,12.550169423850903,0.79708991154226261
3FKY,3283,12.551468683363058,0.79713116994335054
3FKY,3284,12.552760292076519,0.79717218327433748
3FKY,3285,12.557493999310058,0.79732247786894328
3FKY,3286,12.557824459937301,0.79733296889337646
3FKY,3287,12.558372148763329,0.7973503558857572
3FKY,3288,12.560180226473054,0.7974077526367539
3FKY,3289,12.56047404643015,0.79741707945122808
3FKY,3290,12.564318760812542,0.7975391133142844
3FKY,3291,12.564978630517285,0.79756005615247405
3FKY,3292,12.567910111963357,0.79765308839002502
3FKY,3293,12.570237118506675,0.79772692954694746
3FKY,3294,12.572119308870771,0.79778665068524601
3FKY,3295,12.574620694769273,0.79786601172922167
3FKY,3296,12.575042246028366,0.79787938543691306
3FKY,3297,12.576331259014545,0.7979202779649176
3FKY,3298,12.579258924484744,0.79801314716741367
3FKY,3299,12.579840751322651,0.79803160215351698
3FKY,3300,12.581925912251963,0.79809773794176087
3FKY,3301,12.584204971329921,0.79817001739828419
3FKY,3302,12.58592603959794,0.79822459605968399
3FKY,3303,12.588270004488965,0.79829892206945507
3FKY,3304,12.588745183490218,0.79831398892553063
3FKY,3305,12.591059650642626,0.79838737140174187
3FKY,3306,12.59238888918282,0.79842951317876532
3FKY,3307,12.592662620511852,0.79843819119792392
3FKY,3308,12.594910907106184,0.7985094643598476
3FKY,3309,12.598142228489682,0.79861188966687069
3FKY,3310,12.599056716937566,0.79864087442038945
3FKY,3311,12.59976115302282,0.79866320083736198
3FKY,3312,12.601909942311712,0.7987313007698712
3FKY,3313,12.603757797287363,0.7987898587786858
3FKY,3314,12.606365640191324,0.79887249328956489
3FKY,3315,12.606819564967957,0.7988868758945179
3FKY,3316,12.609576442023171,0.79897422197303902
3FKY,3317,12.61226945330964,0.79905953537505614
3FKY,3318,12.615039126152253,0.79914726788086932
3FKY,3319,12.616260806451876,0.79918596291891053
3FKY,3320,12.617083624798225,0.79921202349902754
3FKY,3321,12.617750687893173,0.79923315032260256
3FKY,3322,12.620441266788609,0.79931835906050186
3FKY,3323,12.621525683629079,0.79935269920963059
3FKY,3324,12.625509225226979,0.79947883307009182
3FKY,3325,12.626540794784617,0.79951149318566472
3FKY,3326,12.627431568443951,0.79953969454460183
3FKY,3327,12.628581995218365,0.79957611489334135
3FKY,3328,12.630038278626873,0.79962221570907188
3FKY,3329,12.63272330024213,0.79970720709191923
3FKY,3330,12.633562758034238,0.79973377734436313
3FKY,3331,12.636882103635598,0.79983883157580704
3FKY,3332,12.637318022616233,0.7998526269850883
3FKY,3333,12.640531905066995,0.79995432850508197
3FKY,3334,12.641474612089086,0.79998415749126561
3FKY,3335,12.645032509359364,0.80009672589401204
3FKY,3336,12.645688207526907,0.80011746981680743
3FKY,3337,12.647230484688865,0.80016625977816258
3FKY,3338,12.648293759763956,0.80019989476883235
3FKY,3339,12.649435837493357,0.80023602097949909
3FKY,3340,12.652188448182473,0.80032308487837445
3FKY,3341,12.65632609825302,0.80045393916455876
3FKY,3342,12.65730637133716,0.80048493742789673
3FKY,3343,12.659656332432823,0.80055924317280336
3FKY,3344,12.659961764415289,0.80056890042239592
3FKY,3345,12.662251566887006,0.80064129644532744
3FKY,3346,12.663329528087234,0.80067537576686865
3FKY,3347,12.665895136529082,0.80075648063989147
3FKY,3348,12.667601161648323,0.80081040753005095
3FKY,3349,12.66922009749033,0.80086157819903436
3FKY,3350,12.669461425217772,0.80086920570817921
3FKY,3351,12.673063893583596,0.8009830582557097
3FKY,3352,12.675343297418857,0.80105508826286698
3FKY,3353,12.676323728746182,0.80108606826468742
3FKY,3354,12.678376727158923,0.80115093572461149
3FKY,3355,12.680791867852571,0.80122723887174263
3FKY,3356,12.681292403726816,0.80124305172567334
3FKY,3357,12.682667775657338,0.80128650066168761
3FKY,3358,12.68466351024597,0.80134954308728612
3FKY,3359,12.686036026409381,0.80139289604848318
3FKY,3360,12.686844024729321,0.80141841677860259
3FKY,3361,12.688197722517128,0.80146117167485387
3FKY,3362,12.690752643934751,0.80154185954271706
3FKY,3363,12.691438194298623,0.80156350876669025
3FKY,3364,12.693375784148742,0.80162469340242393
3FKY,3365,12.69614057447197,0.80171199104331936
3FKY,3366,12.697104877118312,0.80174243644958354
3FKY,3367,12.700589464616694,0.80185244381134124
3FKY,3368,12.702591054864765,0.80191562657958526
3FKY,3369,12.703020538658116,0.80192918313874018
3FKY,3370,12.706012837313541,0.80202362801166782
3FKY,3371,12.707102156048398,0.80205800703561969
3FKY,3372,12.708643289212171,0.80210664285764777
3FKY,3373,12.710323582045033,0.80215966698720886
3FKY,3374,12.711496249191006,0.8021966701596901
3FKY,3375,12.713415395774794,0.80225722459264837
3FKY,3376,12.715732262808539,0.80233032212716615
3FKY,3377,12.717171669772394,0.80237573229891967
3FKY,3378,12.718200885287024,0.80240820024327741
3FKY,3379,12.718680401220814,0.80242332674954286
3FKY,3380,12.720455466242754,0.80247931934632399
3FKY,3381,12.722962772153885,0.80255840307125959
3FKY,3382,12.723959472541617,0.80258983814736862
3FKY,3383,12.725308986881558,0.80263239871119008
3FKY,3384,12.727491695651386,0.80270123152537365
3FKY,3385,12.730333963601913,0.80279085502224479
3FKY,3386,12.733050716592187,0.80287651138109617
3FKY,3387,12.734572287519613,0.80292448091690449
3FKY,3388,12.73624759400291,0.8029772938548122
3FKY,3389,12.737213762339591,0.80300775009861636
3FKY,3390,12.738790911582825,0.80305746363437813
3FKY,3391,12.739198253981121,0.80307030302943849
3FKY,3392,12.741460335855177,0.80314159990792933
3FKY,3393,12.743384652350571,0.80320224602851287
3FKY,3394,12.744794341427703,0.80324667041624109
3FKY,3395,12.747185732456883,0.80332202615490989
3FKY,3396,12.747396750149413,0.80332867524837814
3FKY,3397,12.749229900832612,0.80338643486783556
3FKY,3398,12.751364460370455,0.80345368616134571
3FKY,3399,12.753350335287431,0.80351624795266352
3FKY,3400,12.754344751675886,0.80354757360942342
3FKY,3401,12.756213123448722,0.80360642691219908
3FKY,3402,12.757037804461984,0.8036324028129328
3FKY,3403,12.759273592414393,0.80370282170462648
3FKY,3404,12.76110422080623,0.80376047500378833
3FKY,3405,12.763727412039186,0.803843081847747
3FKY,3406,12.764558023804359,0.80386923685080502
3FKY,3407,12.765652837622214,0.80390370997068095
3FKY,3408,12.766520681082369,0.80393103527590903
3FKY,3409,12.768812047679194,0.80400317780078412
3FKY,3410,12.770517175168475,0.8040568586815886
3FKY,3411,12.773364830591088,0.80414650067551363
3FKY,3412,12.776155546747308,0.80423434057125576
3FKY,3413,12.777515073420634,0.8042771292234534
3FKY,3414,12.779891596165083,0.8043519205272387
3FKY,3415,12.781668854544774,0.80440784789889341
3FKY,3416,12.783225533671493,0.80445683081326325
3FKY,3417,12.784271000726436,0.80448972610703728
3FKY,3418,12.785793873772086,0.80453764042443154
3FKY,3419,12.78707795534454,0.80457803940283956
3FKY,3420,12.78913723088276,0.80464282281857202
3FKY,3421,12.791554993158609,0.80471887732838399
3FKY,3422,12.791807517608596,0.80472682046700494
3FKY,3423,12.795156893527224,0.80483216743294739
3FKY,3424,12.795735328961943,0.80485035940148419
3FKY,3425,12.798665963039403,0.80494252240695408
3FKY,3426,12.798922275146358,0.80495058244545947
3FKY,3427,12.800946181395533,0.80501422374585963
3FKY,3428,12.804171986586047,0.80511564810337566
3FKY,3429,12.80683489179353,0.80519936437943584
3FKY,3430,12.807676604258754,0.8052258242819833
3FKY,3431,12.808908659275902,0.80526455334619229
3FKY,3432,12.810142272749701,0.80530332953363215
3FKY,3433,12.814384318121984,0.80543665555084187
3FKY,3434,12.816398017096972,0.8054999376881008
3FKY,3435,12.817413555084254,0.80553184991416715
3FKY,3436,12.818307905719848,0.80555995290671401
3FKY,3437,12.820320606550734,0.80562319399743632
3FKY,3438,12.820778483351699,0.80563758025534016
3FKY,3439,12.823587115267406,0.80572582043174745
3FKY,3440,12.824296896143601,0.80574811843855387
3FKY,3441,12.826072661569537,0.80580390200839669
3FKY,3442,12.828154315897375,0.80586928979971972
3FKY,3443,12.828475199550386,0.80587936875021093
3FKY,3444,12.830420935880429,0.80594048159832909
3FKY,3445,12.832316367851298,0.80600001000153343
3FKY,3446,12.832841826750881,0.80601651191477663
3FKY,3447,12.835249282460467,0.80609211317600737
3FKY,3448,12.836328480678345,0.80612600090453679
3FKY,3449,12.83778664243728,0.80617178614324336
3FKY,3450,12.839630591422637,0.80622968110258197
3FKY,3451,12.841177272744918,0.80627823946371724
3FKY,3452,12.842665977660168,0.80632497488236465
3FKY,3453,12.844406026639543,0.80637959739729703
3FKY,3454,12.845785755811942,0.80642290635123925
3FKY,3455,12.847486870799541,0.80647630023096573
3FKY,3456,12.84963011064487,0.80654356630711321
3FKY,3457,12.850531218230909,0.806571846101102
3FKY,3458,12.853329666267108,0.80665966451457849
3FKY,3459,12.853908084995597,0.80667781474570266
3FKY,3460,12.857230675582134,0.80678206657767593
3FKY,3461,12.858175376960558,0.80681170570253147
3FKY,3462,12.859116013721721,0.80684121622204086
3FKY,3463,12.860244738237482,0.80687662617854572
3FKY,3464,12.863235329091598,0.80697043845190641
3FKY,3465,12.863433904730098,0.80697666721347106
3FKY,3466,12.866167621727817,0.80706241137223755
3FKY,3467,12.867469669376046,0.80710324743006845
3FKY,3468,12.869424886206994,0.80716456492107547
3FKY,3469,12.869891725555664,0.8071792047657419
3FKY,3470,12.871301382968722,0.80722340929434877
3FKY,3471,12.872546016562072,0.80726243693637512
3FKY,3472,12.874250547297203,0.80731588238862295
3FKY,3473,12.874769162558806,0.80733214283499177
3FKY,3474,12.87604751304265,0.80737222230380468
3FKY,3475,12.880339592712065,0.80750677513012137
3FKY,3476,12.880810956113868,0.80752155058132324
3FKY,3477,12.881839869404768,0.80755380216343253
3FKY,3478,12.883766553183836,0.80761419115499178
3FKY,3479,12.884384181910606,0.80763354883834815
3FKY,3480,12.886644857680452,0.80770439884903
3FKY,3481,12.887165437895474,0.80772071305214055
3FKY,3482,12.888110876645312,0.80775034084187736
3FKY,3483,12.891464171269353,0.80785541631563695
3FKY,3484,12.894131684166652,0.8079389930625559
3FKY,3485,12.895290949337751,0.80797531169598469
3FKY,3486,12.896608330023609,0.80801658195079473
3FKY,3487,12.897641041277184,0.80804893274767553
3FKY,3488,12.898846113103811,0.80808668128851158
3FKY,3489,12.899034835092817,0.80809259279279
3FKY,3490,12.900605343324395,0.80814178552145011
3FKY,3491,12.902147138417893,0.80819007596134573
3FKY,3492,12.903553756327394,0.80823413001065125
3FKY,3493,12.905599146553195,0.80829818556907296
3FKY,3494,12.905975720808872,0.80830997820511241
3FKY,3495,12.906384594197871,0.80832278211198971
3FKY,3496,12.909035219396134,0.80840578175933986
3FKY,3497,12.910552132936704,0.80845327739450767
3FKY,3498,12.910996469820898,0.80846718936805528
3FKY,3499,12.91178695947964,0.80849193862626534
3FKY,3500,12.91234427997381,0.80850938718958243
3FKY,3501,12.914497412813567,0.80857679383203107
3FKY,3502,12.915037107990958,0.80859368881536686
3FKY,3503,12.91700164052849,0.80865518489140653
3FKY,3504,12.918114145653504,0.80869000774320732
3FKY,3505,12.91988459572377,0.80874542203249344
3FKY,3506,12.921313816297737,0.80879015322274594
3FKY,3507,12.922439044360901,0.80882536843299535
3FKY,3508,12.926072582454818,0.80893907340835947
3FKY,3509,12.92753857140767,0.80898494434538981
3FKY,3510,12.928071315408818,0.80900161331271236
3FKY,3511,12.930735603704129,0.809084970777187
3FKY,3512,12.93181402678589,0.80911870890867166
3FKY,3513,12.933976167294343,0.80918634656627531
3FKY,3514,12.935447017503497,0.80923235554512685
3FKY,3515,12.936000651036657,0.80924967281966254
3FKY,3516,12.938996344943654,0.80934336962921527
3FKY,3517,12.93975919738498,0.80936722775734782
3FKY,3518,12.941233568567929,0.80941333656466985
3FKY,3519,12.942538146697794,0.80945413315182713
3FKY,3520,12.942905143787813,0.80946560946358803
3FKY,3521,12.944505149757807,0.80951564111293683
3FKY,3522,12.946149277804576,0.80956704922375433
3FKY,3523,12.947810689540805,0.80961899443997931
3FKY,3524,12.948270637379949,0.80963337444633532
3FKY,3525,12.949903967617766,0.80968443751911734
3FKY,3526,12.951628670004506,0.80973835367912406
3FKY,3527,12.95291553155508,0.80977858009765613
3FKY,3528,12.953817163642922,0.80980676331420143
3FKY,3529,12.955427208717639,0.80985708766505859
3FKY,3530,12.956972322561276,0.80990537955347885
3FKY,3531,12.959230055160084,0.80997593886638342
3FKY,3532,12.959948140938446,0.80999837940270525
3FKY,3533,12.960973228133737,0.81003041280822929
3FKY,3534,12.962530290488226,0.81007906771868043
3FKY,3535,12.963034209813118,0.81009481350752344
3FKY,3536,12.96459435022083,0.81014356072237559
3FKY,3537,12.964929219566063,0.81015402346747123
3FKY,3538,12.967216620003695,0.81022548798941585
3FKY,3539,12.969162448302928,0.81028627592063762
3FKY,3540,12.970896892208364,0.81034045633181151
3FKY,3541,12.971610467972523,0.81036274589908752
3FKY,3542,12.972382911672376,0.81038687360014294
3FKY,3543,12.9750134043332,0.81046903308785845
3FKY,3544,12.976592674292375,0.81051835521229965
3FKY,3545,12.978613412484336,0.81058146043875168
3FKY,3546,12.979855203773827,0.81062023765204017
3FKY,3547,12.981340822428699,0.81066662638562648
3FKY,3548,12.983237650688471,0.81072585136166953
3FKY,3549,12.986148114287392,0.81081671682680501
3FKY,3550,12.987115070944919,0.81084690322315878
3FKY,3551,12.987896987721093,0.8108713122335629
3FKY,3552,12.989321363213168,0.81091577491911371
3FKY,3553,12.993022595553521,0.81103129958090825
3FKY,3554,12.993562376162602,0.81104814610060716
3FKY,3555,12.995491929055721,0.81110836446707046
3FKY,3556,12.996833819792171,0.81115024016946369
3FKY,3557,12.998581444629032,0.81120477416885606
3FKY,3558,13.000990961728149,0.81127995626509075
3FKY,3559,13.00278793025476,0.8113360209981727
3FKY,3560,13.004528835649644,0.81139033288840912
3FKY,3561,13.006098977147511,0.81143931425467231
3FKY,3562,13.007820291452006,0.81149300813670466
3FKY,3563,13.009031268689677,0.81153078067157436
3FKY,3564,13.010386546614018,0.81157305211689645
3FKY,3565,13.012516937025902,0.81163949505734145
3FKY,3566,13.01364506331833,0.81167467702922125
3FKY,3567,13.01431763081216,0.8116956511278508
3FKY,3568,13.017398730396636,0.81179172866341143
3FKY,3569,13.018842018046969,0.81183673060759443
3FKY,3570,13.019820982584285,0.81186725346162936
3FKY,3571,13.022122846962557,0.81193901810879832
3FKY,3572,13.022278198838483,0.81194386124669859
3FKY,3573,13.023406805468641,0.81197904500476481
3FKY,3574,13.025863915367221,0.81205563892843302
3FKY,3575,13.02691164250351,0.81208829686293371
3FKY,3576,13.029352130235681,0.81216436242498435
3FKY,3577,13.030202026299909,0.81219085046646089
3FKY,3578,13.033924223771988,0.81230684708948309
3FKY,3579,13.035078151660571,0.8123428041337083
3FKY,3580,13.036480649008812,0.81238650459991713
3FKY,3581,13.036838499065414,0.81239765448651236
3FKY,3582,13.038560917001929,0.81245131941749149
3FKY,3583,13.042048358888488,0.81255996589096724
3FKY,3584,13.042760818799753,0.81258215981630899
3FKY,3585,13.046586166614661,0.81270131332788387
3FKY,3586,13.047091368062008,0.8127170482450452
3FKY,3587,13.048248947324726,0.81275310086047303
3FKY,3588,13.050036922684029,0.81280878391592137
3FKY,3589,13.051592154189049,0.81285721550947709
3FKY,3590,13.052347332084619,0.81288073152633156
3FKY,3591,13.056678339606469,0.81301558468615931
3FKY,3592,13.057453208552083,0.81303970916736235
3FKY,3593,13.060053302751136,0.81312065430154723
3FKY,3594,13.061312063428565,0.81315983866093089
3FKY,3595,13.061762371430984,0.81317385598265124
3FKY,3596,13.062841755347089,0.81320745438322595
3FKY,3597,13.064720923263355,0.81326594465783908
3FKY,3598,13.066140667682729,0.8133101322997508
3FKY,3599,13.066520666618636,0.81332195884997993
3FKY,3600,13.068027861075521,0.81336886494809246
3FKY,3601,13.068895779410486,0.8133958746100548
3FKY,3602,13.071391962555401,0.81347355095563323
3FKY,3603,13.074391204683334,0.81356687170575825
3FKY,3604,13.078424061071154,0.81369233626213233
3FKY,3605,13.079394061819622,0.81372251067524148
3FKY,3606,13.082772147717391,0.81382758614966655
3FKY,3607,13.084523384909367,0.81388205310169892
3FKY,3608,13.086303801743393,0.81393742386209222
3FKY,3609,13.087833709981155,0.8139850008248285
3FKY,3610,13.089705698066293,0.81404321197624774
3FKY,3611,13.090078286641262,0.81405479745605203
3FKY,3612,13.094367806773034,0.81418816634601421
3FKY,3613,13.094599850040369,0.81419538036536021
3FKY,3614,13.09507270349499,0.81421008076198242
3FKY,3615,13.096932032238811,0.81426788229187197
3FKY,3616,13.100437473120314,0.81437684586235382
3FKY,3617,13.102123530325935,0.81442925028681923
3FKY,3618,13.103602877858561,0.8144752271810296
3FKY,3619,13.105337120425077,0.81452912269698474
3FKY,3620,13.106485223462135,0.81456480063759851
3FKY,3621,13.108034023753264,0.81461292799249696
3FKY,3622,13.109993976218462,0.81467382739723493
3FKY,3623,13.111966488757345,0.8147351124711274
3FKY,3624,13.112882265900947,0.81476356368656755
3FKY,3625,13.114397559918979,0.81481063841293722
3FKY,3626,13.115128111975896,0.81483333306190886
3FKY,3627,13.116983861267558,0.81489097919701514
3FKY,3628,13.118993586924935,0.81495340378335424
3FKY,3629,13.119726162680653,0.81497615731118667
3FKY,3630,13.121528390952301,0.81503213114082818
3FKY,3631,13.124612821555278,0.81512791885153579
3FKY,3632,13.125487169058269,0.81515506986927033
3FKY,3633,13.126946117795956,0.81520037243209131
3FKY,3634,13.129820578386417,0.81528962141119665
3FKY,3635,13.130836797372233,0.81532117160476658
3FKY,3636,13.131867809108702,0.81535317981604016
3FKY,3637,13.132955321426458,0.81538694075096296
3FKY,3638,13.13485272813876,0.81544584085150917
3FKY,3639,13.135470502856135,0.81546501715713826
3FKY,3640,13.137299429273549,0.815521786101986
3FKY,3641,13.139230105015532,0.81558170900677474
3FKY,3642,13.140435820629239,0.81561912889494892
3FKY,3643,13.141202727273136,0.81564292927003457
3FKY,3644,13.141560374033292,0.8156540283327457
3FKY,3645,13.145629977388984,0.8157803120971463
3FKY,3646,13.146890358411131,0.81581941898594412
3FKY,3647,13.148833876074193,0.81587971844889984
3FKY,3648,13.149094710945102,0.81588781075684413
3FKY,3649,13.152226855991964,0.81598497816111371
3FKY,3650,13.153174864741011,0.81601438561309303
3FKY,3651,13.153956337062489,0.8160386262694852
3FKY,3652,13.155201908526676,0.81607726142759485
3FKY,3653,13.155936922236801,0.81610005923798223
3FKY,3654,13.15765911731196,0.81615347381109515
3FKY,3655,13.15884740438619,0.81619032697468974
3FKY,3656,13.160304389091989,0.8162355111717341
3FKY,3657,13.161556410480056,0.81627433702190644
3FKY,3658,13.162493719288351,0.81630340225860432
3FKY,3659,13.164807697231947,0.81637515253244164
3FKY,3660,13.166679721820726,0.81643319439937911
3FKY,3661,13.167639172935051,0.81646294045096557
3FKY,3662,13.170181856424831,0.81654176652606514
3FKY,3663,13.172237060578704,0.81660547462761779
3FKY,3664,13.173065743456666,0.81663116108956668
3FKY,3665,13.17379551356756,0.81665378090985274
3FKY,3666,13.175735652019872,0.81671391403814475
3FKY,3667,13.176980973694961,0.81675250951148437
3FKY,3668,13.179722932994983,0.81683748290762892
3FKY,3669,13.181649257028967,0.81689717445777199
3FKY,3670,13.182818717249321,0.81693341072620285
3FKY,3671,13.183809436132535,0.81696410735368885
3FKY,3672,13.184632790337279,0.81698961744371312
3FKY,3673,13.186702777332176,0.81705374860069113
3FKY,3674,13.188609575118788,0.81711281946888381
3FKY,3675,13.190959190473473,0.81718560255166006
3FKY,3676,13.191678288986241,0.81720787647937432
3FKY,3677,13.193181459470845,0.81725443491345551
3FKY,3678,13.19373724491526,0.81727164885601844
3FKY,3679,13.194112438774246,0.81728326926038697
3FKY,3680,13.197047717520899,0.81737417423080816
3FKY,3681,13.197522645824078,0.81738888171105184
3FKY,3682,13.199423932439823,0.81744775770673317
3FKY,3683,13.202189107595816,0.81753337765013501
3FKY,3684,13.202681281406255,0.81754861621263331
3FKY,3685,13.204775877604654,0.81761346540020707
3FKY,3686,13.205388192114201,0.8176324218288934
3FKY,3687,13.206809527687739,0.81767642276097929
3FKY,3688,13.208880831698664,0.81774054082254288
3FKY,3689,13.210310133891193,0.81778478252425413
3FKY,3690,13.212388394244128,0.81784910738999339
3FKY,3691,13.214278110083978,0.81790759216613296
3FKY,3692,13.215622338202015,0.81794919210882355
3FKY,3693,13.218090957207403,0.81802558316266916
3FKY,3694,13.218810333175311,0.81804784280444143
3FKY,3695,13.219917304169657,0.81808209461128589
3FKY,3696,13.220888388406694,0.81811214064032134
3FKY,3697,13.223031950615935,0.8181784600561981
3FKY,3698,13.224351193708067,0.81821927328893385
3FKY,3699,13.225712622147817,0.81826138946930227
3FKY,3700,13.226243331679804,0.81827780653411963
3FKY,3701,13.22680734582034,0.81829525348871157
3FKY,3702,13.228662906504267,0.81835264992653289
3FKY,3703,13.229532177360694,0.81837953693801824
3FKY,3704,13.230799193676802,0.81841872484681588
3FKY,3705,13.232970733378902,0.81848588465367378
3FKY,3706,13.234492071108191,0.81853293220239598
3FKY,3707,13.236652427936081,0.81859973684595333
3FKY,3708,13.237447911145408,0.81862433417394587
3FKY,3709,13.239529037014409,0.8186886816726211
3FKY,3710,13.241275583628191,0.81874268022448737
3FKY,3711,13.242021473847803,0.81876574007071456
3FKY,3712,13.243572190483048,0.81881367974845432
3FKY,3713,13.244650156238247,0.81884700290076251
3FKY,3714,13.246029809239019,0.81888965013164339
3FKY,3715,13.24877173366785,0.81897440070916427
3FKY,3716,13.249827062715399,0.81900701770495654
3FKY,3717,13.252272998159899,0.81908260910108754
3FKY,3718,13.254907183208259,0.81916401053141863
3FKY,3719,13.254963724101112,0.81916575766606536
3FKY,3720,13.25665483885774,0.81921801201949473
3FKY,3721,13.257539028780636,0.81924533159000645
3FKY,3722,13.258739065368935,0.81928240868720137
3FKY,3723,13.260535886675495,0.81933792128946825
3FKY,3724,13.262723593714709,0.81940550518763733
3FKY,3725,13.263925938153662,0.81944264632677566
3FKY,3726,13.265431489876557,0.81948915134674039
3FKY,3727,13.266111073806622,0.81951014216509865
3FKY,3728,13.268568970361304,0.81958605657035244
3FKY,3729,13.268989731791349,0.81959905147086221
3FKY,3730,13.270550163302435,0.8196472424263902
3FKY,3731,13.270936547423227,0.81965917472648409
3FKY,3732,13.272546768066473,0.81970889963045124
3FKY,3733,13.274215703088428,0.81976043449830616
3FKY,3734,13.277234261976592,0.81985363603058137
3FKY,3735,13.2776162459992,0.81986542947834395
3FKY,3736,13.278703486072773,0.81989899620772444
3FKY,3737,13.281007667747966,0.81997012944359182
3FKY,3738,13.282288828396917,0.82000967795361646
3FKY,3739,13.283624636972618,0.82005091137486019
3FKY,3740,13.285737962643264,0.82011614077447303
3FKY,3741,13.287272765762555,0.82016351038480695
3FKY,3742,13.289105070018401,0.82022005838048218
3FKY,3743,13.290891374915967,0.82027518300575253
3FKY,3744,13.292083240011589,0.82031196140589513
3FKY,3745,13.293099801124418,0.82034332899824547
3FKY,3746,13.29517543087565,0.82040737209515602
3FKY,3747,13.296803573877531,0.82045760458877459
3FKY,3748,13.297092099329808,0.82046650603700544
3FKY,3749,13.297637656545822,0.82048333704142484
3FKY,3750,13.298807469300334,0.82051942581107096
3FKY,3751,13.301287611663247,0.82059593305137202
3FKY,3752,13.302881789030042,0.82064510634600507
3FKY,3753,13.303688177153193,0.82066997871762093
3FKY,3754,13.304235501901438,0.8206868600652506
3FKY,3755,13.304479962934296,0.82069439995868676
3FKY,3756,13.307394645884514,0.82078429197195502
3FKY,3757,13.308311897841792,0.8208125789900157
3FKY,3758,13.310218129968998,0.82087136192565557
3FKY,3759,13.312218320942232,0.82093303776721072
3FKY,3760,13.31383578622353,0.8209829088827405
3FKY,3761,13.314405332822115,0.82100046892442125
3FKY,3762,13.314978657420236,0.82101814506860904
3FKY,3763,13.315747148658998,0.8210418377895623
3FKY,3764,13.317009362673449,0.82108075058750674
3FKY,3765,13.31763312194583,0.82109997978230864
3FKY,3766,13.319487233388148,0.82115713550469438
3FKY,3767,13.319874113435512,0.82116906115164423
3FKY,3768,13.322710551144521,0.82125648956443043
3FKY,3769,13.323638223338511,0.82128508147689627
3FKY,3770,13.325297066003257,0.82133620641392335
3FKY,3771,13.326965105396225,0.82138761158218354
3FKY,3772,13.328434809271609,0.82143290183640394
3FKY,3773,13.329154897417808,0.82145509109249337
3FKY,3774,13.330384279398942,0.82149297266901278
3FKY,3775,13.3324725899627,0.8215573168482293
3FKY,3776,13.33416266064506,0.82160938693223085
3FKY,3777,13.335721793176877,0.82165741996258967
3FKY,3778,13.338195153935182,0.82173361235133158
3FKY,3779,13.340280413473405,0.82179784371345921
3FKY,3780,13.340835026579471,0.82181492637976938
3FKY,3781,13.343355304809997,0.82189254912427945
3FKY,3782,13.344027345924705,0.82191324626595363
3FKY,3783,13.345687646551596,0.82196437703021807
3FKY,3784,13.347512614188089,0.82202057522501959
3FKY,3785,13.349543728528241,0.82208311700018644
3FKY,3786,13.350719424764026,0.82211931669233929
3FKY,3787,13.351516238306701,0.82214384967855636
3FKY,3788,13.355334363521493,0.82226139527116038
3FKY,3789,13.355814144247027,0.82227616471140996
3FKY,3790,13.357609914832121,0.82233144287347792
3FKY,3791,13.359390748282703,0.82238625756502759
3FKY,3792,13.361802808581672,0.82246049581997993
3FKY,3793,13.362655478569684,0.82248673764541047
3FKY,3794,13.364298296148366,0.82253729474262205
3FKY,3795,13.365325948565282,0.8225689187819567
3FKY,3796,13.365968813919142,0.82258870111657656
3FKY,3797,13.366295346766538,0.82259874904479158
3FKY,3798,13.369082890555243,0.82268452114669033
3FKY,3799,13.369691592219917,0.82270324957188135
3FKY,3800,13.371620148862599,0.82276258424661552
3FKY,3801,13.373996508603742,0.82283569031007919
3FKY,3802,13.374983009727373,0.82286603701176553
3FKY,3803,13.376261149096926,0.82290535341133364
3FKY,3804,13.377987523127377,0.82295845481915031
3FKY,3805,13.379255583388115,0.82299745680592684
3FKY,3806,13.381413192313138,0.82306381457384736
3FKY,3807,13.382637576446243,0.82310146841540199
3FKY,3808,13.384293949345929,0.82315240459202799
3FKY,3809,13.386622479198188,0.82322400536513041
3FKY,3810,13.387188645908255,0.82324141368076564
3FKY,3811,13.38845359546543,0.82328030662128526
3FKY,3812,13.389919981455952,0.82332539075459565
3FKY,3813,13.391917606634653,0.82338680389952779
3FKY,3814,13.393414898348345,0.82343283225098873
3FKY,3815,13.395852387404302,0.82350775777301743
3FKY,3816,13.397717264857864,0.82356507729105988
3FKY,3817,13.399519721204751,0.82362047442131403
3FKY,3818,13.40075583333905,0.82365846323751768
3FKY,3819,13.401708409603344,0.82368773709226084
3FKY,3820,13.403228988930868,0.82373446423263441
3FKY,3821,13.40401929044789,0.82375874901510115
3FKY,3822,13.407401271740058,0.82386266415091325
3FKY,3823,13.409211269063009,0.82391827294721098
3FKY,3824,13.409826910568922,0.82393718653035175
3FKY,3825,13.412623048609671,0.82402308331494245
3FKY,3826,13.414010666871633,0.82406570733793816
3FKY,3827,13.414846588333107,0.82409138360643208
3FKY,3828,13.416198672238055,0.82413291269191014
3FKY,3829,13.418186262731286,0.82419395748256452
3FKY,3830,13.419152057836232,0.82422361827841317
3FKY,3831,13.42143050655733,0.82429358810709241
3FKY,3832,13.421743359470122,0.82430319517345985
3FKY,3833,13.422797897536636,0.82433557703328086
3FKY,3834,13.424596544894067,0.82439080543469323
3FKY,3835,13.426555546194034,0.82445095337810914
3FKY,3836,13.427545731948412,0.82448135374906351
3FKY,3837,13.429487367775153,0.82454096198649651
3FKY,3838,13.430812954833923,0.82458165504604053
3FKY,3839,13.432092202033104,0.82462092365396955
3FKY,3840,13.43227580043507,0.82462655935703733
3FKY,3841,13.434160975618342,0.82468442412275411
3FKY,3842,13.43825890669711,0.82481019462149052
3FKY,3843,13.439430066130639,0.82484613540821272
3FKY,3844,13.442042359543564,0.82492629637555681
3FKY,3845,13.442581175594883,0.82494282954304832
3FKY,3846,13.444976663905177,0.82501632929912339
3FKY,3847,13.445464309508681,0.8250312907210714
3FKY,3848,13.446887076357019,0.82507494098449874
3FKY,3849,13.447653592801343,0.82509845663143022
3FKY,3850,13.449582995194472,0.82515764501804145
3FKY,3851,13.452065982176808,0.82523380950352543
3FKY,3852,13.452662824390625,0.82525211631644746
3FKY,3853,13.45305970259405,0.82526428945146046
3FKY,3854,13.455216682289286,0.82533044566458058
3FKY,3855,13.456485204172383,0.82536934972243003
3FKY,3856,13.45786669055582,0.82541171618131781
3FKY,3857,13.460339127123113,0.8254875337099935
3FKY,3858,13.460967025408049,0.82550678716851422
3FKY,3859,13.461829236477767,0.825533224707938
3FKY,3860,13.464105069771319,0.82560300336007331
3FKY,3861,13.464757495221624,0.82562300609636274
3FKY,3862,13.468386846331802,0.82573426966279384
3FKY,3863,13.468725666894194,0.82574465598423263
3FKY,3864,13.469390010520092,0.82576502062183499
3FKY,3865,13.471769955253791,0.82583797078163179
3FKY,3866,13.472573285284081,0.82586259303076959
3FKY,3867,13.474302092154408,0.82591557886706379
3FKY,3868,13.478596112298698,0.8260471706779956
3FKY,3869,13.480043045367031,0.82609150774699647
3FKY,3870,13.481314609020625,0.82613046916432586
3FKY,3871,13.482259434294413,0.8261594179461702
3FKY,3872,13.483815717658601,0.82620709916247193
3FKY,3873,13.484396866377098,0.82622490361906953
3FKY,3874,13.487675445424729,0.82632534114876754
3FKY,3875,13.489510306910004,0.82638154582935786
3FKY,3876,13.492163539072569,0.82646281172569946
3FKY,3877,13.492828312491781,0.82648317183104003
3FKY,3878,13.494692713783465,0.82654027042563871
3FKY,3879,13.496252516324487,0.82658803744000986
3FKY,3880,13.497154565558514,0.82661566031705436
3FKY,3881,13.49787743117597,0.82663779550253058
3FKY,3882,13.499575583544065,0.82668979304024215
3FKY,3883,13.501599688638048,0.82675176699980579
3FKY,3884,13.503444403827475,0.82680824436127021
3FKY,3885,13.505885615547518,0.82688297798847765
3FKY,3886,13.508280109288135,0.82695627486144141
3FKY,3887,13.508331413671588,0.82695784524794502
3FKY,3888,13.509542776276788,0.82699492323049506
3FKY,3889,13.510395559564349,0.82702102464383886
3FKY,3890,13.512128556485282,0.82707406450212628
3FKY,3891,13.514520795512183,0.82714727544301581
3FKY,3892,13.514939182045449,0.82716007887896215
3FKY,3893,13.516162402259507,0.82719751064324865
3FKY,3894,13.517173355549755,0.82722844554857178
3FKY,3895,13.519220680202686,0.82729108960223974
3FKY,3896,13.521169685633566,0.82735072087670247
3FKY,3897,13.524452028912613,0.82745113690398731
3FKY,3898,13.525603676448259,0.8274863661234505
3FKY,3899,13.526724970925502,0.82752066539338065
3FKY,3900,13.527572395912296,0.82754658632796019
3FKY,3901,13.52939521767739,0.82760233983170806
3FKY,3902,13.530411352782302,0.82763341808714086
3FKY,3903,13.533456478450175,0.82772654555809688
3FKY,3904,13.533906425026171,0.82774030514826935
3FKY,3905,13.536571510909946,0.82782180011148299
3FKY,3906,13.536971371905272,0.8278340266639832
3FKY,3907,13.538081002713332,0.82786795490728016
3FKY,3908,13.538585065446537,0.82788336674813734
3FKY,3909,13.538858050062176,0.82789171319949673
3FKY,3910,13.54065961626725,0.8279467936247652
3FKY,3911,13.542319923167891,0.82799755199539959
3FKY,3912,13.543755978549353,0.82804145211098035
3FKY,3913,13.545477641004071,0.82809408014780006
3FKY,3914,13.548468514796006,0.82818549767642502
3FKY,3915,13.549728528602992,0.82822400759729642
3FKY,3916,13.551104663109889,0.82826606448045315
3FKY,3917,13.551753034880608,0.82828587902416329
3FKY,3918,13.55495015660137,0.82838357762448689
3FKY,3919,13.555246301487909,0.8283926267252899
3FKY,3920,13.556036171283573,0.82841676176380619
3FKY,3921,13.558572308621921,0.82849425050750036
3FKY,3922,13.559288846201014,0.82851614217160929
3FKY,3923,13.560932236683733,0.828566348871419
3FKY,3924,13.563183658152809,0.82863512639399128
3FKY,3925,13.56584946573815,0.82871655540540157
3FKY,3926,13.56632293174515,0.82873101692865236
3FKY,3927,13.569389079245067,0.82882466308428682
3FKY,3928,13.569738562829045,0.82883533632635398
3FKY,3929,13.572917751204709,0.82893242255007638
3FKY,3930,13.574483094953807,0.82898022092329593
3FKY,3931,13.575027315064775,0.82899683824798409
3FKY,3932,13.578973721029072,0.82911732862550691
3FKY,3933,13.579242643883743,0.82912553865299221
3FKY,3934,13.58115068043878,0.8291837873458533
3FKY,3935,13.582333249083675,0.82921988684236292
3FKY,3936,13.584335287523038,0.82928099817302803
3FKY,3937,13.586218387654473,0.82933847485511469
3FKY,3938,13.587364449788064,0.82937345343971602
3FKY,3939,13.588829809279513,0.82941817504487769
3FKY,3940,13.59106385269887,0.82948635163146611
3FKY,3941,13.591802105854784,0.82950887976494769
3FKY,3942,13.592112685358144,0.82951835705803167
3FKY,3943,13.59567187769035,0.82962695761894933
3FKY,3944,13.59578776368379,0.8296304933743045
3FKY,3945,13.598149515429082,0.82970254863932846
3FKY,3946,13.599846551714041,0.82975432007343186
3FKY,3947,13.600537045455992,0.82977538402040441
3FKY,3948,13.601531230491073,0.82980571132260272
3FKY,3949,13.604870238339085,0.82990755859668863
3FKY,3950,13.606000743994633,0.82994203873808459
3FKY,3951,13.608273095723574,0.83001134056770931
3FKY,3952,13.608554846364738,0.83001993295174237
3FKY,3953,13.610031058012572,0.83006495065861352
3FKY,3954,13.611905811697534,0.83012211855677454
3FKY,3955,13.613748551245823,0.83017830639376489
3FKY,3956,13.61413111650127,0.83018997089393753
3FKY,3957,13.615404517822704,0.83022879600431487
3FKY,3958,13.617287650254577,0.83028620805968956
3FKY,3959,13.618817579885288,0.83033284891162329
3FKY,3960,13.619868707856345,0.8303648916802947
3FKY,3961,13.620966878513839,0.83039836718575211
3FKY,3962,13.62336620409071,0.83047150106556467
3FKY,3963,13.624574306829485,0.8305083228259923
3FKY,3964,13.625708358489115,0.83054288609831062
3FKY,3965,13.626619631978928,0.83057065856490087
3FKY,3966,13.6272064217483,0.83058854139760907
3FKY,3967,13.630373299567122,0.83068504759059292
3FKY,3968,13.632256305200526,0.83074242425120959
3FKY,3969,13.633712050466498,0.83078677923692701
3FKY,3970,13.636568218774281,0.83087379671972328
3FKY,3971,13.638192914804895,0.83092329147280375
3FKY,3972,13.63893873614896,0.83094601119299027
3FKY,3973,13.641363582973749,0.83101987424371881
3FKY,3974,13.64402855445762,0.83110104413928942
3FKY,3975,13.645976459841934,0.83116036856884479
3FKY,3976,13.646586300557843,0.83117894070154408
3FKY,3977,13.647412298239555,0.83120409503224746
3FKY,3978,13.64893055013037,0.83125032878210037
3FKY,3979,13.652018260917634,0.831344347703739
3FKY,3980,13.652605383545428,0.83136222402872462
3FKY,3981,13.653335716435624,0.83138446018948031
3FKY,3982,13.654026558787123,0.8314054934498557
3FKY,3983,13.65864074073405,0.831545962349443
3FKY,3984,13.659050646710872,0.83155843991251632
3FKY,3985,13.660112839366866,0.83159077225095979
3FKY,3986,13.663062011859424,0.83168053623394567
3FKY,3987,13.664499483486932,0.83172428505576645
3FKY,3988,13.666152034328395,0.83177457687637635
3FKY,3989,13.669054411662493,0.83186289711130512
3FKY,3990,13.6700393752162,0.83189286772415605
3FKY,3991,13.671365275794917,0.83193321071292592
3FKY,3992,13.672746135381646,0.83197522385206635
3FKY,3993,13.673434552195417,0.83199616838354062
3FKY,3994,13.676664526937399,0.83209443074461553
3FKY,3995,13.677719637874363,0.83212652683795008
3FKY,3996,13.678490998290096,0.83214999055965633
3FKY,3997,13.681128592572316,0.83223021754738846
3FKY,3998,13.682527917297271,0.83227277728709492
3FKY,3999,13.683378350034154,0.83229864169688461
3FKY,4000,13.687090405391212,0.8324115278952654
3FKY,4001,13.687715097207809,0.83243052370521908
3FKY,4002,13.689562772708214,0.83248670582079165
3FKY,4003,13.690685409443883,0.83252083989116854
3FKY,4004,13.691997051180431,0.83256071893646855
3FKY,4005,13.692569432696054,0.83257812097738781
3FKY,4006,13.694290520961358,0.83263044480950177
3FKY,4007,13.69686877029671,0.83270882155545278
3FKY,4008,13.698413463648039,0.83275577548113233
3FKY,4009,13.699047893160442,0.83277505941955743
3FKY,4010,13.701108053158851,0.83283767637587502
3FKY,4011,13.702473194249125,0.83287916618130264
3FKY,4012,13.704924047382848,0.8329536481093992
3FKY,4013,13.705568348306986,0.83297322744073909
3FKY,4014,13.708523959599995,0.83306303810380988
3FKY,4015,13.709594103126625,0.83309555362562426
3FKY,4016,13.709917145032806,0.8331053687663319
3FKY,4017,13.711330138459696,0.83314829907977495
3FKY,4018,13.713302963508019,0.83320823479343598
3FKY,4019,13.715114189971301,0.83326325724064965
3FKY,4020,13.717206755451842,0.83332682183807671
3FKY,4021,13.718078165796246,0.83335329071374942
3FKY,4022,13.720205995976409,0.83341791950155819
3FKY,4023,13.72405482311048,0.83353480756352827
3FKY,4024,13.724161096762161,0.83353803483919342
3FKY,4025,13.724969777982313,0.83356259213711992
3FKY,4026,13.726274423440023,0.83360220890221437
3FKY,4027,13.728831570804612,0.83367985358408625
3FKY,4028,13.730094137937286,0.8337181872389946
3FKY,4029,13.732845916026164,0.83380172972885147
3FKY,4030,13.733483358774667,0.83382108095080421
3FKY,4031,13.734491003573339,0.83385166969665558
3FKY,4032,13.735230648106917,0.83387412213139989
3FKY,4033,13.737241623467021,0.83393516365963238
3FKY,4034,13.739170283512767,0.83399370237600345
3FKY,4035,13.740928845258619,0.83404707468536665
3FKY,4036,13.742056307858251,0.83408129135314146
3FKY,4037,13.744048029367569,0.83414173345225529
3FKY,4038,13.744787153571993,0.8341641622903625
3FKY,4039,13.745185761644095,0.83417625786354788
3FKY,4040,13.748222937565696,0.83426841376997096
3FKY,4041,13.749517640085829,0.83430769535546356
3FKY,4042,13.752075544483699,0.8343852973533793
3FKY,4043,13.753107495575039,0.83441660276116647
3FKY,4044,13.754827750233019,0.8344687860283011
3FKY,4045,13.7557620018042,0.83449712482508753
3FKY,4046,13.75759130110116,0.83455261045559392
3FKY,4047,13.759160341883284,0.83460019908207628
3FKY,4048,13.760155095862398,0.83463036832362747
3FKY,4049,13.762541300943894,0.8347027335287005
3FKY,4050,13.762940142909679,0.83471482839039257
3FKY,4051,13.763939730206834,0.83474514005277145
3FKY,4052,13.765589977279509,0.8347951800290746
3FKY,4053,13.767801943606063,0.83486224815538101
3FKY,4054,13.768496071241694,0.83488329340489909
3FKY,4055,13.769871022465402,0.8349249789725488
3FKY,4056,13.771716028003807,0.83498091230739679
3FKY,4057,13.772639693739679,0.83500891282403167
3FKY,4058,13.773670430294594,0.83504015803652443
3FKY,4059,13.774605100885775,0.83506849014457629
3FKY,4060,13.77758466979243,0.83515880161095224
3FKY,4061,13.778612774889796,0.83518996146313684
3FKY,4062,13.780808663080764,0.83525651064117046
3FKY,4063,13.78246559880423,0.83530672267105821
3FKY,4064,13.783597161232297,0.83534101197498078
3FKY,4065,13.783788502694136,0.83534680998306965
3FKY,4066,13.785322815417201,0.83539330110463283
3FKY,4067,13.786882603260459,0.8354405614943895
3FKY,4068,13.789373841461574,0.83551603857974632
3FKY,4069,13.789896156741991,0.83553186230990806
3FKY,4070,13.792059355812563,0.83559739401700572
3FKY,4071,13.794363748393033,0.83566719737129647
3FKY,4072,13.795393122491179,0.8356983767042484
3FKY,4073,13.798550790017384,0.8357940139440041
3FKY,4074,13.800450357996338,0.83585154146748131
3FKY,4075,13.80207237203455,0.83590066026666654
3FKY,4076,13.802484314751872,0.83591313450281046
3FKY,4077,13.804277892856193,0.83596744453707339
3FKY,4078,13.805107338477505,0.83599255918364712
3FKY,4079,13.80741532606544,0.83606243838726724
3FKY,4080,13.80998515476649,0.83614023851268737
3FKY,4081,13.811731148418334,0.83619309336341574
3FKY,4082,13.813026186249138,0.83623229468782334
3FKY,4083,13.813958063380568,0.83626050185252754
3FKY,4084,13.814063701836782,0.8362636993828485
3FKY,4085,13.816220630266413,0.83632898395741195
3FKY,4086,13.816956659097031,0.8363512604562674
3FKY,4087,13.818306545995886,0.83639211431662941
3FKY,4088,13.81983463393478,0.83643835896194307
3FKY,4089,13.820978165121927,0.83647296406357186
3FKY,4090,13.821888224883534,0.8365005029195911
3FKY,4091,13.823206190819558,0.83654038360992478
3FKY,4092,13.826036068661383,0.83662600723141667
3FKY,4093,13.826849466687582,0.83665061659635376
3FKY,4094,13.828147906040886,0.83668989939123806
3FKY,4095,13.829886392665253,0.83674249242444854
3FKY,4096,13.830414761112543,0.83675847607378462
3FKY,4097,13.833226524418155,0.83684352945976059
3FKY,4098,13.834773144896577,0.83689030969440026
3FKY,4099,13.83567955655753,0.83691772448116131
3FKY,4100,13.837821370827266,0.83698250095096394
3FKY,4101,13.838335634095575,0.83699805344820755
3FKY,4102,13.839320530079409,0.83702783814833193
3FKY,4103,13.842913645439898,0.83713649024540493
3FKY,4104,13.843593775156002,0.83715705507824079
3FKY,4105,13.84484721283148,0.83719495349028095
3FKY,4106,13.846508802292499,0.83724518996292707
3FKY,4107,13.847794135319969,0.83728404863616834
3FKY,4108,13.848055279120903,0.83729194341370305
3FKY,4109,13.849501237401844,0.83733565560261936
3FKY,4110,13.8504413009023,0.8373640730639087
3FKY,4111,13.85158865161589,0.83739875536571839
3FKY,4112,13.852193588887479,0.83741704092849023
3FKY,4113,13.854323260203518,0.83748141176255553
3FKY,4114,13.857262736804492,0.83757025141221886
3FKY,4115,13.858003300548569,0.83759263194602629
3FKY,4116,13.859497420470774,0.83763778383698351
3FKY,4117,13.861898474201823,0.83771033791906091
3FKY,4118,13.864000826707063,0.83777386080734528
3FKY,4119,13.864131380676275,0.83777780535577362
3FKY,4120,13.866783544519402,0.83785793362675443
3FKY,4121,13.868336026907617,0.83790483431127072
3FKY,4122,13.869567694570394,0.83794204127590244
3FKY,4123,13.87148617633131,0.83799999264723901
3FKY,4124,13.872296684725448,0.83802447438259575
3FKY,4125,13.872962150136127,0.8380445745010473
3FKY,4126,13.875071858920771,0.83810829423044375
3FKY,4127,13.87623178096368,0.83814332539923397
3FKY,4128,13.878708492313583,0.83821812043368238
3FKY,4129,13.880754256587013,0.83827989612045306
3FKY,4130,13.882709301760244,0.83833892812013233
3FKY,4131,13.884115027154863,0.8383813710058895
3FKY,4132,13.885233328731623,0.83841513420681912
3FKY,4133,13.88642888451716,0.83845122832439178
3FKY,4134,13.887350210050542,0.83847904230446257
3FKY,4135,13.888788511765558,0.83852246148098586
3FKY,4136,13.89122803361424,0.83859610015890296
3FKY,4137,13.892393345365734,0.83863127362932299
3FKY,4138,13.892914643149197,0.83864700787007418
3FKY,4139,13.894299438632487,0.83868880347884078
3FKY,4140,13.896136678166716,0.83874425144509335
3FKY,4141,13.896964141138035,0.83876922311510271
3FKY,4142,13.898464803666544,0.83881450910533184
3FKY,4143,13.900298121263365,0.83886983042004659
3FKY,4144,13.901199056894944,0.83889701528573013
3FKY,4145,13.901998438681773,0.83892113512431243
3FKY,4146,13.903359210615552,0.83896219225744162
3FKY,4147,13.907167886285416,0.83907709672186814
3FKY,4148,13.908626838407921,0.83912110788276628
3FKY,4149,13.909612409977688,0.83915083760616038
3FKY,4150,13.911831188983392,0.83921776312366281
3FKY,4151,13.912245377918461,0.83923025580416377
3FKY,4152,13.913399011866337,0.83926505049104327
3FKY,4153,13.914045716600116,0.83928455508419841
3FKY,4154,13.915632318664786,0.839332405029381
3FKY,4155,13.916995741965755,0.83937352200138904
3FKY,4156,13.917575612223636,0.83939100862995997
3FKY,4157,13.918686945073771,0.83942452108236609
3FKY,4158,13.922280183541345,0.83953286671325777
3FKY,4159,13.924910816609186,0.83961217838406799
3FKY,4160,13.926370755422004,0.83965619124332014
3FKY,4161,13.928340778497899,0.8397155779854607
3FKY,4162,13.929041677798793,0.83973670572302828
3FKY,4163,13.930423479610988,0.83977835686287261
3FKY,4164,13.932004400260139,0.83982600743437896
3FKY,4165,13.934063505962563,0.83988806694068152
3FKY,4166,13.93506521847036,0.83991825595415059
3FKY,4167,13.935791519655043,0.839940144107029
3FKY,4168,13.936663577387909,0.83996642409400091
3FKY,4169,13.937633544537853,0.83999565367460616
3FKY,4170,13.938436330072754,0.84001984453340939
3FKY,4171,13.939681750194126,0.84005737220952814
3FKY,4172,13.942496652312341,0.84014218619428471
3FKY,4173,13.94405305505407,0.84018907747727378
3FKY,4174,13.945105998426456,0.84022079905840197
3FKY,4175,13.945876330904909,0.84024400578169012
3FKY,4176,13.946355936743313,0.84025845386858811
3FKY,4177,13.947220347881469,0.84028449355649748
3FKY,4178,13.948417750252394,0.84032056300350499
3FKY,4179,13.950342986721163,0.84037855380938831
3FKY,4180,13.951369088396516,0.84040945978735493
3FKY,4181,13.953040575835045,0.84045980222236039
3FKY,4182,13.955266384931264,0.84052683522725513
3FKY,4183,13.95634597983212,0.84055934664305598
3FKY,4184,13.957573103568958,0.84059629928294266
3FKY,4185,13.959019923364188,0.84063986559067738
3FKY,4186,13.959365470942116,0.8406502703065315
3FKY,4187,13.963617886066336,0.84077830340828152
3FKY,4188,13.963809659315014,0.8407840769203605
3FKY,4189,13.964793928167783,0.84081370862605109
3FKY,4190,13.968749597764461,0.84093278470209842
3FKY,4191,13.969722852002832,0.84096207963417913
3FKY,4192,13.971284971193565,0.84100909725559703
3FKY,4193,13.972352433534466,0.84104122488001876
3FKY,4194,13.972882004183003,0.8410571630167385
3FKY,4195,13.975036860781389,0.84112201319253199
3FKY,4196,13.975626378278564,0.84113975378670125
3FKY,4197,13.977879302068395,0.84120754850822188
3FKY,4198,13.979257917878446,0.84124903096086623
3FKY,4199,13.979913215026004,0.84126874808867791
3FKY,4200,13.982224481831674,0.84133828772541219
3FKY,4201,13.983059925989727,0.84136342251920482
3FKY,4202,13.984628980592008,0.84141062635461794
3FKY,4203,13.986273610664565,0.84146010097918111
3FKY,4204,13.98664303689141,0.84147121385263535
3FKY,4205,13.988727258006552,0.84153390747882628
3FKY,4206,13.990445306599062,0.84158558307909337
3FKY,4207,13.991289244340004,0.8416109659425266
3FKY,4208,13.992589037158776,0.84165005792559833
3FKY,4209,13.995258459047529,0.84173033656229901
3FKY,4210,13.996446843135681,0.84176607286926441
3FKY,4211,13.997116955755608,0.8417862233875818
3FKY,4212,13.998870679229711,0.841838956176301
3FKY,4213,13.999805592240282,0.84186706676717338
3FKY,4214,14.00135320586997,0.84191359773266949
3FKY,4215,14.003075977666029,0.84196539202590903
3FKY,4216,14.004233768110486,0.84200019864047149
3FKY,4217,14.004928745724946,0.84202109103770406
3FKY,4218,14.007941136876788,0.84211164346206935
3FKY,4219,14.008312734446243,0.84212281300374536
3FKY,4220,14.009948851992158,0.84217198993560871
3FKY,4221,14.012027170870432,0.84223445401225172
3FKY,4222,14.013598181581592,0.84228166781817593
3FKY,4223,14.014806208214447,0.84231797101264339
3FKY,4224,14.016142259986243,0.84235811975180941
3FKY,4225,14.018064495528913,0.84241588012462776
3FKY,4226,14.019089152204829,0.84244666794425005
3FKY,4227,14.02102120881213,0.84250471731386412
3FKY,4228,14.022721053424052,0.84255578647920559
3FKY,4229,14.023089565203053,0.84256685742937021
3FKY,4230,14.024331487690201,0.8426041665956302
3FKY,4231,14.027201130108345,0.84269036852911461
3FKY,4232,14.028046944644624,0.84271577448902313
3FKY,4233,14.028670443510476,0.84273450220263191
3FKY,4234,14.030777637958941,0.84279779183483361
3FKY,4235,14.03144807988752,0.84281792757647578
3FKY,4236,14.033893655548169,0.84289137278306869
3FKY,4237,14.034752075424137,0.84291715121852095
3FKY,4238,14.036165802354924,0.8429596038626157
3FKY,4239,14.039119559194122,0.84304829498920308
3FKY,4240,14.040693111340548,0.84309553952183569
3FKY,4241,14.041265780075918,0.84311273274476373
3FKY,4242,14.044009042035883,0.84319508878614002
3FKY,4243,14.045118537436505,0.84322839489531132
3FKY,4244,14.045800923289407,0.8432488788854251
3FKY,4245,14.047417719459281,0.8432974101985764
3FKY,4246,14.047843483015114,0.84331018986351647
3FKY,4247,14.049740955946209,0.84336714181593353
3FKY,4248,14.052293825391454,0.84344375918637415
3FKY,4249,14.052740089926184,0.84345715187703107
3FKY,4250,14.054762005311392,0.84351782821638643
3FKY,4251,14.055415567500907,0.84353744025071786
3FKY,4252,14.055604779197061,0.84354311801285609
3FKY,4253,14.057986038183261,0.84361457027663267
3FKY,4254,14.058837481568135,0.84364011729195698
3FKY,4255,14.061447596019201,0.84371842728985835
3FKY,4256,14.061760261246713,0.84372780754554655
3FKY,4257,14.062560075206932,0.84375180225428315
3FKY,4258,14.064376242738641,0.84380628540479818
3FKY,4259,14.066029651123442,0.84385588289003732
3FKY,4260,14.066855861236423,0.84388066571944509
3FKY,4261,14.068366162991943,0.84392596654058882
3FKY,4262,14.068817945610137,0.8439395170843188
3FKY,4263,14.07064360144363,0.8439942726838161
3FKY,4264,14.071816494541322,0.84402944855979667
3FKY,4265,14.073200491893052,0.84407095371306662
3FKY,4266,14.075036040174545,0.8441259974280122
3FKY,4267,14.076516169455614,0.84417038036091419
3FKY,4268,14.077351058619154,0.84419541419187694
3FKY,4269,14.078576925862034,0.84423217000524531
3FKY,4270,14.079935442539586,0.84427290124613541
3FKY,4271,14.080678232508445,0.84429517085006478
3FKY,4272,14.082493479717353,0.84434959134868481
3FKY,4273,14.083296192980974,0.84437365530294806
3FKY,4274,14.08461582361368,0.84441321405485037
3FKY,4275,14.086212507869943,0.84446107560438566
3FKY,4276,14.088008536608783,0.8445149093804204
3FKY,4277,14.088561286924573,0.84453147670797712
3FKY,4278,14.089840854801734,0.84456982735256281
3FKY,4279,14.090122912301831,0.84457828082142872
3FKY,4280,14.092494140083,0.84464934490100796
3FKY,4281,14.094771705789118,0.84471759636317156
3FKY,4282,14.095531298110675,0.84474035772351552
3FKY,4283,14.096150326354904,0.84475890659508113
3FKY,4284,14.097550218352993,0.84480085215636491
3FKY,4285,14.100917970346828,0.84490175301558479
3FKY,4286,14.101001782299033,0.84490426394289697
3FKY,4287,14.102156599285648,0.84493886041466693
3FKY,4288,14.103078259874415,0.8449664708768877
3FKY,4289,14.105646239994158,0.84504339586775312
3FKY,4290,14.106669145431978,0.8450740355066495
3FKY,4291,14.108097831411699,0.84511682784998277
3FKY,4292,14.109454812516791,0.84515747046551193
3FKY,4293,14.110747063738859,0.84519617255509372
3FKY,4294,14.111591702784446,0.84522146799135578
3FKY,4295,14.112486775385188,0.84524827299668304
3FKY,4296,14.113431890683721,0.84527657572291881
3FKY,4297,14.115798577136669,0.84534744511800819
3FKY,4298,14.117490420883483,0.84539810300072615
3FKY,4299,14.119158533282807,0.8454480473378847
3FKY,4300,14.119514077955978,0.8454586921881645
3FKY,4301,14.119973715139047,0.84547245332353327
3FKY,4302,14.122055947608722,0.84553479073760862
3FKY,4303,14.123335040531053,0.84557308165934697
3FKY,4304,14.123907643410515,0.84559022253551241
3FKY,4305,14.124801578865146,0.84561698181271649
3FKY,4306,14.125958610395138,0.84565161541337686
3FKY,4307,14.126869946909816,0.84567889358923309
3FKY,4308,14.130698139677634,0.84579346966099256
3FKY,4309,14.133045934167066,0.84586373040650453
3FKY,4310,14.133975483299061,0.84589154673753242
3FKY,4311,14.134839952449719,0.84591741475912829
3FKY,4312,14.135387522491666,0.84593379961208592
3FKY,4313,14.138682663197716,0.84603239289307619
3FKY,4314,14.139213409056104,0.8460482721650493
3FKY,4315,14.141274530772783,0.84610993559960768
3FKY,4316,14.141785562421678,0.84612522365049336
3FKY,4317,14.142912832409955,0.84615894614472642
3FKY,4318,14.145310629262617,0.84623067222029946
3FKY,4319,14.145767005041328,0.84624432324844423
3FKY,4320,14.147537178751202,0.84629727027462376
3FKY,4321,14.149726830962944,0.84636275958804985
3FKY,4322,14.149993473801784,0.84637073414149633
3FKY,4323,14.150898149555205,0.84639778994349479
3FKY,4324,14.15365204954718,0.84648014448557862
3FKY,4325,14.154421431518783,0.84650315118766006
3FKY,4326,14.156851167864243,0.84657580308743019
3FKY,4327,14.15837436170256,0.84662134514858067
3FKY,4328,14.15921674041634,0.8466465304267049
3FKY,4329,14.161631742055818,0.84671872953276273
3FKY,4330,14.163589852342255,0.84677726485471183
3FKY,4331,14.164753634285923,0.84681205278132687
3FKY,4332,14.166031698363211,0.84685025519842505
3FKY,4333,14.166723302074256,0.84687092710017464
3FKY,4334,14.169978954593574,0.84696823114937414
3FKY,4335,14.172098512949685,0.84703157392040462
3FKY,4336,14.173003763060414,0.84705862577801161
3FKY,4337,14.174767532373206,0.84711133053831456
3FKY,4338,14.174807030512582,0.84711251077982519
3FKY,4339,14.176006317900981,0.84714834583072707
3FKY,4340,14.177238751414128,0.84718516971813207
3FKY,4341,14.179499771078834,0.84725272257506856
3FKY,4342,14.181017018445999,0.84729805060487939
3FKY,4343,14.182371992330605,0.84733852863642223
3FKY,4344,14.183165006359353,0.84736221797230393
3FKY,4345,14.184635311904326,0.84740613796759612
3FKY,4346,14.186275477500217,0.84745512922422528
3FKY,4347,14.18766394402974,0.8474966000914137
3FKY,4348,14.188488782947749,0.84752123550783653
3FKY,4349,14.191022471646836,0.84759690456438141
3FKY,4350,14.191407008237659,0.8476083882265627
3FKY,4351,14.192367727560288,0.84763707812231737
3FKY,4352,14.193267501310997,0.8476639471240176
3FKY,4353,14.195180429875524,0.8477210680774947
3FKY,4354,14.195634832687517,0.8477346361950806
3FKY,4355,14.197017749666106,0.8477759276936605
3FKY,4356,14.198650651775388,0.84782468072481176
3FKY,4357,14.198886277785764,0.84783171550308511
3FKY,4358,14.200524014883722,0.84788060966947965
3FKY,4359,14.201610569201319,0.84791304687793123
3FKY,4360,14.202607992780933,0.84794282214930905
3FKY,4361,14.204634075979047,0.84800330193722673
3FKY,4362,14.206265820390506,0.84805200734227926
3FKY,4363,14.206873255733029,0.84807013776661455
3FKY,4364,14.207821157133601,0.84809842947613612
3FKY,4365,14.20973498006463,0.84815554786004432
3FKY,4366,14.211000096510368,0.84819330337243137
3FKY,4367,14.211446330347156,0.8482066201544437
3FKY,4368,14.214936641598534,0.84831077293697377
3FKY,4369,14.215260646145543,0.84832044075992774
3FKY,4370,14.21692913496746,0.84837022428756159
3FKY,4371,14.217998635719551,0.84840213397498143
3FKY,4372,14.220607292075321,0.84847996096626421
3FKY,4373,14.222995752537201,0.84855121234501563
3FKY,4374,14.224199816445427,0.84858712911966194
3FKY,4375,14.224407882171844,0.84859333548817695
3FKY,4376,14.226196991518822,0.84864670075104887
3FKY,4377,14.227854196965637,0.84869612861222909
3FKY,4378,14.228078349571755,0.84870281397381386
3FKY,4379,14.229073294965113,0.84873248762941134
3FKY,4380,14.230812209229734,0.84878434722387253
3FKY,4381,14.231647258615068,0.84880924975366978
3FKY,4382,14.233359398915702,0.84886030627548337
3FKY,4383,14.235874968490663,0.84893531572189873
3FKY,4384,14.237935854519167,0.84899676244084277
3FKY,4385,14.23870154126228,0.84901959077891898
3FKY,4386,14.239641938754351,0.84904762713845394
3FKY,4387,14.240503526411983,0.84907331310353096
3FKY,4388,14.24237371679494,0.84912906522668508
3FKY,4389,14.242579699164589,0.84913520552984212
3FKY,4390,14.245737060317204,0.84922932043032906
3FKY,4391,14.246738704138055,0.84925917533871198
3FKY,4392,14.247525794038877,0.84928263453529895
3FKY,4393,14.249414637050018,0.84933892881502682
3FKY,4394,14.250064296385089,0.84935829012525399
3FKY,4395,14.251239834271088,0.84939332267800038
3FKY,4396,14.252770613874219,0.84943893972867901
3FKY,4397,14.254221309483585,0.84948216802508958
3FKY,4398,14.255261677029379,0.84951316787888131
3FKY,4399,14.255503726302576,0.84952038006399111
3FKY,4400,14.257777143635835,0.84958811661684874
3FKY,4401,14.25988632649346,0.84965095496841025
3FKY,4402,14.260494661116063,0.84966907806451364
3FKY,4403,14.262672366321626,0.8497339516254675
3FKY,4404,14.263474072938337,0.84975783311629638
3FKY,4405,14.265473175687122,0.84981738009948971
3FKY,4406,14.265896121695681,0.84982997779605529
3FKY,4407,14.269272067372199,0.84993052563766502
3FKY,4408,14.270818034987187,0.84997656616004802
3FKY,4409,14.272176092320109,0.85001700846142225
3FKY,4410,14.272725456666773,0.85003336772373561
3FKY,4411,14.275201491440326,0.85010709649088723
3FKY,4412,14.276796615416229,0.85015459103356406
3FKY,4413,14.27928315623009,0.85022862206829308
3FKY,4414,14.279537393391715,0.85023619103191295
3FKY,4415,14.280592227363714,0.85026759406100383
3FKY,4416,14.283318264807129,0.85034874443128394
3FKY,4417,14.283851584367337,0.8503646197123893
3FKY,4418,14.286185003160897,0.85043407491999079
3FKY,4419,14.286506687434105,0.85044364954496054
3FKY,4420,14.289084984645346,0.85052038620345294
3FKY,4421,14.29016338508209,0.85055248007973083
3FKY,4422,14.290879920213976,0.85057380394697824
3FKY,4423,14.29119222111629,0.85058309775942065
3FKY,4424,14.293659535842043,0.85065651940251619
3FKY,4425,14.29420924065308,0.85067287649722445
3FKY,4426,14.296148994918418,0.85073059358867831
3FKY,4427,14.2972858365276,0.85076441831696847
3FKY,4428,14.298438389067517,0.85079870912369338
3FKY,4429,14.299779672672363,0.85083861332748545
3FKY,4430,14.300821610288775,0.85086961046970599
3FKY,4431,14.303514859684165,0.85094972811060399
3FKY,4432,14.304940559203821,0.85099213616207614
3FKY,4433,14.306288051445273,0.85103221596154455
3FKY,4434,14.307021446880169,0.85105402927681895
3FKY,4435,14.308441045203129,0.85109625067521499
3FKY,4436,14.310294754953421,0.8511513801724796
3FKY,4437,14.311675490102942,0.85119244104166103
3FKY,4438,14.313355420590689,0.85124239683382996
3FKY,4439,14.314104606110631,0.85126467428429731
3FKY,4440,14.315377230719379,0.85130251515261524
3FKY,4441,14.316026148926111,0.85132180976959848
3FKY,4442,14.317451793533305,0.85136419765434324
3FKY,4443,14.319252820991961,0.85141774356817235
3FKY,4444,14.319723863074243,0.85143174745139361
3FKY,4445,14.321264876318612,0.85147755951852877
3FKY,4446,14.321957513886382,0.85149814981625072
3FKY,4447,14.322338844234729,0.85150948555455519
3FKY,4448,14.323637405706164,0.85154808652469804
3FKY,4449,14.324530118716444,0.85157462224987657
3FKY,4450,14.324808419464516,0.85158289451784497
3FKY,4451,14.328334788962689,0.85168770608200994
3FKY,4452,14.329872114676339,0.85173339479293031
3FKY,4453,14.330675320806293,0.85175726478605307
3FKY,4454,14.331346156436641,0.85177720042837779
3FKY,4455,14.331829150883054,0.85179155358776282
3FKY,4456,14.332733946342637,0.8518184407686864
3FKY,4457,14.334111727797197,0.85185938171727205
3FKY,4458,14.336134062875743,0.8519194720940968
3FKY,4459,14.338498043739884,0.85198970854367229
3FKY,4460,14.339471190019896,0.85201862009862039
3FKY,4461,14.340572538829338,0.85205133928551235
3FKY,4462,14.342685045327702,0.85211409471954802
3FKY,4463,14.34344936913463,0.85213679906012785
3FKY,4464,14.344551031329811,0.85216952301820303
3FKY,4465,14.346580697081462,0.85222980925906899
3FKY,4466,14.347033779076259,0.85224326636573422
3FKY,4467,14.347523350103428,0.85225780700383491
3FKY,4468,14.350013575331019,0.85233176477891093
3FKY,4469,14.350572007643349,0.85234834890844047
3FKY,4470,14.351957418195052,0.8523894909582852
3FKY,4471,14.35254708306217,0.85240700142597514
3FKY,4472,14.353872743485143,0.85244636642954574
3FKY,4473,14.356211962537063,0.85251582425397765
3FKY,4474,14.357387048519618,0.85255071364189572
3FKY,4475,14.358282933638888,0.85257731233916179
3FKY,4476,14.358824553119234,0.85259339253929312
3FKY,4477,14.359590352830837,0.85261612793335151
3FKY,4478,14.362370044928955,0.85269864754468117
3FKY,4479,14.362848322781391,0.85271284518342272
3FKY,4480,14.36383021184141,0.85274199173869192
3FKY,4481,14.364449725210882,0.85276038096220252
3FKY,4482,14.366103151992998,0.85280945824354315
3FKY,4483,14.366700195150736,0.85282717908114658
3FKY,4484,14.368402153846322,0.85287769289533544
3FKY,4485,14.370029461864513,0.85292598829376221
3FKY,4486,14.370831234764607,0.85294978237875074
3FKY,4487,14.371704187871705,0.85297568811250712
3FKY,4488,14.372226062890572,0.85299117488625587
3FKY,4489,14.373471577650314,0.85302813471687267
3FKY,4490,14.376426076817914,0.85311580113071805
3FKY,4491,14.376449174692631,0.85311648645938998
3FKY,4492,14.377075137713861,0.85313505897176933
3FKY,4493,14.379019807004539,0.85319275531945582
3FKY,4494,14.379941640218265,0.85322010380443436
3FKY,4495,14.380389369605815,0.85323338649884917
3FKY,4496,14.382247997091563,0.85328852380233056
3FKY,4497,14.383303581106619,0.85331983675145073
3FKY,4498,14.384619369802962,0.85335886682935158
3FKY,4499,14.385520754684254,0.85338560346767656
3FKY,4500,14.386694176982887,0.85342040795246898
3FKY,4501,14.387896018449862,0.85345605389734291
3FKY,4502,14.389908078061865,0.85351572712626789
3FKY,4503,14.390433484638985,0.85353130883398098
3FKY,4504,14.391738490063089,0.85357000946579886
3FKY,4505,14.392170173602208,0.85358281088516064
3FKY,4506,14.3944191883401,0.85364950149913266
3FKY,4507,14.395747319024267,0.85368888245402585
3FKY,4508,14.396219866150126,0.85370289370708485
3FKY,4509,14.397048422379344,0.85372746024885149
3FKY,4510,14.399059441768987,0.85378708366873002
3FKY,4511,14.400175300550263,0.85382016525165128
3FKY,4512,14.401831722407357,0.85386927040787242
3FKY,4513,14.40216330381149,0.85387909990551747
3FKY,4514,14.40501980680388,0.85396377424305669
3FKY,4515,14.405508157592672,0.85397824941747147
3FKY,4516,14.407573549490825,0.85403946685324383
3FKY,4517,14.408055688555063,0.85405375664129024
3FKY,4518,14.40982600489021,0.85410622377873291
3FKY,4519,14.410831552225911,0.85413602390452814
3FKY,4520,14.411150162889465,0.85414546594609941
3FKY,4521,14.412185961218348,0.8541761611556945
3FKY,4522,14.413225430219828,0.8542069640344071
3FKY,4523,14.414195333777485,0.85423570445895392
3FKY,4524,14.414789386181335,0.85425330709071889
3FKY,4525,14.417135663838526,0.85432282714546814
3FKY,4526,14.418608772804673,0.85436647237777097
3FKY,4527,14.418896753465104,0.8543750044003926
3FKY,4528,14.420915084551433,0.85443479924182419
3FKY,4529,14.421994132334365,0.85446676526909293
3FKY,4530,14.423681146294637,0.85451673946808437
3FKY,4531,14.42451131563678,0.85454133039550051
3FKY,4532,14.425883736285957,0.85458198211141601
3FKY,4533,14.427940585204164,0.85464290327946957
3FKY,4534,14.428357679236361,0.85465525652823371
3FKY,4535,14.428865140557651,0.85467028598210382
3FKY,4536,14.43026911027045,0.85471186589835146
3FKY,4537,14.431932069265654,0.8547611134150721
3FKY,4538,14.433150101311471,0.85479718289129458
3FKY,4539,14.433679864482157,0.85481287024670449
3FKY,4540,14.434234458929289,0.85482929259782348
3FKY,4541,14.436261136340308,0.85488930279143638
3FKY,4542,14.436952190869912,0.85490976404693686
3FKY,4543,14.438182527538501,0.8549461915563088
3FKY,4544,14.438817117989446,0.8549649797495894
3FKY,4545,14.439774929524047,0.85499333670336575
3FKY,4546,14.440255191891513,0.85500755498972514
3FKY,4547,14.441954640233194,0.85505786568033249
3FKY,4548,14.443349220615282,0.85509914880886684
3FKY,4549,14.444089192069915,0.85512105303783714
3FKY,4550,14.445238942080666,0.85515508619362945
3FKY,4551,14.44695300719712,0.85520582083458385
3FKY,4552,14.447077133711668,0.85520949474041341
3FKY,4553,14.44800339230844,0.85523690971310096
3FKY,4554,14.450158650547353,0.85530069664648334
3FKY,4555,14.45056222155266,0.85531264018843034
3FKY,4556,14.45298342128855,0.85538429124150561
3FKY,4557,14.454410793553601,0.85542652894544435
3FKY,4558,14.455719416176871,0.85546525086876213
3FKY,4559,14.456934920298613,0.85550121586127348
3FKY,4560,14.457378709129925,0.85551434654814673
3FKY,4561,14.457856896361033,0.85552849477868198
3FKY,4562,14.458978606801226,0.8555616821534916
3FKY,4563,14.46082857228089,0.85561641316171588
3FKY,4564,14.462888108482886,0.85567734017674335
3FKY,4565,14.463945544287432,0.85570862048921259
3FKY,4566,14.466042623110647,0.85577065139847863
3FKY,4567,14.467388929830019,0.85581047234340657
3FKY,4568,14.467721857903136,0.85582031937571235
3FKY,4569,14.468543213317458,0.85584461216636543
3FKY,4570,14.470556875165382,0.85590416625066579
3FKY,4571,14.471016208526319,0.85591775046241725
3FKY,4572,14.471583590122597,0.85593452976846096
3FKY,4573,14.47362187085138,0.85599480559863861
3FKY,4574,14.474524915268516,0.85602150897945828
3FKY,4575,14.47659917061878,0.85608284237717069
3FKY,4576,14.47737287863154,0.85610571892770448
3FKY,4577,14.478597046143719,0.85614191315518817
3FKY,4578,14.479297390350293,0.85616261912471014
3FKY,4579,14.480372407465429,0.85619440148130932
3FKY,4580,14.480789115150463,0.85620672092345329
3FKY,4581,14.481961550170411,0.85624138154925511
3FKY,4582,14.483251163164486,0.85627950468010272
3FKY,4583,14.484866388800882,0.85632725107463714
3FKY,4584,14.485502660206828,0.85634605865442659
3FKY,4585,14.487647558581665,0.85640945677473501
3FKY,4586,14.488640316770823,0.85643879876878704
3FKY,4587,14.488901075922145,0.85644650560823621
3FKY,4588,14.49119273004837,0.85651423336608878
3FKY,4589,14.492972979024964,0.85656684331296584
3FKY,4590,14.493572483904256,0.85658455916368992
3FKY,4591,14.49460136998805,0.85661496271991711
3FKY,4592,14.495917464982139,0.85665385171883801
3FKY,4593,14.497359407114836,0.85669645732032096
3FKY,4594,14.498916887218428,0.85674247438505868
3FKY,4595,14.499301550991548,0.85675383922043047
3FKY,4596,14.500405034203954,0.85678644063534015
3FKY,4597,14.501987457240372,0.85683318972994615
3FKY,4598,14.502813150136163,0.85685758193858752
3FKY,4599,14.50322534333286,0.85686975848504887
3FKY,4600,14.504329745644611,0.85690238263950369
3FKY,4601,14.50650621362368,0.85696667208515109
3FKY,4602,14.506795861738762,0.85697522747190591
3FKY,4603,14.508829842957184,0.85703530312333542
3FKY,4604,14.509050738687883,0.8570418272441982
3FKY,4605,14.509647161369875,0.85705944224677322
3FKY,4606,14.512022932836638,0.85712960570432684
3FKY,4607,14.51335771497274,0.85716902319233101
3FKY,4608,14.514921625271274,0.85721520476445023
3FKY,4609,14.516124756666542,0.8572507310036217
3FKY,4610,14.51676409245138,0.85726960880480951
3FKY,4611,14.51691644127116,0.85727410717888386
3FKY,4612,14.518033776935507,0.85730709781114034
3FKY,4613,14.520300394866791,0.85737401843660466
3FKY,4614,14.52111800556496,0.85739815665286223
3FKY,4615,14.522248454179163,0.85743152962368963
3FKY,4616,14.523031007332527,0.85745463130489252
3FKY,4617,14.525261238338482,0.85752046633936707
3FKY,4618,14.527838566393182,0.85759654116819695
3FKY,4619,14.52813200039906,0.85760520201325874
3FKY,4620,14.531299799411972,0.85769869554828582
3FKY,4621,14.533224630013647,0.85775549948364704
3FKY,4622,14.533467402735969,0.85776266371503285
3FKY,4623,14.534745028842847,0.85780036551937255
3FKY,4624,14.536073846816205,0.85783957620004359
3FKY,4625,14.537544586914166,0.85788297262070057
3FKY,4626,14.537986972785617,0.85789602545837218
3FKY,4627,14.539495025658143,0.85794051989280906
3FKY,4628,14.539749469420101,0.85794802691619543
3FKY,4629,14.54099169978306,0.85798467632092212
3FKY,4630,14.541810702149942,0.85800883841388298
3FKY,4631,14.542887569871958,0.85804060697892848
3FKY,4632,14.543926605269485,0.85807125834150144
3FKY,4633,14.544731882553803,0.85809501312750114
3FKY,4634,14.546242088988341,0.85813956076796438
3FKY,4635,14.547938184073422,0.85818958894216202
3FKY,4636,14.54885269543114,0.85821656224183962
3FKY,4637,14.550218263737886,0.85825683778326545
3FKY,4638,14.550793950293095,0.85827381629267241
3FKY,4639,14.552344507839077,0.85831954463903093
3FKY,4640,14.553270004347103,0.85834683780513343
3FKY,4641,14.554479626359397,0.85838250860816379
3FKY,4642,14.554683046380063,0.85838850715919468
3FKY,4643,14.556965989971509,0.85845582486363714
3FKY,4644,14.558004433202171,0.85848644394123086
3FKY,4645,14.55902216475692,0.85851645126393417
3FKY,4646,14.559189423297687,0.85852138270077205
3FKY,4647,14.561153441603928,0.8585792875333057
3FKY,4648,14.563418871898257,0.8586460739966435
3FKY,4649,14.56445311826324,0.8586765625729379
3FKY,4650,14.564996092445213,0.85869256849004982
3FKY,4651,14.566229665831573,0.8587289309396321
3FKY,4652,14.566983488791207,0.85875115086971199
3FKY,4653,14.568553947924736,0.85879744038608419
3FKY,4654,14.568998085055101,0.858810530941438
3FKY,4655,14.570416124313484,0.85885232507886367
3FKY,4656,14.570850469010962,0.8588651261948409
3FKY,4657,14.572220281675971,0.85890549640798441
3FKY,4658,14.572790626475266,0.85892230467330999
3FKY,4659,14.573848234486727,0.85895347188942117
3FKY,4660,14.575392477923609,0.85899897799408509
3FKY,4661,14.577453100934747,0.85905969713100938
3FKY,4662,14.578388861678526,0.85908726921220024
3FKY,4663,14.578613464152157,0.85909388696620514
3FKY,4664,14.58018732549664,0.85914025825430129
3FKY,4665,14.581156401085709,0.85916880925983574
3FKY,4666,14.581723844940877,0.8591855269091373
3FKY,4667,14.58336520684173,0.85923388177862414
3FKY,4668,14.584804301167077,0.85927627556367647
3FKY,4669,14.585733728377919,0.85930365412881393
3FKY,4670,14.58706205355983,0.85934278170091494
3FKY,4671,14.588147040445754,0.85937474010036297
3FKY,4672,14.590179487213318,0.85943460282919393
3FKY,4673,14.591533043263622,0.85947446751792511
3FKY,4674,14.593057846513622,0.85951937353369312
3FKY,4675,14.594669584656605,0.85956683726353744
3FKY,4676,14.595054523420657,0.85957817285466875
3FKY,4677,14.596343822379222,0.85961613875493759
3FKY,4678,14.597765607244131,0.85965800401481407
3FKY,4679,14.598345477736071,0.85967507804425081
3FKY,4680,14.600302302922435,0.85973269339106106
3FKY,4681,14.601404457609249,0.85976514273752003
3FKY,4682,14.603126534680467,0.85981584122310672
3FKY,4683,14.603436456708589,0.85982496510677819
3FKY,4684,14.60506192332744,0.85987281610041122
3FKY,4685,14.605543988296946,0.85988700676747809
3FKY,4686,14.607030484459033,0.85993076365236432
3FKY,4687,14.609655452557385,0.86000802745423122
3FKY,4688,14.610541285218085,0.86003409965196476
3FKY,4689,14.611961417394925,0.86007589592757339
3FKY,4690,14.612470609080543,0.86009088158444191
3FKY,4691,14.612961666351096,0.86010533329297767
3FKY,4692,14.615065911974471,0.86016725803398708
3FKY,4693,14.61626325412562,0.86020249199831411
3FKY,4694,14.618098173944221,0.86025648504148244
3FKY,4695,14.618831654491249,0.86027806696940701
3FKY,4696,14.619474564663141,0.8602969835098061
3FKY,4697,14.620253866236306,0.86031991257799734
3FKY,4698,14.621952606335848,0.86036989178826595
3FKY,4699,14.623635722201866,0.86041940844943143
3FKY,4700,14.624505487987008,0.86044499552809428
3FKY,4701,14.626598542860771,0.86050656664102598
3FKY,4702,14.628189033393699,0.8605533509408676
3FKY,4703,14.628393378808406,0.86055936157953428
3FKY,4704,14.630007835137189,0.86060684790084041
3FKY,4705,14.631030732390993,0.86063693322288581
3FKY,4706,14.632487536745378,0.86067977874917845
3FKY,4707,14.63335045811437,0.86070515679995785
3FKY,4708,14.634787512438168,0.86074741812983802
3FKY,4709,14.635512536432842,0.86076873906811502
3FKY,4710,14.636098467401718,0.86078596928168627
3FKY,4711,14.638262836804396,0.8608496129482911
3FKY,4712,14.63884844168609,0.86086683195506974
3FKY,4713,14.640328752403898,0.86091035717457098
3FKY,4714,14.641583666274073,0.86094725338148614
3FKY,4715,14.642221308572426,0.86096600034291659
3FKY,4716,14.643459900858462,0.86100241432934421
3FKY,4717,14.64595085093457,0.86107564233844325
3FKY,4718,14.646657446287582,0.86109641342785115
3FKY,4719,14.648276982520152,0.86114401945324026
3FKY,4720,14.648683063668271,0.86115595573520032
3FKY,4721,14.649321243869183,0.86117471396394207
3FKY,4722,14.649830811021413,0.86118969153605129
3FKY,4723,14.652977890531638,0.86128218703753767
3FKY,4724,14.653123395737873,0.86128646332636039
3FKY,4725,14.65360815013703,0.86130070974119555
3FKY,4726,14.655247248334037,0.86134887934385251
3FKY,4727,14.656250369318629,0.86137835760295001
3FKY,4728,14.656930348320287,0.8613983392622222
3FKY,4729,14.658929006869016,0.86145706856043847
3FKY,4730,14.659893733423807,0.86148541499817644
3FKY,4731,14.660677766436974,0.86150845145353727
3FKY,4732,14.662422840485046,0.86155972300215811
3FKY,4733,14.663471134387674,0.86159052117486534
3FKY,4734,14.664397212428346,0.86161772781157719
3FKY,4735,14.664647989313684,0.86162509507268026
3FKY,4736,14.66635113771628,0.86167512807721602
3FKY,4737,14.668666237614088,0.8617431335840241
3FKY,4738,14.669919698511855,0.86177995145928221
3FKY,4739,14.670525070100984,0.8617977324603856
3FKY,4740,14.67066467684451,0.86180183294377677
3FKY,4741,14.671673352825671,0.86183145886350632
3FKY,4742,14.673275892804725,0.86187852512592467
3FKY,4743,14.674175030509941,0.86190493148581404
3FKY,4744,14.675491451610277,0.86194359138969778
3FKY,4745,14.676831642951679,0.86198294758332017
3FKY,4746,14.678541482111736,0.86203315628339183
3FKY,4747,14.679638967386717,0.86206538193106474
3FKY,4748,14.680349722127394,0.86208625130128336
3FKY,4749,14.681856247246941,0.86213048462334074
3FKY,4750,14.68242858375536,0.86214728849113431
3FKY,4751,14.683991677538534,0.86219317944146856
3FKY,4752,14.685631234856983,0.86224131266405624
3FKY,4753,14.68588632348675,0.86224880117429958
3FKY,4754,14.687407862598803,0.86229346689167508
3FKY,4755,14.687468276805319,0.86229524034014549
3FKY,4756,14.688409482703822,0.862322868803722
3FKY,4757,14.689140691087173,0.86234433232107943
3FKY,4758,14.689584544961008,0.86235736072039826
3FKY,4759,14.690516432998765,0.86238471369833691
3FKY,4760,14.692964608855595,0.86245656894901934
3FKY,4761,14.693736678445758,0.86247922835643787
3FKY,4762,14.695803356734947,0.8625398801995805
3FKY,4763,14.696819459948964,0.86256969872579947
3FKY,4764,14.697985058415414,0.86260390306459911
3FKY,4765,14.699130192258702,0.86263750555091023
3FKY,4766,14.700103504429798,0.86266606512123711
3FKY,4767,14.703313631461315,0.86276025209366769
3FKY,4768,14.70431869964391,0.86278973925833924
3FKY,4769,14.705222364970865,0.86281625055781719
3FKY,4770,14.705874210103241,0.86283537357161977
3FKY,4771,14.70636980130128,0.86284991232014241
3FKY,4772,14.707753475558622,0.86289050272914425
3FKY,4773,14.709903341793739,0.86295356577182536
3FKY,4774,14.710862444465063,0.86298169809738356
3FKY,4775,14.711925423704553,0.8630128762510112
3FKY,4776,14.712617580178959,0.86303317722817574
3FKY,4777,14.715154869649794,0.86310759194669395
3FKY,4778,14.715222506225738,0.86310957553353451
3FKY,4779,14.715783196545953,0.86312601879745166
3FKY,4780,14.717401573709809,0.86317347889578899
3FKY,4781,14.718082759755433,0.86319345439630091
3FKY,4782,14.720483289531279,0.86326384525967548
3FKY,4783,14.722668838604712,0.86332792724107077
3FKY,4784,14.723183511941654,0.86334301716759498
3FKY,4785,14.724402657965806,0.86337876077624176
3FKY,4786,14.724870085969441,0.86339246470084685
3FKY,4787,14.727091787365163,0.8634575969527174
3FKY,4788,14.727692897850012,0.86347521849422926
3FKY,4789,14.728567238589129,0.86350084913309411
3FKY,4790,14.730062362985912,0.86354467581368466
3FKY,4791,14.731034293115346,0.86357316487311275
3FKY,4792,14.731631728837762,0.86359067634638786
3FKY,4793,14.732912229189134,0.86362820797071005
3FKY,4794,14.733973885928743,0.86365932402489731
3FKY,4795,14.736090203814726,0.86372134775523557
3FKY,4796,14.737195636052876,0.86375374330602872
3FKY,4797,14.738075336213802,0.86377952273472169
3FKY,4798,14.739569298206876,0.86382330121485096
3FKY,4799,14.74181651532089,0.86388914861116306
3FKY,4800,14.742298386795708,0.86390326763563796
3FKY,4801,14.743441400596621,0.86393675746851062
3FKY,4802,14.744464017451861,0.86396671862028374
3FKY,4803,14.745514324738652,0.86399748997893178
3FKY,4804,14.745965494808569,0.86401070778936762
3FKY,4805,14.74874149088256,0.86409203096425424
3FKY,4806,14.749407826348687,0.86411155021148878
3FKY,4807,14.750049033839387,0.86413033295800867
3FKY,4808,14.751686717226304,0.86417830339553281
3FKY,4809,14.753365293783869,0.86422746889797963
3FKY,4810,14.75412380175475,0.86424968467673402
3FKY,4811,14.754410501223832,0.86425808160783579
3FKY,4812,14.75649559107954,0.86431914782584895
3FKY,4813,14.758030560472735,0.86436409985834806
3FKY,4814,14.758488450918561,0.86437750886273768
3FKY,4815,14.761009307475447,0.86445132667544944
3FKY,4816,14.762289231625459,0.8644888040634412
3FKY,4817,14.763740988234735,0.86453131090168356
3FKY,4818,14.764468523555745,0.86455261205146416
3FKY,4819,14.765610336598433,0.86458604157729479
3FKY,4820,14.767029097870699,0.86462757767706222
3FKY,4821,14.767411335553888,0.86463876784609628
3FKY,4822,14.768671865958099,0.86467566937790541
3FKY,4823,14.770233628362472,0.86472138717384006
3FKY,4824,14.771467542011877,0.8647575060757503
3FKY,4825,14.773170327914757,0.86480734724601216
3FKY,4826,14.77361992927319,0.86482050676394995
3FKY,4827,14.77492572075289,0.8648587252338471
3FKY,4828,14.77575793058921,0.86488308183018525
3FKY,4829,14.776214566308621,0.86489644606702709
3FKY,4830,14.777724021004445,0.86494062140897865
3FKY,4831,14.77903931071662,0.86497911252528459
3FKY,4832,14.779434172470703,0.86499066756892207
3FKY,4833,14.780087897376628,0.86500979751948004
3FKY,4834,14.783661492076305,0.86511436413711396
3FKY,4835,14.784635940930787,0.86514287520017241
3FKY,4836,14.785106622113503,0.86515664636208867
3FKY,4837,14.786689375848281,0.8652029528684696
3FKY,4838,14.787384574823632,0.86522329146899779
3FKY,4839,14.788233762862999,0.86524813449376436
3FKY,4840,14.789098348367482,0.86527342723910328
3FKY,4841,14.790773514693946,0.86532243076288107
3FKY,4842,14.791042251867038,0.86533029185436983
3FKY,4843,14.791543909990189,0.86534496615121848
3FKY,4844,14.794078738594758,0.86541911010871475
3FKY,4845,14.794498720383039,0.86543139399919589
3FKY,4846,14.796050945022307,0.86547679292500634
3FKY,4847,14.796676500898752,0.86549508829224397
3FKY,4848,14.79799713722422,0.8655337111123842
3FKY,4849,14.799184496492357,0.86556843469186517
3FKY,4850,14.800095513246394,0.86559507586289952
3FKY,4851,14.801000265056368,0.86562153301456102
3FKY,4852,14.802753707974308,0.86567280566401039
3FKY,4853,14.804196202272879,0.865714983548318
3FKY,4854,14.8049509191931,0.86573705031270942
3FKY,4855,14.807267316679898,0.86580477470785522
3FKY,4856,14.807503781619399,0.86581168792323548
3FKY,4857,14.809153609836414,0.86585992025151992
3FKY,4858,14.809946454294803,0.86588309791141815
3FKY,4859,14.810878586126082,0.86591034664255684
3FKY,4860,14.811606788056007,0.86593163335527557
3FKY,4861,14.814014949812597,0.86600202472873167
3FKY,4862,14.814992517211657,0.86603059771802526
3FKY,4863,14.816376845172481,0.86607105816258345
3FKY,4864,14.817682529770975,0.8661092183262199
3FKY,4865,14.818670493804991,0.86613809161638744
3FKY,4866,14.819644954890485,0.86616656933948388
3FKY,4867,14.821151420650375,0.86621059256420163
3FKY,4868,14.822649811629553,0.86625437760149071
3FKY,4869,14.823787040051995,0.86628760749685907
3FKY,4870,14.824141213344223,0.86629795620534122
3FKY,4871,14.825227628313295,0.8663296997583313
3FKY,4872,14.82802941398697,0.86641155871969444
3FKY,4873,14.82859710800286,0.86642814392922674
3FKY,4874,14.829807687506474,0.86646351001067279
3FKY,4875,14.83093805054046,0.86649653133097471
3FKY,4876,14.832432463753873,0.86654018572570535
3FKY,4877,14.833106508880915,0.86655987503005028
3FKY,4878,14.83431720824022,0.86659523923638138
3FKY,4879,14.835399330165878,0.86662684650871946
3FKY,4880,14.837708379183859,0.86669428675639881
3FKY,4881,14.838192491902872,0.86670842554032146
3FKY,4882,14.839511356928028,0.86674694256425355
3FKY,4883,14.839661049558329,0.86675131418065376
3FKY,4884,14.841284632395002,0.86679872779959533
3FKY,4885,14.841907075085114,0.86681690435534531
3FKY,4886,14.843452780206697,0.86686204034896119
3FKY,4887,14.843979261341433,0.86687741353977499
3FKY,4888,14.84494217637558,0.86690552984683045
3FKY,4889,14.847393875276932,0.86697711327110294
3FKY,4890,14.848306512031021,0.86700375845296684
3FKY,4891,14.849741395581496,0.86704564940452433
3FKY,4892,14.850113647283814,0.86705651683944052
3FKY,4893,14.852029987354104,0.8671124598976776
3FKY,4894,14.853561891547608,0.86715717765558387
3FKY,4895,14.854213586751296,0.86717620056669242
3FKY,4896,14.854535902054408,0.86718560876060702
3FKY,4897,14.855885420997328,0.86722499931562724
3FKY,4898,14.856999922337344,0.86725752868933237
3FKY,4899,14.857663493229495,0.8672768960053896
3FKY,4900,14.858419321215043,0.86729895545683189
3FKY,4901,14.859731146471418,0.86733724080666319
3FKY,4902,14.861330927791034,0.86738392780787743
3FKY,4903,14.861944843156824,0.86740184325652325
3FKY,4904,14.863955098630951,0.86746050450045953
3FKY,4905,14.864652351721187,0.86748085010902987
3FKY,4906,14.865215657002693,0.8674972868175217
3FKY,4907,14.866223621258326,0.86752669747172784
3FKY,4908,14.866633647239315,0.86753866103562804
3FKY,4909,14.867912352724993,0.86757596950163551
3FKY,4910,14.869098969367691,0.86761058967963234
3FKY,4911,14.86969107523317,0.86762786416970228
3FKY,4912,14.870721056278482,0.86765791270183101
3FKY,4913,14.871834496663563,0.86769039489531807
3FKY,4914,14.872949462915534,0.86772292038420828
3FKY,4915,14.87434810727213,0.86776371952891163
3FKY,4916,14.875588116888592,0.86779988961596732
3FKY,4917,14.877777410520634,0.86786374587697068
3FKY,4918,14.878743577215447,0.86789192506701673
3FKY,4919,14.880963289416913,0.86795666166389385
3FKY,4920,14.881653691941954,0.86797679586182575
3FKY,4921,14.882169749671791,0.86799184534022811
3FKY,4922,14.883303410987853,0.8680249047010461
3FKY,4923,14.884027198503508,0.8680460108336655
3FKY,4924,14.884804434801872,0.86806867499745943
3FKY,4925,14.886113099431086,0.86810683424259416
3FKY,4926,14.887925829107429,0.86815968870857141
3FKY,4927,14.888839384062312,0.86818632436715715
3FKY,4928,14.889451075232122,0.86820415841184861
3FKY,4929,14.892147570431035,0.86828277119442554
3FKY,4930,14.892581989016341,0.8682954354330974
3FKY,4931,14.893794345369091,0.86833077725847663
3FKY,4932,14.895454406197624,0.86837916794091441
3FKY,4933,14.895934205600426,0.8683931535649746
3FKY,4934,14.897107405642265,0.86842735010514249
3FKY,4935,14.898256160502742,0.86846083281023745
3FKY,4936,14.899335135716099,0.86849228047555349
3FKY,4937,14.90018407635498,0.86851702278393539
3FKY,4938,14.90072597054788,0.86853281587916198
3FKY,4939,14.902036766620446,0.86857101684903126
3FKY,4940,14.90361416985224,0.86861698541346155
3FKY,4941,14.905077007673789,0.86865961314745466
3FKY,4942,14.905225159837386,0.86866393024964939
3FKY,4943,14.907349840236733,0.86872584033283173
3FKY,4944,14.907795746672054,0.86873883283485887
3FKY,4945,14.909060689036618,0.86877568876118927
3FKY,4946,14.90921089584015,0.8687800651499249
3FKY,4947,14.911810552383894,0.86885580461572254
3FKY,4948,14.913393304089757,0.86890191392328275
3FKY,4949,14.914389500227726,0.86893093422263923
3FKY,4950,14.915129976826055,0.86895250449999806
3FKY,4951,14.915955245014661,0.86897654414769288
3FKY,4952,14.916795555163972,0.86900102127683143
3FKY,4953,14.918473817722145,0.8690499047938407
3FKY,4954,14.918966216835827,0.86906424660511361
3FKY,4955,14.919579480765343,0.86908210844185796
3FKY,4956,14.921132747293282,0.86912734701637506
3FKY,4957,14.922397741277269,0.86916418797150274
3FKY,4958,14.924737709602201,0.86923233174371251
3FKY,4959,14.925708024657071,0.86926058736621914
3FKY,4960,14.926797624175645,0.86929231546349928
3FKY,4961,14.927523658309655,0.86931345624114564
3FKY,4962,14.928157301038283,0.86933190633098423
3FKY,4963,14.928793699876792,0.86935043627772035
3FKY,4964,14.929432947089266,0.86936904876260357
3FKY,4965,14.930645774270012,0.86940436065298143
3FKY,4966,14.931680270825371,0.86943447925104422
3FKY,4967,14.932671484507873,0.86946333672168785
3FKY,4968,14.93442830290164,0.86951448109528084
3FKY,4969,14.935534321789252,0.86954667789635132
3FKY,4970,14.937520630583935,0.86960449741437729
3FKY,4971,14.938415278288479,0.86963053848364502
3FKY,4972,14.939207944432573,0.86965361046045164
3FKY,4973,14.940865723430912,0.86970186112753023
3FKY,4974,14.941217883475623,0.86971211061531939
3FKY,4975,14.941827595098861,0.86972985576090234
3FKY,4976,14.943468412200527,0.86977760856879482
3FKY,4977,14.944351411735701,0.8698033054772325
3FKY,4978,14.945552267867788,0.8698382513782702
3FKY,4979,14.947849408038058,0.86990509613516276
3FKY,4980,14.948997280503212,0.86993849628894759
3FKY,4981,14.950771396013478,0.8699901159916601
3FKY,4982,14.951343828928568,0.8700067708584277
3FKY,4983,14.952295678805902,0.8700344641102149
3FKY,4984,14.953591607523974,0.87007216662234477
3FKY,4985,14.954396589974959,0.87009558519020325
3FKY,4986,14.95522614178677,0.87011971787102682
3FKY,4987,14.957568023905807,0.87018784248588055
3FKY,4988,14.959093042853956,0.87023220194065531
3FKY,4989,14.960366626926636,0.87026924597400368
3FKY,4990,14.961090619333108,0.87029030363651561
3FKY,4991,14.961631529967841,0.87030603594633427
3FKY,4992,14.963682765749537,0.87036569326695679
3FKY,4993,14.964736695724806,0.87039634375442332
3FKY,4994,14.965939467747669,0.87043132156117042
3FKY,4995,14.967676951934045,0.8704818468478599
3FKY,4996,14.968461710200007,0.87050466631654266
3FKY,4997,14.968610793096818,0.87050900133228171
3FKY,4998,14.970454144391596,0.87056260031075572
3FKY,4999,14.971361526869131,0.87058898298666165
3FKY,5000,14.973056594801985,0.87063826593588833
3FKY,5001,14.973868580073882,0.87066187286813035
3FKY,5002,14.975075914149862,0.87069697263389911
3FKY,5003,14.976021232473087,0.87072445405762555
3FKY,5004,14.976766462486713,0.87074611808689095
3FKY,5005,14.977600641987415,0.87077036726143409
3FKY,5006,14.978461270359213,0.87079538458350547
3FKY,5007,14.979031566899065,0.87081196194945854
3FKY,5008,14.980677026482518,0.87085979035989336
3FKY,5009,14.983383488511965,0.87093845311015994
3FKY,5010,14.984253605132736,0.87096374135772425
3FKY,5011,14.985745859640382,0.87100710912385459
3FKY,5012,14.986473092010629,0.87102824310296512
3FKY,5013,14.987470286614041,0.87105722157607757
3FKY,5014,14.989263421828692,0.87110932765645299
3FKY,5015,14.992037903718076,0.87118994420030338
3FKY,5016,14.992215984538669,0.87119511833875085
3FKY,5017,14.993440776231823,0.87123070383035517
3FKY,5018,14.993922324657383,0.87124469449505404
3FKY,5019,14.996332112162477,0.87131470386894394
3FKY,5020,14.997495859980697,0.87134851116618239
3FKY,5021,14.997977477563239,0.87136250194832177
3FKY,5022,14.998938022211695,0.87139040468349604
3FKY,5023,15.00070278557771,0.8714416667338506
3FKY,5024,15.001893310543934,0.87147624686292324
3FKY,5025,15.003166849267831,0.87151323670050129
3FKY,5026,15.004989848284774,0.87156618283950005
3FKY,5027,15.005848065006012,0.87159110728077616
3FKY,5028,15.007062684367456,0.87162638119558
3FKY,5029,15.007479011148213,0.87163847146588147
3FKY,5030,15.008119775705316,0.87165707915732649
3FKY,5031,15.009298176207579,0.8716912986662817
3FKY,5032,15.011453858791191,0.87175389394100444
3FKY,5033,15.012130947895132,0.8717735538757706
3FKY,5034,15.012596231706835,0.87178706358270686
3FKY,5035,15.013717290576794,0.87181961312845579
3FKY,5036,15.014237234963741,0.87183470911637795
3FKY,5037,15.015677166714067,0.87187651451618975
3FKY,5038,15.016526901719779,0.87190118385030524
3FKY,5039,15.018116768244004,0.87194733865776131
3FKY,5040,15.018624303475278,0.87196207220465505
3FKY,5041,15.020238437102911,0.87200892821021903
3FKY,5042,15.021762477138527,0.87205316661608312
3FKY,5043,15.022186253205767,0.87206546719185141
3FKY,5044,15.023695969437174,0.87210928698916923
3FKY,5045,15.025108195614058,0.87215027512634646
3FKY,5046,15.026006488705484,0.87217634598211569
3FKY,5047,15.027454848898532,0.87221837960770365
3FKY,5048,15.027854817911949,0.87222998696260867
3FKY,5049,15.029061116212556,0.87226499357033738
3FKY,5050,15.030044708931218,0.87229353625350381
3FKY,5051,15.031688664293119,0.87234123978511946
3FKY,5052,15.032530221028066,0.87236565867733806
3FKY,5053,15.033495939080726,0.87239367943375301
3FKY,5054,15.035450719732673,0.87245039554490811
3FKY,5055,15.036339210809723,0.87247617305416558
3FKY,5056,15.037210977206973,0.87250146459539135
3FKY,5057,15.040945333031832,0.8726097968076777
3FKY,5058,15.041577642708845,0.87262813853447063
3FKY,5059,15.042751258196077,0.87266218117102812
3FKY,5060,15.043836798720871,0.87269366786704949
3FKY,5061,15.044846093864436,0.8727229420050141
3FKY,5062,15.046068793026713,0.87275840451236986
3FKY,5063,15.046951161319299,0.87278399535153572
3FKY,5064,15.047504404632488,0.87280004037839032
3FKY,5065,15.048767841365057,0.87283668115467394
3FKY,5066,15.050244360289129,0.87287949955285193
3FKY,5067,15.050826532557428,0.87289638171475992
3FKY,5068,15.051631617167212,0.8729197274773266
3FKY,5069,15.052985259830205,0.87295897886378615
3FKY,5070,15.053558185567049,0.87297559137946801
3FKY,5071,15.055140091786223,0.87302145858316538
3FKY,5072,15.056280663026099,0.87305452783070558
3FKY,5073,15.056383671017745,0.87305751433984768
3FKY,5074,15.057611053586982,0.87309309903803556
3FKY,5075,15.059278702089479,0.8731414457539397
3FKY,5076,15.060286511496766,0.8731706618093189
3FKY,5077,15.061348852199428,0.87320145765029278
3FKY,5078,15.062382282026405,0.87323141436138607
3FKY,5079,15.062819712902652,0.8732440941487648
3FKY,5080,15.06426533058262,0.8732859968880442
3FKY,5081,15.066384132243005,0.87334740893575802
3FKY,5082,15.066583387608025,0.87335318399697626
3FKY,5083,15.068617729146045,0.8734121435714175
3FKY,5084,15.069800908849727,0.87344643282259593
3FKY,5085,15.071952793162211,0.87350879225903444
3FKY,5086,15.072228318439542,0.873516776382115
3FKY,5087,15.073529843644305,0.87355449076431002
3FKY,5088,15.075198528370132,0.87360284197038751
3FKY,5089,15.07736886594814,0.87366572488488092
3FKY,5090,15.077765913031566,0.87367722835565709
3FKY,5091,15.078208942292591,0.87369006386908299
3FKY,5092,15.079907332730375,0.87373926815696867
3FKY,5093,15.081023664718849,0.87377160804548448
3FKY,5094,15.082096076795446,0.87380267445675031
3FKY,5095,15.083676862799198,0.87384846579896758
3FKY,5096,15.085005957278939,0.87388696442231384
3FKY,5097,15.085924234622468,0.87391356230336781
3FKY,5098,15.088172201342823,0.87397867118882278
3FKY,5099,15.088889438948483,0.87399944384808792
3FKY,5100,15.089628477899115,0.87402084740219033
3FKY,5101,15.090521689048709,0.87404671528934363
3FKY,5102,15.091497746866185,0.8740749815863057
3FKY,5103,15.092538276006474,0.87410511394387103
3FKY,5104,15.094206578760854,0.87415342363327064
3FKY,5105,15.094822432138454,0.87417125646352001
3FKY,5106,15.095852215952057,0.87420107437166483
3FKY,5107,15.096082832298011,0.87420775184454114
3FKY,5108,15.099506472621069,0.87430687700397369
3FKY,5109,15.099942515982088,0.87431950102442135
3FKY,5110,15.10047158948715,0.87433481814336256
3FKY,5111,15.101345248140941,0.87436011070218378
3FKY,5112,15.101499027387113,0.87436456256041883
3FKY,5113,15.103936787853939,0.87443513189092859
3FKY,5114,15.104998066248168,0.87446585245154851
3FKY,5115,15.105384179208437,0.8744770288992314
3FKY,5116,15.106729091196341,0.87451595768277146
3FKY,5117,15.108135929798914,0.87455667709192531
3FKY,5118,15.108709210355242,0.87457326952876524
3FKY,5119,15.109125454846353,0.87458531667962314
3FKY,5120,15.111092537756635,0.87464224670657753
3FKY,5121,15.112418467968604,0.87468061882089898
3FKY,5122,15.113571623275996,0.87471398950076662
3FKY,5123,15.113745832340785,0.87471903075344848
3FKY,5124,15.11449199814383,0.87474062293118149
3FKY,5125,15.115453547224682,0.87476844697797007
3FKY,5126,15.116330410615396,0.87479381972977177
3FKY,5127,15.117849123510716,0.87483776317539597
3FKY,5128,15.118851181790353,0.87486675618526999
3FKY,5129,15.119964414867656,0.8748989647397436
3FKY,5130,15.120857738688539,0.87492480992431987
3FKY,5131,15.122606568883088,0.87497540396842377
3FKY,5132,15.122989290195418,0.87498647579042221
3FKY,5133,15.124391615610522,0.87502704274798426
3FKY,5134,15.125225279129161,0.87505115836499181
3FKY,5135,15.126306562326462,0.8750824359554803
3FKY,5136,15.1274971384248,0.87511687369902524
3FKY,5137,15.129055325557298,0.87516194264623859
3FKY,5138,15.130437158917051,0.87520190880172088
3FKY,5139,15.13250530187017,0.87526172137662761
3FKY,5140,15.134369997699572,0.87531564657187566
3FKY,5141,15.135070908122465,0.87533591536261079
3FKY,5142,15.13586354201855,0.87535883602936748
3FKY,5143,15.137160894636652,0.87539635039848118
3FKY,5144,15.13724113575198,0.87539867060525289
3FKY,5145,15.138804656592413,0.87544387926353728
3FKY,5146,15.138982530777586,0.87544902228548716
3FKY,5147,15.14040223242919,0.87549007019881597
3FKY,5148,15.141533316225166,0.87552277191053063
3FKY,5149,15.142418031884361,0.87554834981521479
3FKY,5150,15.143382683597748,0.87557623788973171
3FKY,5151,15.144483704418052,0.87560806730874963
3FKY,5152,15.145669533049128,0.87564234714329126
3FKY,5153,15.146761801826763,0.87567392117013509
3FKY,5154,15.147598798976729,0.87569811533324482
3FKY,5155,15.148950276427563,0.87573717960592801
3FKY,5156,15.151653289368305,0.8758153046015299
3FKY,5157,15.152560666887128,0.87584152890871814
3FKY,5158,15.153354627810568,0.87586447469509232
3FKY,5159,15.153731449630214,0.87587536478515571
3FKY,5160,15.15459926976461,0.87590044413268409
3FKY,5161,15.155236057453253,0.87591884635996442
3FKY,5162,15.155493281651509,0.87592627965120884
3FKY,5163,15.156371896476742,0.87595166947676684
3FKY,5164,15.159772031935404,0.87604991816490108
3FKY,5165,15.160656786674036,0.87607548180814487
3FKY,5166,15.161408373355492,0.87609719717684398
3FKY,5167,15.163320943988959,0.87615245407944897
3FKY,5168,15.164004724834074,0.87617220864092982
3FKY,5169,15.165324759920182,0.87621034345125093
3FKY,5170,15.166003633633247,0.87622995495057299
3FKY,5171,15.167255092634619,0.87626610630825363
3FKY,5172,15.167921872257676,0.8762853672081059
3FKY,5173,15.168858629634741,0.87631242609314786
3FKY,5174,15.171495684876357,0.8763885947722424
3FKY,5175,15.17172538427095,0.87639522909399548
3FKY,5176,15.172954900693448,0.87643073990339126
3FKY,5177,15.173408908920516,0.87644385217428566
3FKY,5178,15.174864303041209,0.87648588427963925
3FKY,5179,15.175523483618642,0.87650492089787713
3FKY,5180,15.176249326763546,0.87652588220052263
3FKY,5181,15.177776137360121,0.87656997265127456
3FKY,5182,15.178344090843064,0.87658637315379828
3FKY,5183,15.178960093186772,0.87660416079184811
3FKY,5184,15.179674724128203,0.87662479596974119
3FKY,5185,15.180969179317636,0.87666217250600886
3FKY,5186,15.182562082783186,0.87670816435168364
3FKY,5187,15.184054292281477,0.87675124667533255
3FKY,5188,15.185083938197574,0.87678097286109724
3FKY,5189,15.186101423304075,0.87681034697063698
3FKY,5190,15.186788336601058,0.87683017713832623
3FKY,5191,15.188294201827738,0.87687364766397746
3FKY,5192,15.190173713825015,0.87692790140489396
3FKY,5193,15.19037715313997,0.87693377365552017
3FKY,5194,15.191234739003331,0.87695852733298829
3FKY,5195,15.193129728453902,0.87701322253599967
3FKY,5196,15.193888434702989,0.87703512016728202
3FKY,5197,15.194670882938627,0.87705770246248227
3FKY,5198,15.195897444320668,0.87709310116927364
3FKY,5199,15.197530320275339,0.87714022394594304
3FKY,5200,15.199360235221478,0.87719303001567872
3FKY,5201,15.200285947201532,0.87721974218383703
3FKY,5202,15.201086146218399,0.87724283191845265
3FKY,5203,15.202554888455181,0.87728521087958822
3FKY,5204,15.203764354678247,0.8773201071761586
3FKY,5205,15.204032463798059,0.87732784264479879
3FKY,5206,15.205486045960695,0.87736978012509659
3FKY,5207,15.205655673883513,0.87737467395084567
3FKY,5208,15.207186166675653,0.87741882797667103
3FKY,5209,15.207937141422098,0.87744049244635025
3FKY,5210,15.209260884776496,0.8774786791095327
3FKY,5211,15.209696548410726,0.87749124654511113
3FKY,5212,15.210354137943334,0.87751021545813435
3FKY,5213,15.211918992544218,0.87755535380826599
3FKY,5214,15.213083766579194,0.87758895029681849
3FKY,5215,15.21478211575395,0.87763793480571684
3FKY,5216,15.215157703461335,0.87764876729687835
3FKY,5217,15.217124493133655,0.87770549016449206
3FKY,5218,15.217184535800412,0.87770722175728733
3FKY,5219,15.217959671944499,0.87772957589008604
3FKY,5220,15.221420995061658,0.87782938995854798
3FKY,5221,15.222536482115691,0.87786155480639816
3FKY,5222,15.224421785368085,0.87791591447259876
3FKY,5223,15.224906169741878,0.87792988036812059
3FKY,5224,15.225879396993424,0.87795794003630501
3FKY,5225,15.226269823119926,0.8779691963818812
3FKY,5226,15.228234367436574,0.87802583381781918
3FKY,5227,15.229011702161703,0.87804824322011843
3FKY,5228,15.229522605049494,0.87806297147791779
3FKY,5229,15.230350091648265,0.87808682565546647
3FKY,5230,15.231881379584641,0.87813096679337788
3FKY,5231,15.232556962072447,0.87815044053107305
3FKY,5232,15.233854816980131,0.87818785012639478
3FKY,5233,15.235267183680314,0.8782285586188916
3FKY,5234,15.235617263191646,0.87823864863092715
3FKY,5235,15.236614440484484,0.87826738869750076
3FKY,5236,15.238880718734785,0.87833270255976947
3FKY,5237,15.239684841950742,0.87835587612525046
3FKY,5238,15.240353748930644,0.8783751525058151
3FKY,5239,15.240953141578114,0.87839242528177119
3FKY,5240,15.242968842314054,0.87845050950076242
3FKY,5241,15.243954390746325,0.87847890756211822
3FKY,5242,15.244484185119502,0.878494172929835
3FKY,5243,15.245545835961849,0.87852476228366416
3FKY,5244,15.247951187754508,0.87859406376327853
3FKY,5245,15.249295651983148,0.87863279723764398
3FKY,5246,15.249550362786872,0.87864013516119643
3FKY,5247,15.250976012378711,0.8786812053450741
3FKY,5248,15.251529331170511,0.87869714486306782
3FKY,5249,15.253596263015904,0.87875668464893064
3FKY,5250,15.254830463705064,0.87879223495947489
3FKY,5251,15.255859435849972,0.87882187270225864
3FKY,5252,15.256219235615312,0.8788322358692956
3FKY,5253,15.258272358566058,0.87889136880072194
3FKY,5254,15.259118426723385,0.87891573563844638
3FKY,5255,15.259774887776311,0.87893464130939547
3FKY,5256,15.260085034631089,0.87894357320490091
3FKY,5257,15.261237821436586,0.87897677142813468
3FKY,5258,15.262191518395682,0.87900423526782923
3FKY,5259,15.262425263668995,0.87901096635550735
3FKY,5260,15.263726424544036,0.87904843452596049
3FKY,5261,15.265475846284069,0.87909880827932596
3FKY,5262,15.265947825119381,0.87911239818732434
3FKY,5263,15.267755620950831,0.87916444895743817
3FKY,5264,15.268115100564527,0.87917479886884797
3FKY,5265,15.269553815348178,0.87921622022230772
3FKY,5266,15.269671093122536,0.87921959662494353
3FKY,5267,15.271553097253623,0.87927377735746481
3FKY,5268,15.27310817433081,0.87931854371751839
3FKY,5269,15.274782175441645,0.87936673102394158
3FKY,5270,15.275091182712956,0.87937562572818861
3FKY,5271,15.275868004642646,0.87939798597394681
3FKY,5272,15.276357066557573,0.87941206296847951
3FKY,5273,15.278393811670039,0.87947068553522345
3FKY,5274,15.279792738206714,0.87951094784073891
3FKY,5275,15.280545388271674,0.87953260899255659
3FKY,5276,15.281256978094811,0.87955308794640119
3FKY,5277,15.282252229140393,0.87958172963075609
3FKY,5278,15.283249957055535,0.87961044165922486
3FKY,5279,15.283882843423338,0.8796286540059427
3FKY,5280,15.284211980209355,0.87963812530954943
3FKY,5281,15.285672272326073,0.8796801457271316
3FKY,5282,15.286446437769239,0.87970242179504532
3FKY,5283,15.287339355853057,0.87972811418645758
3FKY,5284,15.290037064787548,0.87980573219596014
3FKY,5285,15.290614660946256,0.87982234980159735
3FKY,5286,15.291372067702214,0.87984414013359469
3FKY,5287,15.292165016496911,0.87986695241960089
3FKY,5288,15.294560498433007,0.87993586427260195
3FKY,5289,15.294875076816934,0.87994491348257553
3FKY,5290,15.295768491113932,0.87997061306764268
3FKY,5291,15.29692675714708,0.88000393015063916
3FKY,5292,15.297851997115977,0.88003054342107712
3FKY,5293,15.299220639819428,0.88006990909294169
3FKY,5294,15.300393098830755,0.88010363061875108
3FKY,5295,15.30207786615863,0.88015208457077498
3FKY,5296,15.302316544862311,0.88015894876076473
3FKY,5297,15.303492246305645,0.88019276012088588
3FKY,5298,15.30473035018084,0.88022836467470478
3FKY,5299,15.30537571902731,0.88024692318448783
3FKY,5300,15.30718537908561,0.88029896047661493
3FKY,5301,15.30739302432964,0.88030493117821851
3FKY,5302,15.307931743998262,0.88032042151702472
3FKY,5303,15.309851110025479,0.88037560872904697
3FKY,5304,15.310054632553602,0.88038146037557274
3FKY,5305,15.311247833410699,0.88041576630954121
3FKY,5306,15.311708734845485,0.88042901741227997
3FKY,5307,15.314030019836711,0.88049575226359467
3FKY,5308,15.315452472722351,0.88053664400271781
3FKY,5309,15.315810298643681,0.88054693024780706
3FKY,5310,15.316796341444213,0.88057527491158494
3FKY,5311,15.317725709548171,0.88060198957637847
3FKY,5312,15.319091669187511,0.88064125258394399
3FKY,5313,15.320752434847325,0.88068898710847177
3FKY,5314,15.321222363841208,0.88070249356378072
3FKY,5315,15.321978474550317,0.88072422487070823
3FKY,5316,15.322791184378914,0.88074758228971739
3FKY,5317,15.324485745394737,0.88079628226997453
3FKY,5318,15.324681233911511,0.8808019002402131
3FKY,5319,15.324924439238307,0.88080888945130387
3FKY,5320,15.326969909739354,0.88086766978959719
3FKY,5321,15.328496611868676,0.88091153981308012
3FKY,5322,15.330867626177694,0.88097966694768037
3FKY,5323,15.331599893352033,0.88100070635666727
3FKY,5324,15.332294406430721,0.88102066055544648
3FKY,5325,15.332555577762166,0.8810281642060086
3FKY,5326,15.333660176607948,0.881059899462447
3FKY,5327,15.334832789420643,0.88109358751747824
3FKY,5328,15.335688749109234,0.8811181776150433
3FKY,5329,15.33678154774228,0.88114957064873667
3FKY,5330,15.337347846069594,0.88116583836827977
3FKY,5331,15.338967596950726,0.88121236634288702
3FKY,5332,15.339407979915878,0.88122501609023862
3FKY,5333,15.340530846145757,0.88125726895505885
3FKY,5334,15.34160208713001,0.88128803785195953
3FKY,5335,15.342494490097282,0.88131366922405951
3FKY,5336,15.343550490764079,0.88134399844494971
3FKY,5337,15.345274520904889,0.88139351178733438
3FKY,5338,15.345863729438573,0.88141043294416921
3FKY,5339,15.345937332347411,0.88141254668292968
3FKY,5340,15.346632362943769,0.88143250642010496
3FKY,5341,15.347173151217014,0.88144803634721502
3FKY,5342,15.348774924748128,0.8814940331989628
3FKY,5343,15.349234453239816,0.88150722866875331
3FKY,5344,15.351741054249466,0.88157920283510505
3FKY,5345,15.352328287137365,0.88159606370283272
3FKY,5346,15.353257872100103,0.88162275366228371
3FKY,5347,15.354772662954222,0.88166624414347261
3FKY,5348,15.355468861656842,0.88168623167279725
3FKY,5349,15.356199992604539,0.88170722160227588
3FKY,5350,15.356383124312687,0.88171247902495387
3FKY,5351,15.357933908129453,0.88175699832723387
3FKY,5352,15.358172184663626,0.88176383847864626
3FKY,5353,15.359260656083192,0.88179508431052822
3FKY,5354,15.362292309024745,0.88188210558122659
3FKY,5355,15.36251754485119,0.88188857046006186
3FKY,5356,15.363438550387874,0.88191500532272726
3FKY,5357,15.364336477701196,0.88194077702735973
3FKY,5358,15.364830025452088,0.88195494218157877
3FKY,5359,15.366106446731663,0.8819915752805072
3FKY,5360,15.366269899756189,0.88199626624785499
3FKY,5361,15.367706010207465,0.88203748036393159
3FKY,5362,15.368629041687234,0.88206396890215177
3FKY,5363,15.370041890675621,0.8821045123540936
3FKY,5364,15.371079158419313,0.88213427685073986
3FKY,5365,15.37174401787599,0.88215335452798227
3FKY,5366,15.37243284048953,0.88217311937611342
3FKY,5367,15.373484589048068,0.88220329704697797
3FKY,5368,15.374391758948295,0.88222932551392641
3FKY,5369,15.374627989570378,0.88223610330341862
3FKY,5370,15.376381261534329,0.8822864055198717
3FKY,5371,15.377275760679058,0.88231206802603424
3FKY,5372,15.377536731956514,0.88231955495460856
3FKY,5373,15.378202241626227,0.88233864727910893
3FKY,5374,15.378862279023515,0.88235758220551685
3FKY,5375,15.380791905167733,0.88241293632806428
3FKY,5376,15.381453677624277,0.88243191943046184
3FKY,5377,15.382463344903835,0.88246088119290411
3FKY,5378,15.38404261480524,0.88250617979395218
3FKY,5379,15.385063514700459,0.88253546128850302
3FKY,5380,15.385802815758272,0.88255666534662947
3FKY,5381,15.386456053208192,0.88257540057134198
3FKY,5382,15.38706636680428,0.88259290435594751
3FKY,5383,15.387957662617133,0.88261846608259464
3FKY,5384,15.388039355195179,0.88262080893028805
3FKY,5385,15.389623807335209,0.88266624793652604
3FKY,5386,15.390530107739773,0.88269223781810047
3FKY,5387,15.392864102267449,0.8827591660114833
3FKY,5388,15.393523857682805,0.8827780838326198
3FKY,5389,15.394727964820641,0.88281260934529304
3FKY,5390,15.395689932886139,0.88284019100421618
3FKY,5391,15.396617339883083,0.88286678090841153
3FKY,5392,15.397429426537844,0.88289006377831569
3FKY,5393,15.39882306579603,0.88293001857787357
3FKY,5394,15.399821777154331,0.88295864991993711
3FKY,5395,15.400834370627001,0.88298767829058178
3FKY,5396,15.401095786956835,0.88299517224880109
3FKY,5397,15.40186174892526,0.88301712952770128
3FKY,5398,15.403079322948708,0.88305203171969338
3FKY,5399,15.403415795607071,0.88306167658471513
3FKY,5400,15.404900150336646,0.88310422380984721
3FKY,5401,15.405846368051819,0.88313134492136747
3FKY,5402,15.406301884705838,0.88314440094088409
3FKY,5403,15.407927076001549,0.88319098060531531
3FKY,5404,15.409894812694676,0.88324737468767378
3FKY,5405,15.410551935105048,0.88326620659611621
3FKY,5406,15.411144579295396,0.88328319033412472
3FKY,5407,15.412470717997023,0.88332119305414558
3FKY,5408,15.413524206819261,0.88335138137109692
3FKY,5409,15.41500496991017,0.88339381172934561
3FKY,5410,15.415226823331015,0.88340016862752102
3FKY,5411,15.416910532933922,0.883448411470517
3FKY,5412,15.417701716911781,0.88347108012580633
3FKY,5413,15.420591856864228,0.8835538822017317
3FKY,5414,15.420961319090969,0.88356446667969868
3FKY,5415,15.422126263600539,0.88359783957113514
3FKY,5416,15.42255743351325,0.88361019124476403
3FKY,5417,15.424737399352436,0.88367263782591865
3FKY,5418,15.425490321347024,0.88369420475535143
3FKY,5419,15.426111535551929,0.88371199861002014
3FKY,5420,15.427172984259853,0.88374240156742234
3FKY,5421,15.428238886641477,0.88377293103841148
3FKY,5422,15.428599180620628,0.88378325030457516
3FKY,5423,15.43101671140678,0.88385248826654794
3FKY,5424,15.431712822997357,0.88387242386231357
3FKY,5425,15.432514775949544,0.8838953900391413
3FKY,5426,15.434214778286593,0.88394407241112194
3FKY,5427,15.43459909747425,0.88395507765362935
3FKY,5428,15.435837649563153,0.88399054350662298
3FKY,5429,15.437157024121742,0.8840283221402826
3FKY,5430,15.437390550465809,0.88403500870572516
3FKY,5431,15.438300883813096,0.88406107381958521
3FKY,5432,15.439992728545434,0.88410951351210598
3FKY,5433,15.440490932537935,0.88412377722790203
3FKY,5434,15.441263569729156,0.88414589758565221
3FKY,5435,15.443507222996573,0.88421012953041966
3FKY,5436,15.444184799255371,0.88422952645922381
3FKY,5437,15.445109642817512,0.88425600120532777
3FKY,5438,15.447017308769166,0.88431060790676885
3FKY,5439,15.447364183542323,0.88432053679185252
3FKY,5440,15.449476109743619,0.88438098580632696
3FKY,5441,15.450172901124214,0.88440092894535871
3FKY,5442,15.451716164242155,0.88444509768258606
3FKY,5443,15.452717299548205,0.8844737493502155
3FKY,5444,15.454804246839988,0.88453347307847785
3FKY,5445,15.455251190990207,0.88454626308852791
3FKY,5446,15.456217771987699,0.88457392269209323
3FKY,5447,15.456436549540639,0.88458018309280184
3FKY,5448,15.457818067854042,0.88461971472780943
3FKY,5449,15.458908850986798,0.8846509258352736
3FKY,5450,15.460433951434462,0.88469456242896038
3FKY,5451,15.462529684700176,0.8847545226151412
3FKY,5452,15.463264909257637,0.88477555686804998
3FKY,5453,15.464198272288437,0.88480225900175136
3FKY,5454,15.464391505456513,0.88480778701576535
3FKY,5455,15.465985543019647,0.88485338792105539
3FKY,5456,15.466931246733019,0.88488044071832617
3FKY,5457,15.467761778406199,0.88490419822250466
3FKY,5458,15.469039946115453,0.88494075918792148
3FKY,5459,15.46968192088149,0.88495912179299296
3FKY,5460,15.470922656449483,0.88499460986084832
3FKY,5461,15.473226498375434,0.885060501593115
3FKY,5462,15.474245539959927,0.88508964543738244
3FKY,5463,15.474445981724804,0.88509537781236791
3FKY,5464,15.474902639402462,0.88510843749212431
3FKY,5465,15.475947201341501,0.8851383095697043
3FKY,5466,15.476485963995321,0.88515371655281616
3FKY,5467,15.478615788033315,0.88521462045607135
3FKY,5468,15.478953682628767,0.88522428241834927
3FKY,5469,15.479885461995368,0.88525092573434538
3FKY,5470,15.48108308969236,0.88528516954463643
3FKY,5471,15.481859736211311,0.88530737551750782
3FKY,5472,15.484146340956858,0.88537275116808345
3FKY,5473,15.484817629632925,0.88539194287059497
3FKY,5474,15.485708169336503,0.88541740217405962
3FKY,5475,15.486541236314604,0.88544121774877116
3FKY,5476,15.487033464763119,0.88545528918948413
3FKY,5477,15.488946012527119,0.88550996148218764
3FKY,5478,15.49030357689845,0.88554876691263251
3FKY,5479,15.490804284838536,0.8855630790180623
3FKY,5480,15.492186707967329,0.88560259264008823
3FKY,5481,15.492834729995039,0.88562111436324675
3FKY,5482,15.493177821463881,0.88563092042430913
3FKY,5483,15.495380675800288,0.88569387866936833
3FKY,5484,15.4955644389855,0.88569913047470084
3FKY,5485,15.497756694175759,0.88576178097875047
3FKY,5486,15.498600204896679,0.8857858857381361
3FKY,5487,15.499072335168096,0.88579937738061487
3FKY,5488,15.500414177875996,0.88583772089190937
3FKY,5489,15.501090066301074,0.88585703395440274
3FKY,5490,15.502253531153695,0.8858902782030379
3FKY,5491,15.502727306663802,0.88590381526430673
3FKY,5492,15.505192328010795,0.88597424432403593
3FKY,5493,15.50547987983029,0.88598245971148237
3FKY,5494,15.507283938171176,0.88603400012071543
3FKY,5495,15.508341316063436,0.88606420711239176
3FKY,5496,15.509253204290092,0.88609025695308596
3FKY,5497,15.510761531751827,0.88613334354652085
3FKY,5498,15.511235588361139,0.88614688492415439
3FKY,5499,15.512645072140844,0.88618714545920274
3FKY,5500,15.513892864735061,0.8862227859162799
3FKY,5501,15.515096282046017,0.88625715753306034
3FKY,5502,15.515826221984582,0.88627800519248445
3FKY,5503,15.516723423139343,0.88630362929214568
3FKY,5504,15.517795715413646,0.88633425302919211
3FKY,5505,15.518101025503999,0.88634297222697045
3FKY,5506,15.520028279445595,0.8863980097264057
3FKY,5507,15.520968349304583,0.88642485450462438
3FKY,5508,15.52239854454981,0.88646569381890594
3FKY,5509,15.523084517427463,0.8864852811495324
3FKY,5510,15.524583112629555,0.88652807066492334
3FKY,5511,15.525354240169271,0.88655008792993162
3FKY,5512,15.52576105144162,0.88656170300167603
3FKY,5513,15.526131653077529,0.88657228410155586
3FKY,5514,15.5278763570315,0.88662209569507111
3FKY,5515,15.528487820114456,0.88663955240745629
3FKY,5516,15.528602451058239,0.88664282497791824
3FKY,5517,15.528887400440826,0.88665095987503273
3FKY,5518,15.530687517400869,0.88670234891333122
3FKY,5519,15.531443842152351,0.88672393928942894
3FKY,5520,15.531588532712576,0.88672806962933914
3FKY,5521,15.533046309107558,0.88676968227300712
3FKY,5522,15.533377738507264,0.88677914274746583
3FKY,5523,15.535247232377682,0.88683250455715712
3FKY,5524,15.536005483463342,0.88685414674586238
3FKY,5525,15.537491635677615,0.88689656333542033
3FKY,5526,15.538641567880161,0.88692938240534858
3FKY,5527,15.539595032810441,0.88695659337761767
3FKY,5528,15.541367694262238,0.88700718121220745
3FKY,5529,15.541785364178766,0.88701910016726815
3FKY,5530,15.542243388567885,0.88703217052497552
3FKY,5531,15.543967782673814,0.88708137676194165
3FKY,5532,15.544331541604118,0.88709175641176397
3FKY,5533,15.544836283260546,0.88710615872062637
3FKY,5534,15.545070273153826,0.88711283531375673
3FKY,5535,15.546100060043756,0.88714221832788187
3FKY,5536,15.547069292384135,0.88716987264387359
3FKY,5537,15.548286068929126,0.88720458871645669
3FKY,5538,15.549213461422415,0.8872310474078946
3FKY,5539,15.549687242887599,0.88724456418238185
3FKY,5540,15.551837666864165,0.88730591223376754
3FKY,5541,15.552593316962959,0.8873274686784185
3FKY,5542,15.554178902015019,0.88737269899096538
3FKY,5543,15.554458993704705,0.88738068863160446
3FKY,5544,15.556123230711895,0.88742815965845356
3FKY,5545,15.556398182178048,0.88743600218424967
3FKY,5546,15.558026380284053,0.88748244236259699
3FKY,5547,15.55827056172823,0.88748940680297228
3FKY,5548,15.560463024794622,0.88755193686354361
3FKY,5549,15.561643699635868,0.88758560843113365
3FKY,5550,15.561920262276207,0.88759349551342082
3FKY,5551,15.56277945335904,0.88761799769174432
3FKY,5552,15.564541568141662,0.88766824708737424
3FKY,5553,15.564828712937247,0.88767643519046302
3FKY,5554,15.56541131705862,0.88769304825828876
3FKY,5555,15.567250369396261,0.8877454871474626
3FKY,5556,15.568207684554132,0.88777278288453565
3FKY,5557,15.568583456148135,0.88778349695604242
3FKY,5558,15.569482225747038,0.88780912232215992
3FKY,5559,15.570969388287303,0.8878515220925427
3FKY,5560,15.571643036116026,0.88787072747296591
3FKY,5561,15.57257180150541,0.88789720545298001
3FKY,5562,15.572986056280376,0.88790901510188203
3FKY,5563,15.573370560544213,0.88791997647735732
3FKY,5564,15.574993423639214,0.88796623926348417
3FKY,5565,15.576212832800854,0.88800099924523923
3FKY,5566,15.577102554296488,0.88802636042589389
3FKY,5567,15.577527834944599,0.88803848263691276
3FKY,5568,15.578109534601236,0.88805506315159732
3FKY,5569,15.579129474313069,0.88808413432348798
3FKY,5570,15.57990183365165,0.8881061481200403
3FKY,5571,15.581837770771156,0.88816132382877933
3FKY,5572,15.582451395146823,0.88817881188379399
3FKY,5573,15.58341751550404,0.88820634523875819
3FKY,5574,15.584505248596601,0.88823734339995131
3FKY,5575,15.585236433660237,0.88825818006593638
3FKY,5576,15.586161262269439,0.88828453431453502
3FKY,5577,15.587522081958598,0.88832331130008857
3FKY,5578,15.589024837545329,0.88836613082711136
3FKY,5579,15.590355548886576,0.88840404640140114
3FKY,5580,15.591048473359916,0.88842378905781538
3FKY,5581,15.592433131523075,0.88846323912886549
3FKY,5582,15.593177669488336,0.88848445091506645
3FKY,5583,15.593975531351905,0.88850718132983608
3FKY,5584,15.594957218010386,0.88853514796083088
3FKY,5585,15.596135997941099,0.88856872829048406
3FKY,5586,15.597435712802865,0.88860575226623706
3FKY,5587,15.597872025935978,0.88861818083640909
3FKY,5588,15.598504610321674,0.88863619997023235
3FKY,5589,15.598920085333905,0.88864803455588026
3FKY,5590,15.599879832910881,0.88867537185471357
3FKY,5591,15.600656624624003,0.88869749725178715
3FKY,5592,15.601379436445093,0.88871808464216195
3FKY,5593,15.603137045386609,0.8887681435125232
3FKY,5594,15.604630425141545,0.88881067459430907
3FKY,5595,15.605315019489373,0.88883017098973949
3FKY,5596,15.605633459193799,0.88883923961067679
3FKY,5597,15.606817918371215,0.8888729701805218
3FKY,5598,15.608217813115957,0.88891283419072953
3FKY,5599,15.609294192332841,0.88894348441666982
3FKY,5600,15.609336455283945,0.88894468784550917
3FKY,5601,15.610844498312744,0.8889876279943848
3FKY,5602,15.611355476491276,0.88900217716120966
3FKY,5603,15.61240849400116,0.88903215915331701
3FKY,5604,15.613649842303181,0.88906750208665175
3FKY,5605,15.61404608034259,0.88907878324552525
3FKY,5606,15.615315634424228,0.88911492732532982
3FKY,5607,15.616316452005005,0.88914341946772202
3FKY,5608,15.616641911245184,0.88915268472675013
3FKY,5609,15.617641051770434,0.8891811279181977
3FKY,5610,15.619293084686012,0.8892281554315683
3FKY,5611,15.619597547581389,0.88923682213812305
3FKY,5612,15.620196272582149,0.88925386493367087
3FKY,5613,15.620730748482067,0.88926907859314708
3FKY,5614,15.622249756520501,0.88931231517608622
3FKY,5615,15.623294775375937,0.88934205905456143
3FKY,5616,15.624330375314345,0.88937153386550938
3FKY,5617,15.624978029658413,0.88938996663525338
3FKY,5618,15.627339985019244,0.8894571865703258
3FKY,5619,15.628429658085766,0.8894881963469734
3FKY,5620,15.630192245099664,0.88953835353410726
3FKY,5621,15.630717438557149,0.88955329819351225
3FKY,5622,15.631669695330528,0.88958039452660376
3FKY,5623,15.631891125480161,0.88958669517222055
3FKY,5624,15.63280581998799,0.88961272171484373
3FKY,5625,15.634390626005672,0.88965781367980867
3FKY,5626,15.635682226406491,0.88969456147142345
3FKY,5627,15.635942063679915,0.8897019540125759
3FKY,5628,15.637897375864123,0.88975758195877219
3FKY,5629,15.640273470906804,0.88982517634907199
3FKY,5630,15.641275540992197,0.88985368137842191
3FKY,5631,15.64192567464808,0.8898721746852517
3FKY,5632,15.642770804141401,0.88989621415064935
3FKY,5633,15.643352460009146,0.88991275880726817
3FKY,5634,15.644960095736495,0.88995848490064977
3FKY,5635,15.646677177278134,0.89000732137421523
3FKY,5636,15.6469275486704,0.89001444210273295
3FKY,5637,15.647925792012225,0.89004283223933611
3FKY,5638,15.648521959122631,0.89005978685736786
3FKY,5639,15.649124914156394,0.8900769341911785
3FKY,5640,15.651730709690893,0.89015103616077507
3FKY,5641,15.652274339487805,0.89016649478430165
3FKY,5642,15.652892136911733,0.89018406210803203
3FKY,5643,15.653660817242521,0.89020591936523463
3FKY,5644,15.65508739703807,0.89024648242778937
3FKY,5645,15.655705931154944,0.89026406911922429
3FKY,5646,15.657058585656205,0.89030252773922047
3FKY,5647,15.658977314600387,0.89035707811621545
3FKY,5648,15.659230478912493,0.89036427544850705
3FKY,5649,15.660148050058078,0.89039036104070124
3FKY,5650,15.660983993435137,0.89041412537518405
3FKY,5651,15.661699297842068,0.89043445966182977
3FKY,5652,15.662281052834564,0.89045099713558062
3FKY,5653,15.663547090967983,0.8904869855760128
3FKY,5654,15.664285761165933,0.89050798236682049
3FKY,5655,15.666550646284701,0.89057235891765874
3FKY,5656,15.667299104431173,0.89059363188933038
3FKY,5657,15.669278883100878,0.89064989948743722
3FKY,5658,15.669954013568436,0.89066908666288735
3FKY,5659,15.670786177361999,0.89069273614920164
3FKY,5660,15.672377066081438,0.89073794629530234
3FKY,5661,15.672494445780714,0.89074128192065327
3FKY,5662,15.673860409089082,0.89078009812194092
3FKY,5663,15.675855787431431,0.89083679719616227
3FKY,5664,15.676413490403254,0.89085264379226303
3FKY,5665,15.678023990125082,0.89089840301803336
3FKY,5666,15.678425315256304,0.89090980552738919
3FKY,5667,15.678943440142129,0.8909245263529314
3FKY,5668,15.679485335836961,0.89093992228811147
3FKY,5669,15.681737699480895,0.89100391190848338
3FKY,5670,15.682015699991284,0.89101180958057946
3FKY,5671,15.683009037443497,0.89104002857367592
3FKY,5672,15.683397294766966,0.89105105804750473
3FKY,5673,15.684640716932334,0.89108637981662553
3FKY,5674,15.685290739067325,0.89110484437314297
3FKY,5675,15.687264261233656,0.89116090198400977
3FKY,5676,15.688329970799087,0.8911911718434512
3FKY,5677,15.689143657453966,0.89121428268324288
3FKY,5678,15.68960857482487,0.89122748728958601
3FKY,5679,15.689746595460495,0.89123140732089756
3FKY,5680,15.691522732809496,0.89128185123925907
3FKY,5681,15.692172853397924,0.8913003145423376
3FKY,5682,15.6935005029067,0.89133801835198956
3FKY,5683,15.69434484543935,0.89136199593676146
3FKY,5684,15.695632588492119,0.89139856393894501
3FKY,5685,15.69573030926553,0.89140133885167994
3FKY,5686,15.697101613519825,0.89144027796843528
3FKY,5687,15.697553507178187,0.89145310942353873
3FKY,5688,15.69938068484398,0.8915049899861619
3FKY,5689,15.700669854180004,0.8915415926180128
3FKY,5690,15.701243449436014,0.89155787788998764
3FKY,5691,15.702349664880986,0.89158928424729289
3FKY,5692,15.702639776529251,0.89159752057012442
3FKY,5693,15.703557220147665,0.89162356646175267
3FKY,5694,15.705130657607732,0.89166823400937156
3FKY,5695,15.705971623062617,0.89169210684941291
3FKY,5696,15.706396051994895,0.89170415504933109
3FKY,5697,15.707063354034862,0.89172309732226573
3FKY,5698,15.707891198713709,0.89174659625640373
3FKY,5699,15.710095730191613,0.89180917036154683
3FKY,5700,15.710616474476954,0.89182395068780018
3FKY,5701,15.711601179254453,0.89185189897188466
3FKY,5702,15.712385682209264,0.8918741644211049
3FKY,5703,15.713846984110159,0.89191563702548504
3FKY,5704,15.714445590072225,0.89193262525675465
3FKY,5705,15.714751926588452,0.89194131885653805
3FKY,5706,15.716905119190976,0.89200242245133121
3FKY,5707,15.717987233654219,0.89203312926356326
3FKY,5708,15.718510063261949,0.89204796505156392
3FKY,5709,15.72076541012537,0.89211195983889657
3FKY,5710,15.721840772522185,0.89214247130653734
3FKY,5711,15.722518122393804,0.89216168935131168
3FKY,5712,15.723171522268437,0.89218022748480574
3FKY,5713,15.723735746732523,0.89219623524106739
3FKY,5714,15.72477073089491,0.89222559829426262
3FKY,5715,15.725460940313226,0.89224517936683589
3FKY,5716,15.726345122116317,0.89227026276075039
3FKY,5717,15.726701011628199,0.89228035880752055
3FKY,5718,15.72756565518841,0.89230488696068078
3FKY,5719,15.729335714279793,0.89235509778081878
3FKY,5720,15.730669144536119,0.89239292099508549
3FKY,5721,15.731040253455584,0.8924034473438508
3FKY,5722,15.731842925601196,0.89242621437772696
3FKY,5723,15.733143263008676,0.89246309598202112
3FKY,5724,15.733672747625139,0.8924781133722679
3FKY,5725,15.735355481422436,0.8925258378596167
3FKY,5726,15.736495197604402,0.89255816022191115
3FKY,5727,15.737680835961488,0.89259178369540826
3FKY,5728,15.738450672116395,0.89261361477175138
3FKY,5729,15.73967793858624,0.89264841659016481
3FKY,5730,15.739908791562838,0.89265496277837875
3FKY,5731,15.740771036844691,0.89267941263382034
3FKY,5732,15.742818727629201,0.89273747433734874
3FKY,5733,15.74388818604122,0.89276779703254128
3FKY,5734,15.744392056754407,0.89278208308253582
3FKY,5735,15.74538884638098,0.89281034399699755
3FKY,5736,15.745968993802283,0.89282679188700453
3FKY,5737,15.747870608792645,0.89288070287700128
3FKY,5738,15.748263611109556,0.89289184412918754
3FKY,5739,15.748754269602172,0.89290575364850799
3FKY,5740,15.750514926740554,0.8929556641660551
3FKY,5741,15.75055907817956,0.89295691572037239
3FKY,5742,15.751266907087455,0.89297698020234673
3FKY,5743,15.751797683250256,0.89299202556044377
3FKY,5744,15.752596985424065,0.89301468206692625
3FKY,5745,15.754760526491969,0.89307600553013178
3FKY,5746,15.75650184526279,0.89312535845559149
3FKY,5747,15.756641658009949,0.89312932094784214
3FKY,5748,15.757332503628819,0.89314890023792171
3FKY,5749,15.758953511568832,0.89319483961964985
3FKY,5750,15.760104368339977,0.8932274534782344
3FKY,5751,15.760602500582754,0.89324156956111378
3FKY,5752,15.761442956996985,0.89326538592848903
3FKY,5753,15.762625400262552,0.89329889224620207
3FKY,5754,15.763251192303255,0.89331662450127514
3FKY,5755,15.764048746773858,0.89333922325476478
3FKY,5756,15.765823221535316,0.89338950105215886
3FKY,5757,15.767007114771317,0.89342304379576976
3FKY,5758,15.769593067864266,0.89349630612590025
3FKY,5759,15.770474340082265,0.89352127197211406
3FKY,5760,15.772229526485681,0.89357099313839505
3FKY,5761,15.773326643420653,0.89360207101548872
3FKY,5762,15.774183638892046,0.89362634625379622
3FKY,5763,15.774615017408131,0.89363856522437901
3FKY,5764,15.776144869554319,0.89368189755705996
3FKY,5765,15.77661218751097,0.89369513369646525
3FKY,5766,15.778638097703222,0.8937525125537974
3FKY,5767,15.779283872345482,0.89377080173693857
3FKY,5768,15.780103326499598,0.89379400921243712
3FKY,5769,15.780860706735506,0.89381545817830033
3FKY,5770,15.781808602789615,0.89384230181627922
3FKY,5771,15.782758015219697,0.89386918758870815
3FKY,5772,15.78311526680845,0.89387930414691774
3FKY,5773,15.784769491499976,0.89392614656199998
3FKY,5774,15.785493410290162,0.89394664488208664
3FKY,5775,15.786544221542174,0.89397639857860489
3FKY,5776,15.78751468228362,0.89400387627269728
3FKY,5777,15.787823480214502,0.89401261942204102
3FKY,5778,15.789064743901362,0.89404776307533285
3FKY,5779,15.789773233195222,0.89406782177333055
3FKY,5780,15.791706527185775,0.89412255476460267
3FKY,5781,15.792230821372724,0.89413739734561726
3FKY,5782,15.792948291900942,0.89415770828052765
3FKY,5783,15.793343502710597,0.89416889614027839
3FKY,5784,15.793711460212087,0.89417931237153814
3FKY,5785,15.795169375173618,0.89422058219332234
3FKY,5786,15.796122675786721,0.8942475666512617
3FKY,5787,15.798301831329141,0.89430924752628926
3FKY,5788,15.799387977983237,0.89433998925766556
3FKY,5789,15.799979179267691,0.89435672186797299
3FKY,5790,15.801001112756877,0.8943856446373214
3FKY,5791,15.801816755581806,0.89440872829558693
3FKY,5792,15.803990572075184,0.89447024696817412
3FKY,5793,15.805318324678883,0.89450782008145047
3FKY,5794,15.805798626204851,0.89452141139920205
3FKY,5795,15.807748581415659,0.89457658807626295
3FKY,5796,15.808019602239556,0.89458425671558595
3FKY,5797,15.808783679527266,0.89460587622487031
3FKY,5798,15.809957101122682,0.89463907708323132
3FKY,5799,15.811294656056523,0.8946769204371271
3FKY,5800,15.811780033386249,0.89469065279021376
3FKY,5801,15.813063931434286,0.89472697597024575
3FKY,5802,15.813866968478564,0.89474969420460115
3FKY,5803,15.814782122207488,0.89477558356090281
3FKY,5804,15.816005360634428,0.89481018734819839
3FKY,5805,15.816752599273499,0.89483132507653129
3FKY,5806,15.817340525493155,0.8948479558579161
3FKY,5807,15.818371313981212,0.89487711322298258
3FKY,5808,15.819596463435831,0.89491176713765419
3FKY,5809,15.820686458678631,0.89494259702542134
3FKY,5810,15.822148689698031,0.89498395371982109
3FKY,5811,15.823400283771015,0.89501935139186106
3FKY,5812,15.823668274363216,0.89502693053876192
3FKY,5813,15.82599188042486,0.89509264266136646
3FKY,5814,15.826170871086664,0.89509770435900593
3FKY,5815,15.827479356739603,0.8951347063067896
3FKY,5816,15.828343579190564,0.89515914434055943
3FKY,5817,15.829142094810072,0.89518172375767358
3FKY,5818,15.830035058856488,0.89520697319369102
3FKY,5819,15.830613160249285,0.89522331919896958
3FKY,5820,15.832677361232959,0.8952816827191421
3FKY,5821,15.83382102282056,0.89531401713604974
3FKY,5822,15.834434412836245,0.89533135885538762
3FKY,5823,15.835639449744946,0.89536542659594465
3FKY,5824,15.835918870502619,0.89537332594800645
3FKY,5825,15.837015414247247,0.89540432506564704
3FKY,5826,15.838197303232697,0.89543773567800644
3FKY,5827,15.838409389128346,0.89544373096505758
3FKY,5828,15.839118254201606,0.89546376901522728
3FKY,5829,15.840079294912837,0.89549093479775799
3FKY,5830,15.841465028681716,0.89553010394794208
3FKY,5831,15.842731841384261,0.89556591017639686
3FKY,5832,15.843573647676306,0.89558970288498352
3FKY,5833,15.845024701220627,0.89563071379854675
3FKY,5834,15.845376845375283,0.89564066611399673
3FKY,5835,15.845952826270247,0.89565694427606113
3FKY,5836,15.84794184539034,0.89571315493459502
3FKY,5837,15.848960395837551,0.89574193830548987
3FKY,5838,15.84914517708342,0.89574715996750343
3FKY,5839,15.850709358383277,0.89579136034466944
3FKY,5840,15.851077597537243,0.89580176566879066
3FKY,5841,15.852550055187566,0.89584337165816585
3FKY,5842,15.852843154444811,0.89585165328516791
3FKY,5843,15.853908371850206,0.89588175074890142
3FKY,5844,15.85400055423565,0.8958843552926794
3FKY,5845,15.854905660745544,0.89590992799234181
3FKY,5846,15.855964143690201,0.89593983323341331
3FKY,5847,15.857066711017517,0.89597098292593269
3FKY,5848,15.858836523023358,0.89602098132692043
3FKY,5849,15.859349607202631,0.89603547578465514
3FKY,5850,15.860227910011716,0.89606028700324791
3FKY,5851,15.861913501323317,0.89610790142956154
3FKY,5852,15.862166179897432,0.89611503885232702
3FKY,5853,15.863473961144644,0.89615197889808162
3FKY,5854,15.865044109726165,0.89619632785170855
3FKY,5855,15.8652586666307,0.89620238785565576
3FKY,5856,15.867210648632714,0.89625751828759082
3FKY,5857,15.867520916666942,0.89626628097137739
3FKY,5858,15.867852934859785,0.89627565783484076
3FKY,5859,15.869583820802083,0.8963245399564298
3FKY,5860,15.870391865528941,0.89634735911498209
3FKY,5861,15.871075998621489,0.89636667855862029
3FKY,5862,15.871848625218215,0.89638849649673225
3FKY,5863,15.872821565817452,0.89641597027803366
3FKY,5864,15.873347155107437,0.89643081145580561
3FKY,5865,15.87440838198178,0.89646077679830904
3FKY,5866,15.874987709694514,0.89647713456801836
3FKY,5867,15.87573079098903,0.89649811561085813
3FKY,5868,15.876949396675546,0.89653252211322454
3FKY,5869,15.877114191763042,0.89653717488903051
3FKY,5870,15.8783127274835,0.89657101326601696
3FKY,5871,15.87928479614612,0.89659845683834272
3FKY,5872,15.880947773404047,0.89664540428676709
3FKY,5873,15.881996671900726,0.89667501443665443
3FKY,5874,15.883243018796627,0.89671019723575085
3FKY,5875,15.884415633008571,0.89674329739399716
3FKY,5876,15.884910057071853,0.89675725346342339
3FKY,5877,15.886710557447822,0.89680807421142006
3FKY,5878,15.887284163525056,0.89682426415572414
3FKY,5879,15.887933551769201,0.89684259268743249
3FKY,5880,15.888605889111243,0.89686156854681687
3FKY,5881,15.888947214937611,0.89687120187695657
3FKY,5882,15.891000530938745,0.89692915098059667
3FKY,5883,15.891953041568071,0.89695603165895677
3FKY,5884,15.893405525883356,0.89699702047880003
3FKY,5885,15.893641632529695,0.89700368318464319
3FKY,5886,15.895231424723621,0.89704854432557513
3FKY,5887,15.895813006372622,0.89706495497684791
3FKY,5888,15.8969970904937,0.89709836568028789
3FKY,5889,15.897473680291936,0.8971118130226462
3FKY,5890,15.898037295080048,0.89712771558091298
3FKY,5891,15.899094002347343,0.89715753012992894
3FKY,5892,15.900896194060557,0.89720837592184555
3FKY,5893,15.901015178313815,0.89721173275996391
3FKY,5894,15.902295137953747,0.89724784277194469
3FKY,5895,15.903015122150807,0.89726815420970152
3FKY,5896,15.905307725974396,0.897332827677364
3FKY,5897,15.906573338980936,0.89736852813429435
3FKY,5898,15.907043917157226,0.89738180185809691
3FKY,5899,15.907213953411391,0.89738659806766208
3FKY,5900,15.909336469961859,0.8974464656968788
3FKY,5901,15.909842871135675,0.89746074864098857
3FKY,5902,15.91012742593951,0.89746877435272798
3FKY,5903,15.911256978719942,0.89750063205977582
3FKY,5904,15.911720270703972,0.89751369833801897
3FKY,5905,15.91404142575063,0.89757915928269283
3FKY,5906,15.914884338847587,0.89760292983822154
3FKY,5907,15.917132132013265,0.89766631561130306
3FKY,5908,15.917588242859637,0.8976791769862823
3FKY,5909,15.918098614120964,0.89769356817339063
3FKY,5910,15.919712459972372,0.89773907305302325
3FKY,5911,15.920707000549658,0.89776711451401836
3FKY,5912,15.921887959198742,0.89780041096807062
3FKY,5913,15.922591817471917,0.89782025526244158
3FKY,5914,15.92290243016779,0.8978290124111854
3FKY,5915,15.924008980461867,0.89786020884984208
3FKY,5916,15.925253449326901,0.89789529226529208
3FKY,5917,15.925571009611398,0.89790424453923656
3FKY,5918,15.927416817637809,0.89795627755081375
3FKY,5919,15.928765434023049,0.897994292909157
3FKY,5920,15.929348976847962,0.89801074155765426
3FKY,5921,15.929812614203634,0.89802381014873933
3FKY,5922,15.931332065067954,0.89806663772465412
3FKY,5923,15.933704804292693,0.89813351218920545
3FKY,5924,15.934408167990417,0.89815333518532059
3FKY,5925,15.934724823517191,0.89816225938889127
3FKY,5926,15.937154579046187,0.89823073347788163
3FKY,5927,15.93834358753676,0.89826423958601875
3FKY,5928,15.938925151815878,0.8982806275383427
3FKY,5929,15.939586024368113,0.89829924996274801
3FKY,5930,15.941778163074167,0.89836101846954031
3FKY,5931,15.942682694718638,0.89838650447350954
3FKY,5932,15.944566152712154,0.89843957030011357
3FKY,5933,15.945004970595075,0.89845193340343799
3FKY,5934,15.94590790494418,0.89847737182847243
3FKY,5935,15.946938579834047,0.89850640821537753
3FKY,5936,15.947269122233756,0.89851572012574377
3FKY,5937,15.94754640724492,0.89852353161549081
3FKY,5938,15.949587195841598,0.8985810212715829
3FKY,5939,15.950803639755913,0.89861528712939387
3FKY,5940,15.951103516682855,0.8986237341246166
3FKY,5941,15.953095074621343,0.89867983072544
3FKY,5942,15.953888175164119,0.89870216916823098
3FKY,5943,15.954438936742786,0.89871768157336462
3FKY,5944,15.954900459045682,0.89873068031484693
3FKY,5945,15.956930719195562,0.89878786020911261
3FKY,5946,15.957787095419306,0.89881197794956114
3FKY,5947,15.958731176937569,0.89883856494504299
3FKY,5948,15.958927744401072,0.89884410053151276
3FKY,5949,15.960097364278473,0.89887703779026285
3FKY,5950,15.961560765430381,0.89891824642172724
3FKY,5951,15.963575015308288,0.89897496358351492
3FKY,5952,15.964178833933287,0.89899196518538071
3FKY,5953,15.965228586175446,0.89902152208672514
3FKY,5954,15.966414231893044,0.89905490404623534
3FKY,5955,15.967858624167684,0.89909556936317347
3FKY,5956,15.968505281923193,0.89911377472340048
3FKY,5957,15.969430115881753,0.89913981093960782
3FKY,5958,15.970293721106049,0.8991641227445597
3FKY,5959,15.971851096948185,0.89920796358962596
3FKY,5960,15.972490024322738,0.89922594907027598
3FKY,5961,15.9739029997216,0.89926572233178448
3FKY,5962,15.974791630029548,0.89929073511865221
3FKY,5963,15.976201723385465,0.89933042439716737
3FKY,5964,15.97721007510383,0.8993588049561374
3FKY,5965,15.977459110623029,0.89936581404637062
3FKY,5966,15.977909584045056,0.89937849245591872
3FKY,5967,15.97979842237476,0.89943165117351864
3FKY,5968,15.980734700564531,0.89945800025130651
3FKY,5969,15.981711747024836,0.89948549582143478
3FKY,5970,15.982488701642479,0.8995073599035478
3FKY,5971,15.984616799635052,0.89956724344627215
3FKY,5972,15.985007547672389,0.89957823845450746
3FKY,5973,15.986552875405177,0.89962172012317887
3FKY,5974,15.988879948958449,0.89968719420475329
3FKY,5975,15.989252639382107,0.89969767970619952
3FKY,5976,15.990334322617095,0.89972811175515155
3FKY,5977,15.991323809280045,0.89975594904663025
3FKY,5978,15.992385888488757,0.89978582763052195
3FKY,5979,15.994479324675874,0.89984471761060869
3FKY,5980,15.995199300777193,0.89986497020488887
3FKY,5981,15.996826089314169,0.89991072933459892
3FKY,5982,15.99753041823257,0.89993054033243247
3FKY,5983,15.998195197058088,0.89994923848574138
3FKY,5984,15.999261204106597,0.89997922112563045
3FKY,5985,15.999859415745624,0.89999604605916028
3FKY,5986,16.000683781754674,0.90001923115638494
3FKY,5987,16.00094777617862,0.90002665581028363
3FKY,5988,16.003663563645432,0.90010303182999551
3FKY,5989,16.004620112051118,0.90012993127247365
3FKY,5990,16.005220568215684,0.90014681650601813
3FKY,5991,16.00632020181127,0.90017773812547475
3FKY,5992,16.007773074486639,0.90021859117432479
3FKY,5993,16.009173035603638,0.90025795465934888
3FKY,5994,16.01035124258242,0.90029108162623428
3FKY,5995,16.011138784178513,0.90031322379993806
3FKY,5996,16.012381931209429,0.90034817446778748
3FKY,5997,16.012668761423523,0.90035623841181101
3FKY,5998,16.013508893151357,0.90037985745783289
3FKY,5999,16.014863791956426,0.900417947104451
3FKY,6000,16.015834408667345,0.90044523261483511
3FKY,6001,16.017240538620456,0.90048475959766272
3FKY,6002,16.018236559569672,0.90051275717127666
3FKY,6003,16.019871172054728,0.90055870329771992
3FKY,6004,16.020677556845907,0.90058136851443016
3FKY,6005,16.021406873329553,0.90060186706574652
3FKY,6006,16.023383690768895,0.90065742618665812
3FKY,6007,16.023990194385643,0.9006744714883248
3FKY,6008,16.02536700140725,0.90071316435713444
3FKY,6009,16.026088434925093,0.90073343838123554
3FKY,6010,16.027488331977718,0.9007727775673352
3FKY,6011,16.028142624853377,0.90079116357966238
3FKY,6012,16.029658658203626,0.90083376356104605
3FKY,6013,16.031070992526363,0.90087344782530199
3FKY,6014,16.032334093725673,0.90090893740425415
3FKY,6015,16.033234804886458,0.90093424399196698
3FKY,6016,16.034766231259002,0.90097726966749114
3FKY,6017,16.035272234960356,0.90099148547301389
3FKY,6018,16.036607814848942,0.90102900654014895
3FKY,6019,16.037038857533467,0.90104111568930734
3FKY,6020,16.037919783589953,0.90106586276711276
3FKY,6021,16.039957985097281,0.90112311755694618
3FKY,6022,16.040847080744228,0.90114809185986544
3FKY,6023,16.041444312099639,0.90116486743550106
3FKY,6024,16.041812651942276,0.90117521354316987
3FKY,6025,16.043013398825057,0.901208939877717
3FKY,6026,16.043710176086243,0.90122851023720174
3FKY,6027,16.044553991456201,0.90125220988215626
3FKY,6028,16.046098099520442,0.90129557653869707
3FKY,6029,16.048005303173213,0.90134913794441718
3FKY,6030,16.0487421405399,0.90136983023886064
3FKY,6031,16.050444180278856,0.90141762609049159
3FKY,6032,16.0510975947841,0.90143597428544253
3FKY,6033,16.051960942643088,0.90146021693766742
3FKY,6034,16.052372314698925,0.9014717679615003
3FKY,6035,16.053219300935538,0.90149555024407169
3FKY,6036,16.054809815180469,0.90154020814021996
3FKY,6037,16.056533421282744,0.90158860044503608
3FKY,6038,16.057828232843931,0.90162495212129312
3FKY,6039,16.058308121141025,0.90163842455430232
3FKY,6040,16.059992574089371,0.90168571246486673
3FKY,6041,16.060409007471005,0.90169740268186405
3FKY,6042,16.060610262905392,0.90170305231799308
3FKY,6043,16.06214389393255,0.9017461031966455
3FKY,6044,16.063482569902803,0.90178367977100216
3FKY,6045,16.064425075626279,0.90181013492507422
3FKY,6046,16.066380626825985,0.90186502273514602
3FKY,6047,16.066790330723411,0.90187652175498656
3FKY,6048,16.067495432607448,0.90189631126629644
3FKY,6049,16.068577639442964,0.90192668382568653
3FKY,6050,16.068986135873622,0.90193814817236895
3FKY,6051,16.070248259337472,0.90197356842036092
3FKY,6052,16.070948732846873,0.90199322591712006
3FKY,6053,16.07165546568627,0.90201305863627468
3FKY,6054,16.072296273080752,0.90203104094300057
3FKY,6055,16.072921619833636,0.90204858904832719
3FKY,6056,16.073851609864821,0.90207468523920264
3FKY,6057,16.075413858127177,0.90211852135275905
3FKY,6058,16.077561239376372,0.90217877260741897
3FKY,6059,16.078086414055367,0.90219350735391191
3FKY,6060,16.078486120032892,0.90220472168275923
3FKY,6061,16.079514336753217,0.90223356914832853
3FKY,6062,16.080735681898439,0.90226783379222197
3FKY,6063,16.080981307581037,0.90227472462454028
3FKY,6064,16.082527305239516,0.90231809514591399
3FKY,6065,16.083062504575363,0.90233310883183704
3FKY,6066,16.084099311937742,0.90236219317236921
3FKY,6067,16.084327470543556,0.90236859331221608
3FKY,6068,16.08607516707195,0.90241761692301736
3FKY,6069,16.087171959466293,0.90244838104347069
3FKY,6070,16.087793152777337,0.90246580453740888
3FKY,6071,16.088104766629897,0.90247454468845734
3FKY,6072,16.089312755101059,0.9025084255711916
3FKY,6073,16.08988735055274,0.90252454100801738
3FKY,6074,16.091471890032665,0.90256898042914357
3FKY,6075,16.092897611195365,0.90260896381919753
3FKY,6076,16.09409951056665,0.90264266890195077
3FKY,6077,16.095059149053423,0.9026695793150612
3FKY,6078,16.096200843145578,0.90270159393026705
3FKY,6079,16.09649247656715,0.90270977153579768
3FKY,6080,16.097398566446774,0.90273517845842699
3FKY,6081,16.098905506395127,0.90277743174120906
3FKY,6082,16.099143285722764,0.90278409868567966
3FKY,6083,16.100033983099035,0.90280907194953941
3FKY,6084,16.100687952642222,0.90282740742763923
3FKY,6085,16.100963460633174,0.9028351317901594
3FKY,6086,16.102720380295342,0.90288438864145371
3FKY,6087,16.102922486726289,0.90289005470794637
3FKY,6088,16.103695535744347,0.90291172685764676
3FKY,6089,16.104158646196144,0.90292470974255656
3FKY,6090,16.105304382452029,0.9029568286256181
3FKY,6091,16.106041266094522,0.90297748537603928
3FKY,6092,16.107838379731586,0.9030278611282776
3FKY,6093,16.10922943371439,0.90306685249863483
3FKY,6094,16.110093492120921,0.90309107128717747
3FKY,6095,16.111136876383178,0.90312031555429995
3FKY,6096,16.112978246260479,0.90317192367618293
3FKY,6097,16.11315429340619,0.90317685759971089
3FKY,6098,16.114109176614754,0.90320361882917732
3FKY,6099,16.114699773726802,0.90322017030451618
3FKY,6100,16.115951147990014,0.90325523904763183
3FKY,6101,16.11631456324589,0.90326542320866199
3FKY,6102,16.118598812767875,0.90332943320605563
3FKY,6103,16.119195168355873,0.90334614373340638
3FKY,6104,16.120244760919501,0.9033755536993181
3FKY,6105,16.120647977731934,0.90338685172670041
3FKY,6106,16.121841151498121,0.90342028330926494
3FKY,6107,16.123580165088118,0.90346900658383744
3FKY,6108,16.124629137453418,0.90349839517487762
3FKY,6109,16.125763312529596,0.90353016977675438
3FKY,6110,16.127104372013982,0.90356773892896802
3FKY,6111,16.128038162235317,0.90359389770137499
3FKY,6112,16.128387820653757,0.9036036926776011
3FKY,6113,16.129580870816092,0.90363711277540204
3FKY,6114,16.131492565572625,0.90369066119558528
3FKY,6115,16.132430042478376,0.90371691967145762
3FKY,6116,16.132640717316399,0.90372282051198793
3FKY,6117,16.134214166256903,0.903766890390855
3FKY,6118,16.134975333555712,0.90378820874210231
3FKY,6119,16.135431419097987,0.90380098229191796
3FKY,6120,16.136183089497347,0.90382203386828508
3FKY,6121,16.136847962330549,0.90384065414927217
3FKY,6122,16.137102444328722,0.903847781014116
3FKY,6123,16.138834546569697,0.90389628770124464
3FKY,6124,16.140217098214485,0.90393500352464962
3FKY,6125,16.141028539144305,0.90395772566762234
3FKY,6126,16.142202409401801,0.90399059562363038
3FKY,6127,16.143761717912376,0.90403425652422809
3FKY,6128,16.143913290550039,0.90403850047113365
3FKY,6129,16.145808824035417,0.90409157263896289
3FKY,6130,16.146369475844974,0.90410726947340259
3FKY,6131,16.147448601415842,0.90413748149641326
3FKY,6132,16.14855381804178,0.90416842293809685
3FKY,6133,16.149817171088038,0.90420379024107833
3FKY,6134,16.150655299893639,0.90422725271754301
3FKY,6135,16.151706913725963,0.90425669060691882
3FKY,6136,16.152356313146509,0.9042748688054103
3FKY,6137,16.152502619951978,0.90427896422236265
3FKY,6138,16.153689459242806,0.9043121855167976
3FKY,6139,16.154634943125412,0.9043386500618692
3FKY,6140,16.15516910921739,0.90435360128333131
3FKY,6141,16.157273770271285,0.9044125079962041
3FKY,6142,16.157830974224531,0.90442810276445795
3FKY,6143,16.159249191642207,0.90446779396885479
3FKY,6144,16.160002821374324,0.90448888485822498
3FKY,6145,16.160605769223352,0.90450575844874093
3FKY,6146,16.160953052011678,0.90451547706940383
3FKY,6147,16.162323967362077,0.90455384076775947
3FKY,6148,16.162945685747413,0.90457123840025055
3FKY,6149,16.163404524799983,0.90458407794300655
3FKY,6150,16.164655257827022,0.90461907586977897
3FKY,6151,16.16529483558617,0.90463697196806525
3FKY,6152,16.16624415127631,0.90466353422604762
3FKY,6153,16.167865115814816,0.90470888770262725
3FKY,6154,16.169376263361414,0.90475116652738929
3FKY,6155,16.169637401991164,0.90475847245317498
3FKY,6156,16.170497926142286,0.90478254708573669
3FKY,6157,16.170605195705207,0.9047855480900302
3FKY,6158,16.17229825456349,0.90483291227567353
3FKY,6159,16.173097470377385,0.90485526988455733
3FKY,6160,16.174442359235439,0.90489289114032379
3FKY,6161,16.17472481135373,0.90490079211744678
3FKY,6162,16.175877549636603,0.90493303672169745
3FKY,6163,16.176873743084379,0.90496090149997466
3FKY,6164,16.178216140632294,0.90499844868348256
3FKY,6165,16.178549023321143,0.90500775925161703
3FKY,6166,16.179947501459381,0.90504687296370523
3FKY,6167,16.180352551699812,0.90505820140464055
3FKY,6168,16.180829261499202,0.90507153383773864
3FKY,6169,16.182122073174202,0.90510768970020583
3FKY,6170,16.183487076637537,0.90514586297169541
3FKY,6171,16.183991262419863,0.90515996247072572
3FKY,6172,16.185105742086431,0.90519112799072743
3FKY,6173,16.18686716820331,0.9052403826555091
3FKY,6174,16.187843319577915,0.90526767757035942
3FKY,6175,16.188703891890764,0.90529174000814228
3FKY,6176,16.189476513836784,0.90531334272338393
3FKY,6177,16.191277266568846,0.90536369024831553
3FKY,6178,16.191380434908023,0.90536657466311332
3FKY,6179,16.191767403583167,0.90537739358037761
3FKY,6180,16.193044197590432,0.90541308942549292
3FKY,6181,16.193777206415756,0.90543358181304379
3FKY,6182,16.194779052155482,0.9054615891993274
3FKY,6183,16.195018778866999,0.90546829081980651
3FKY,6184,16.196497365305564,0.90550962397900236
3FKY,6185,16.197607683568179,0.90554066114152987
3FKY,6186,16.19881168245243,0.90557431579310721
3FKY,6187,16.199371828784979,0.90558997279797648
3FKY,6188,16.200671179260294,0.90562629072374679
3FKY,6189,16.20128914466607,0.90564356285942871
3FKY,6190,16.203396997048014,0.90570247486443123
3FKY,6191,16.204135443323505,0.90572311266647731
3FKY,6192,16.204982224239799,0.90574677758308364
3FKY,6193,16.205342471390715,0.90575684519309863
3FKY,6194,16.205919604509241,0.90577297375130383
3FKY,6195,16.207642180536812,0.90582111114152997
3FKY,6196,16.209029853870984,0.9058598878150077
3FKY,6197,16.210278942193089,0.90589479049640476
3FKY,6198,16.210914333259005,0.90591254441101388
3FKY,6199,16.211664145141231,0.90593349499164399
3FKY,6200,16.211808697870556,0.90593753390048759
3FKY,6201,16.213279646285436,0.90597863224978992
3FKY,6202,16.214283023648498,0.9060066655782425
3FKY,6203,16.214328809182842,0.90600794475814694
3FKY,6204,16.215732657687578,0.90604716532608487
3FKY,6205,16.216031583602518,0.90605551646677662
3FKY,6206,16.217020628322683,0.90608314701733406
3FKY,6207,16.218560177355773,0.90612615511231998
3FKY,6208,16.218801604264463,0.90613289931217511
3FKY,6209,16.220085900004324,0.90616877494632253
3FKY,6210,16.221262607146883,0.9062016439440016
3FKY,6211,16.221944163618737,0.90622068133716671
3FKY,6212,16.222663212059974,0.90624076553117838
3FKY,6213,16.223901002773683,0.9062753379991193
3FKY,6214,16.224571968500136,0.90629407804824558
3FKY,6215,16.225223235992704,0.90631226755579708
3FKY,6216,16.226690423335487,0.90635324387424088
3FKY,6217,16.228248663526216,0.90639676113223977
3FKY,6218,16.228692251289253,0.9064091489065621
3FKY,6219,16.230001610309202,0.90644571349965763
3FKY,6220,16.231432539238501,0.90648567131474789
3FKY,6221,16.232433195623997,0.90651361298574273
3FKY,6222,16.234089359206699,0.90655985671649897
3FKY,6223,16.234863148505099,0.90658146180752597
3FKY,6224,16.235334140756503,0.90659461220316007
3FKY,6225,16.236393257587771,0.90662418270492928
3FKY,6226,16.236861087933299,0.90663724420333813
3FKY,6227,16.237842022081054,0.90666463059273095
3FKY,6228,16.238993568797827,0.90669677920481784
3FKY,6229,16.239746777709954,0.90671780649856359
3FKY,6230,16.241310580735547,0.90676146154859105
3FKY,6231,16.241783917186332,0.90677467477183005
3FKY,6232,16.24359771702381,0.90682530535066697
3FKY,6233,16.243599783342599,0.9068253630284715
3FKY,6234,16.245226260141663,0.90687076224767105
3FKY,6235,16.246358407177745,0.9069023620894221
3FKY,6236,16.246960406563367,0.90691916430422326
3FKY,6237,16.247814842175305,0.90694301165239977
3FKY,6238,16.248613591501467,0.90696530422600063
3FKY,6239,16.249192461673911,0.90698145977315414
3FKY,6240,16.250125166173088,0.90700748979129864
3FKY,6241,16.250888374609659,0.90702878893925643
3FKY,6242,16.251799006319924,0.90705420163017059
3FKY,6243,16.252024165819996,0.90706048497034497
3FKY,6244,16.254005281802382,0.90711576846136099
3FKY,6245,16.255099221364041,0.90714629364924082
3FKY,6246,16.256223456455047,0.90717766313056714
3FKY,6247,16.256748540353946,0.90719231415142543
3FKY,6248,16.257743449736338,0.90722007371028901
3FKY,6249,16.258589557878079,0.90724368080884299
3FKY,6250,16.259419485014085,0.90726683584755707
3FKY,6251,16.260329386686347,0.90729222150363242
3FKY,6252,16.261661350886687,0.9073293811448182
3FKY,6253,16.262102508107276,0.90734168838036466
3FKY,6254,16.262700327957219,0.90735836586369456
3FKY,6255,16.264537866456806,0.90740962607268827
3FKY,6256,16.265120962143961,0.90742589157932785
3FKY,6257,16.265965273202152,0.90744944319551979
3FKY,6258,16.266520767133645,0.9074649380753731
3FKY,6259,16.266639532723971,0.90746825087390859
3FKY,6260,16.267183951420972,0.90748343651037877
3FKY,6261,16.268114526809772,0.90750939274463971
3FKY,6262,16.269704353201661,0.90755373553351326
3FKY,6263,16.270657816392831,0.90758032810043154
3FKY,6264,16.27210972221074,0.90762082098578956
3FKY,6265,16.272389963022384,0.90762863654581105
3FKY,6266,16.273925946294113,0.90767147197162668
3FKY,6267,16.274812470054918,0.90769619438253135
3FKY,6268,16.276372148239748,0.90773968735791055
3FKY,6269,16.276517759298585,0.90774374774188937
3FKY,6270,16.27718142570702,0.90776225393900234
3FKY,6271,16.277993765424647,0.90778490534631762
3FKY,6272,16.278203644057839,0.9077907575429639
3FKY,6273,16.279242707885963,0.90781972995013005
3FKY,6274,16.280238760157701,0.90784750219019905
3FKY,6275,16.281998299426597,0.90789656013693087
3FKY,6276,16.283145316937929,0.90792853885643587
3FKY,6277,16.283845764678983,0.90794806670694195
3FKY,6278,16.284180337269714,0.90795739414042953
3FKY,6279,16.285513776981109,0.90799456769281861
3FKY,6280,16.286435042013117,0.90802024977525364
3FKY,6281,16.286684354367114,0.90802719972467527
3FKY,6282,16.287447922118449,0.90804848497051438
3FKY,6283,16.288950792651836,0.90809037759355171
3FKY,6284,16.289858288741822,0.9081156731758101
3FKY,6285,16.290458750156908,0.90813241007393497
3FKY,6286,16.290749648112094,0.90814051827659059
3FKY,6287,16.292434336249773,0.90818747418836643
3FKY,6288,16.293638742904093,0.90822104212549482
3FKY,6289,16.294262308546063,0.90823842099425889
3FKY,6290,16.294322861213669,0.90824010858855064
3FKY,6291,16.294995333885868,0.90825885009614526
3FKY,6292,16.296625091189128,0.908304269086879
3FKY,6293,16.297798819400917,0.9083369777963306
3FKY,6294,16.298387377880136,0.90835337892539481
3FKY,6295,16.298952832586181,0.90836913595172053
3FKY,6296,16.299221026872434,0.90837660938919884
3FKY,6297,16.300941987365551,0.90842456379733649
3FKY,6298,16.301754873822627,0.90844721392454653
3FKY,6299,16.302800237295905,0.90847634092094287
3FKY,6300,16.304683764057568,0.90852881933123864
3FKY,6301,16.305373460653026,0.9085480347486089
3FKY,6302,16.306214206700194,0.90857145795704886
3FKY,6303,16.306746942602754,0.90858629968168914
3FKY,6304,16.307007727674609,0.90859356491972099
3FKY,6305,16.308434213359796,0.9086333045026137
3FKY,6306,16.309395237778464,0.90866007610796617
3FKY,6307,16.310724689129124,0.90869710981556551
3FKY,6308,16.311928182993658,0.90873063350150907
3FKY,6309,16.311990728902693,0.90873237570293419
3FKY,6310,16.313525969557244,0.90877513841919966
3FKY,6311,16.313987015793217,0.90878798004514327
3FKY,6312,16.314345124073959,0.9087979543915381
3FKY,6313,16.315538758440034,0.9088311997538524
3FKY,6314,16.317744580704208,0.90889263359219208
3FKY,6315,16.318074534465321,0.90890182269995856
3FKY,6316,16.319839331358867,0.90895097015738013
3FKY,6317,16.321520278090798,0.90899778001838194
3FKY,6318,16.322324217448966,0.90902016672258368
3FKY,6319,16.322960219693108,0.90903787661569069
3FKY,6320,16.323456206521474,0.90905168744970155
3FKY,6321,16.323984498838097,0.90906639760453078
3FKY,6322,16.324353428639657,0.90907667021262994
3FKY,6323,16.326321171026009,0.90913145874685897
3FKY,6324,16.326851609978295,0.90914622737772566
3FKY,6325,16.327554756089118,0.90916580420020832
3FKY,6326,16.329133479441147,0.90920975709497753
3FKY,6327,16.329734260716556,0.90922648275816054
3FKY,6328,16.330252435557558,0.90924090842312055
3FKY,6329,16.331246317249164,0.90926857683015683
3FKY,6330,16.331491103300852,0.9092753912344741
3FKY,6331,16.332111223142338,0.90929265402926285
3FKY,6332,16.335079021165697,0.90937526656849055
3FKY,6333,16.336180532214861,0.9094059266594744
3FKY,6334,16.336227927493649,0.90940724586368127
3FKY,6335,16.336644211115431,0.90941883265507462
3FKY,6336,16.338454053039957,0.90946920587513447
3FKY,6337,16.33884282579125,0.90948002619941137
3FKY,6338,16.340716234003388,0.90953216509721158
3FKY,6339,16.341247996764817,0.90954696406299929
3FKY,6340,16.343257248844363,0.90960287940548323
3FKY,6341,16.344445401940479,0.90963594282176241
3FKY,6342,16.344865927045255,0.90964764472660842
3FKY,6343,16.345627478971316,0.90966883596335379
3FKY,6344,16.34680134533815,0.90970149945338885
3FKY,6345,16.347350981708583,0.9097167929905422
3FKY,6346,16.348015651285589,0.90973528696337436
3FKY,6347,16.349058169595679,0.90976429355948096
3FKY,6348,16.349519212808353,0.9097771211392508
3FKY,6349,16.350430257083243,0.90980246854184743
3FKY,6350,16.351676195294313,0.90983713234115393
3FKY,6351,16.352962234777678,0.90987291043069296
3FKY,6352,16.353302467403083,0.9098823755916372
3FKY,6353,16.353594388846673,0.90989049667273858
3FKY,6354,16.355741810286936,0.90995023443360701
3FKY,6355,16.356321653912463,0.90996636406480347
3FKY,6356,16.356893650692417,0.90998227513853458
3FKY,6357,16.35841709591045,0.9100246510290072
3FKY,6358,16.359157068631298,0.91004523327110476
3FKY,6359,16.36034818970937,0.9100783631666215
3FKY,6360,16.361012042576952,0.91009682707690953
3FKY,6361,16.3616741736815,0.9101152427262309
3FKY,6362,16.363286418636758,0.91016008204243171
3FKY,6363,16.363594954144965,0.91016866269587027
3FKY,6364,16.364540994320848,0.91019497243035408
3FKY,6365,16.365580766885,0.91022388802071819
3FKY,6366,16.366821012478066,0.91025837747131011
3FKY,6367,16.367150001107913,0.91026752595381988
3FKY,6368,16.369126952577037,0.9103224988838915
3FKY,6369,16.369571832806681,0.91033486917498574
3FKY,6370,16.369789361439384,0.91034091769120706
3FKY,6371,16.37160114734305,0.91039129394136997
3FKY,6372,16.372026152081904,0.91040311068731872
3FKY,6373,16.373463103122916,0.91044306224804505
3FKY,6374,16.37410077026728,0.91046079075091479
3FKY,6375,16.375039520256653,0.91048688936908539
3FKY,6376,16.376903503730283,0.91053870860954911
3FKY,6377,16.377788569328956,0.91056331263799473
3FKY,6378,16.378381479375612,0.9105797946327332
3FKY,6379,16.379936772261516,0.91062302798454375
3FKY,6380,16.380685017400083,0.91064382664457744
3FKY,6381,16.381048814610875,0.9106539387932584
3FKY,6382,16.382235280508343,0.91068691715415295
3FKY,6383,16.384060293052165,0.910737641879244
3FKY,6384,16.384470829185236,0.91074905200472367
3FKY,6385,16.385172781475749,0.91076856119554861
3FKY,6386,16.386453991742698,0.91080416848627455
3FKY,6387,16.38790174179405,0.91084440256188859
3FKY,6388,16.388407524440201,0.91085845822761347
3FKY,6389,16.388424504701913,0.91085893010418173
3FKY,6390,16.389343369743777,0.91088446473374363
3FKY,6391,16.389764093943992,0.9108961561319241
3FKY,6392,16.392064899312828,0.91096008997524791
3FKY,6393,16.392667917999589,0.91097684567102444
3FKY,6394,16.393833894894268,0.91100924305356112
3FKY,6395,16.394219858527983,0.91101996703583787
3FKY,6396,16.39461904576061,0.91103105830242204
3FKY,6397,16.396177452691258,0.91107435675826975
3FKY,6398,16.397234120478153,0.91110371382692024
3FKY,6399,16.398166957682392,0.91112962976333445
3FKY,6400,16.398587569482999,0.91114131489307226
3FKY,6401,16.399533354757175,0.91116758946122645
3FKY,6402,16.400910416769172,0.91120584384042402
3FKY,6403,16.402744621942116,0.91125679502861301
3FKY,6404,16.40309473084017,0.91126652015136811
3FKY,6405,16.403225877849874,0.91127016305053554
3FKY,6406,16.403979780693412,0.9112911040922127
3FKY,6407,16.405933158637254,0.91134536052805526
3FKY,6408,16.406830015551336,0.91137027027289319
3FKY,6409,16.407220599301027,0.91138111832515734
3FKY,6410,16.407764495479825,0.91139622425357147
3FKY,6411,16.409456905977148,0.91144322690176005
3FKY,6412,16.41154081915138,0.91150109926951739
3FKY,6413,16.4119038498267,0.9115111806212125
3FKY,6414,16.411974238824371,0.91151313530880285
3FKY,6415,16.412472693996939,0.91152697718366793
3FKY,6416,16.414184776395636,0.91157451933729983
3FKY,6417,16.414759350476945,0.9115904739069487
3FKY,6418,16.415431881259675,0.91160914814890426
3FKY,6419,16.416146392424697,0.91162898764601619
3FKY,6420,16.418284675405161,0.91168835776946633
3FKY,6421,16.418833183010843,0.91170358663872975
3FKY,6422,16.419813878829039,0.91173081422957314
3FKY,6423,16.420412177335528,0.91174742471674197
3FKY,6424,16.421012415768434,0.91176408875776471
3FKY,6425,16.422154805995287,0.91179580337568533
3FKY,6426,16.422695757004686,0.91181082067409258
3FKY,6427,16.423136009553708,0.91182304230791211
3FKY,6428,16.42421631041362,0.91185303131299056
3FKY,6429,16.425287096497602,0.91188275521592754
3FKY,6430,16.425579842033674,0.91189088135749818
3FKY,6431,16.4263610104172,0.91191256497120976
3FKY,6432,16.428280424162448,0.91196584172501993
3FKY,6433,16.429145808626924,0.91198986099722512
3FKY,6434,16.430449084944787,0.91202603303048857
3FKY,6435,16.431164695491812,0.91204589397095204
3FKY,6436,16.432991782250042,0.91209660068241039
3FKY,6437,16.433116496707001,0.91210006175078839
3FKY,6438,16.433918187485702,0.91212230991323962
3FKY,6439,16.434227659047846,0.91213089808387537
3FKY,6440,16.435244166123653,0.91215910668589506
3FKY,6441,16.435416154947234,0.91216387937925036
3FKY,6442,16.437061769556937,0.91220954395567477
3FKY,6443,16.437453658051609,0.91222041823172484
3FKY,6444,16.438947373052315,0.91226186523430519
3FKY,6445,16.439009531498577,0.91226358994104084
3FKY,6446,16.441960563939148,0.91234546831198737
3FKY,6447,16.44230446426835,0.91235500957882898
3FKY,6448,16.442686555910974,0.91236561031912689
3FKY,6449,16.443114364101564,0.91237747927195234
3FKY,6450,16.444331906498565,0.91241125747465979
3FKY,6451,16.445226789890061,0.91243608337142412
3FKY,6452,16.446538541007101,0.91247247281136346
3FKY,6453,16.447303041450407,0.91249368023752742
3FKY,6454,16.448527886469588,0.91252765670555047
3FKY,6455,16.449580702693581,0.91255686018672977
3FKY,6456,16.44998744974874,0.91256814246582696
3FKY,6457,16.450731656716602,0.91258878478824079
3FKY,6458,16.45153662224347,0.91261111186587884
3FKY,6459,16.45354502433328,0.9126668159064798
3FKY,6460,16.454569291157988,0.91269522315221596
3FKY,6461,16.455448235356069,0.91271959928277047
3FKY,6462,16.455662435785925,0.91272553969507308
3FKY,6463,16.457066444116432,0.91276447604702193
3FKY,6464,16.457530916461323,0.91277735655846259
3FKY,6465,16.458472953870647,0.91280348010385104
3FKY,6466,16.459406848914504,0.91282937711617107
3FKY,6467,16.459737054447803,0.91283853357613032
3FKY,6468,16.461806284296539,0.91289591035479634
3FKY,6469,16.46208666449315,0.91290368461846272
3FKY,6470,16.462636349697298,0.91291892586550416
3FKY,6471,16.463307705449331,0.91293754035441688
3FKY,6472,16.465189964031875,0.91298972717611326
3FKY,6473,16.465802925854071,0.9130067212903541
3FKY,6474,16.466249432496895,0.91301910030412581
3FKY,6475,16.466733813303989,0.9130325291568282
3FKY,6476,16.468117528878118,0.91307088985437213
3FKY,6477,16.469138262334862,0.91309918657871036
3FKY,6478,16.469500917533455,0.91310923987775483
3FKY,6479,16.470154687959052,0.91312736301018116
3FKY,6480,16.472159981858038,0.91318294940365774
3FKY,6481,16.472770765538108,0.91319987954738946
3FKY,6482,16.474502439361359,0.9132478776283407
3FKY,6483,16.475239956475509,0.91326831916834417
3FKY,6484,16.476104030551291,0.91329226786755346
3FKY,6485,16.477623134477479,0.91333436986840832
3FKY,6486,16.478513543800982,0.91335904668149248
3FKY,6487,16.479254443379393,0.91337957947179971
3FKY,6488,16.48104014963489,0.91342906543161095
3FKY,6489,16.481757257711688,0.91344893736412769
3FKY,6490,16.482930963860131,0.91348146124889651
3FKY,6491,16.483468612856175,0.91349635933912932
3FKY,6492,16.484926206645927,0.91353674759773629
3FKY,6493,16.485546784071758,0.91355394254725475
3FKY,6494,16.486637275021721,0.91358415706927332
3FKY,6495,16.487136891135229,0.91359799973167677
3FKY,6496,16.488423119027416,0.91363363576477585
3FKY,6497,16.489022040182927,0.91365022890833925
3FKY,6498,16.489887467761008,0.91367420509468311
3FKY,6499,16.490667045339201,0.91369580231622882
3FKY,6500,16.490829090173506,0.91370029150155896
3FKY,6501,16.492468878668934,0.91374571790110992
3FKY,6502,16.493684296137626,0.91377938666396241
3FKY,6503,16.494394852380953,0.91379906949054501
3FKY,6504,16.495670575056387,0.91383440669643723
3FKY,6505,16.495978021942943,0.91384292269561374
3FKY,6506,16.496967624122345,0.91387033323726719
3FKY,6507,16.497987483976097,0.91389858101229704
3FKY,6508,16.499436558376981,0.9139387155426969
3FKY,6509,16.500457866135459,0.91396700130426345
3FKY,6510,16.501827489065032,0.91400493249977444
3FKY,6511,16.502269712613188,0.91401717937960147
3FKY,6512,16.502902756680708,0.91403471053180518
3FKY,6513,16.504610783580908,0.91408200995248978
3FKY,6514,16.505369784618267,0.91410302775250662
3FKY,6515,16.506695131653906,0.9141397273064874
3FKY,6516,16.507475406258671,0.91416133283017664
3FKY,6517,16.508292962872989,0.91418397013152952
3FKY,6518,16.509203179193626,0.91420917242536859
3FKY,6519,16.509426834213873,0.91421536493436673
3FKY,6520,16.510185874099573,0.91423638074422031
3FKY,6521,16.512559828228621,0.91430210614658114
3FKY,6522,16.512928058412179,0.91431230056098256
3FKY,6523,16.513619825729968,0.91433145176001662
3FKY,6524,16.515095797127604,0.91437231187825507
3FKY,6525,16.516928267119791,0.91442303860026375
3FKY,6526,16.517187777782674,0.91443022218770087
3FKY,6527,16.518968449362813,0.91447951193506372
3FKY,6528,16.51938862999555,0.91449114232644424
3FKY,6529,16.520152691083691,0.91451229077914098
3FKY,6530,16.520629691824972,0.91452549343834
3FKY,6531,16.522019688268045,0.91456396535101347
3FKY,6532,16.522102151768298,0.91456624770066286
3FKY,6533,16.523847294876173,0.91461454684643317
3FKY,6534,16.524613488771557,0.91463575147107612
3FKY,6535,16.524979323666077,0.91464587587797896
3FKY,6536,16.525550412996829,0.91466168043597651
3FKY,6537,16.527511340888754,0.91471594587199201
3FKY,6538,16.527996147933845,0.91472936160874974
3FKY,6539,16.528555255385101,0.91474483316598765
3FKY,6540,16.529938721637411,0.91478311516057942
3FKY,6541,16.530948479908655,0.91481105524330841
3FKY,6542,16.531218330074072,0.91481852187196122
3FKY,6543,16.532069799103041,0.91484208122472788
3FKY,6544,16.532769297084517,0.914861435226616
3FKY,6545,16.534038782959993,0.9148965588455068
3FKY,6546,16.535227818933919,0.91492945538633175
3FKY,6547,16.535955542198444,0.91494958840571994
3FKY,6548,16.537836321630117,0.91500161955185877
3FKY,6549,16.538579341090429,0.91502217412623554
3FKY,6550,16.53976835731444,0.91505506560482108
3FKY,6551,16.540646589737921,0.91507935918448202
3FKY,6552,16.541546865282537,0.91510426184939642
3FKY,6553,16.54190441126152,0.91511415179753086
3FKY,6554,16.544486343209314,0.91518556649729321
3FKY,6555,16.545537584637209,0.91521464161269772
3FKY,6556,16.545975841352639,0.91522676259410007
3FKY,6557,16.547135636016165,0.91525883856607382
3FKY,6558,16.547600803139517,0.91527170318924322
3FKY,6559,16.549371788459009,0.91532067975695675
3FKY,6560,16.550511275067425,0.91535219085349251
3FKY,6561,16.551073575972552,0.91536774019167311
3FKY,6562,16.55280584316964,0.91541564101257467
3FKY,6563,16.553006659148298,0.91542119383340848
3FKY,6564,16.554242317264233,0.9154553606328939
3FKY,6565,16.555996046495178,0.91550385026706382
3FKY,6566,16.556722341104035,0.91552393115548414
3FKY,6567,16.557026271458462,0.91553233421468216
3FKY,6568,16.557997748764897,0.91555919307886535
3FKY,6569,16.560211359816446,0.91562039082291502
3FKY,6570,16.561104084459963,0.91564507003302642
3FKY,6571,16.561398153678557,0.9156531993773499
3FKY,6572,16.56212636415804,0.91567332995206363
3FKY,6573,16.563165268335421,0.91570204854498416
3FKY,6574,16.563417605582842,0.91570902380758012
3FKY,6575,16.565419727856984,0.91576436582931087
3FKY,6576,16.566597796907924,0.91579692807328406
3FKY,6577,16.566994768209167,0.91580790023923087
3FKY,6578,16.567661843793612,0.91582633770931254
3FKY,6579,16.568252908602595,0.9158426739882819
3FKY,6580,16.569547155202539,0.91587844429931231
3FKY,6581,16.570362395039975,0.91590097513262791
3FKY,6582,16.57118024956176,0.91592357767122912
3FKY,6583,16.572089324613518,0.91594870056054956
3FKY,6584,16.572940526099345,0.91597222345100582
3FKY,6585,16.574425920070016,0.91601327075733174
3FKY,6586,16.575643047561961,0.91604690342952666
3FKY,6587,16.576256843758522,0.91606386388465033
3FKY,6588,16.577493407148012,0.91609803172851978
3FKY,6589,16.578643064482979,0.91612979710270903
3FKY,6590,16.578978191354288,0.91613905655053851
3FKY,6591,16.579547194677385,0.91615477771528475
3FKY,6592,16.580058301130325,0.91616889899991849
3FKY,6593,16.580849258361258,0.91619075181129095
3FKY,6594,16.581593857385222,0.91621132334747246
3FKY,6595,16.58231841857182,0.91623134084149205
3FKY,6596,16.58311765409055,0.91625342086037209
3FKY,6597,16.583868120251722,0.91627415307196325
3FKY,6598,16.584613581764177,0.91629474656183185
3FKY,6599,16.585758418787297,0.91632637196094435
3FKY,6600,16.586478327339659,0.91634625842067485
3FKY,6601,16.586999288847057,0.91636064897936453
3FKY,6602,16.587589503442135,0.9163769522482319
3FKY,6603,16.589714104949412,0.91643563689059149
3FKY,6604,16.589883137771363,0.91644030566626389
3FKY,6605,16.590230413736485,0.91644989753690831
3FKY,6606,16.591100964501116,0.91647394197973187
3FKY,6607,16.592240105728457,0.91650540388614354
3FKY,6608,16.59319159051914,0.91653168208743951
3FKY,6609,16.594450953005648,0.91656646212694859
3FKY,6610,16.59510667983605,0.91658457092987333
3FKY,6611,16.595604788213201,0.91659832664220675
3FKY,6612,16.596071592544458,0.91661121767768217
3FKY,6613,16.597221265023475,0.9166429656861026
3FKY,6614,16.597697007146984,0.91665610290163679
3FKY,6615,16.598279332254993,0.91667218305968512
3FKY,6616,16.599449871000655,0.91670450512660184
3FKY,6617,16.599887764043746,0.91671659636700964
3FKY,6618,16.600799196563994,0.91674176261696094
3FKY,6619,16.601259599149763,0.91675447487697426
3FKY,6620,16.602492703727727,0.91678852148476209
3FKY,6621,16.603604027821874,0.91681920459187716
3FKY,6622,16.603697736503456,0.91682179179515999
3FKY,6623,16.605354178468808,0.91686752330147636
3FKY,6624,16.60607376712532,0.91688738919276191
3FKY,6625,16.607478254830106,0.91692616204947186
3FKY,6626,16.608663116904776,0.91695887055707359
3FKY,6627,16.609914500921956,0.91699341415801572
3FKY,6628,16.611612277345834,0.9170402780361574
3FKY,6629,16.612025711779079,0.91705168974208651
3FKY,6630,16.612460130222964,0.91706368050018072
3FKY,6631,16.613036235566508,0.91707958183875982
3FKY,6632,16.614350175936703,0.91711584745701324
3FKY,6633,16.615210230179869,0.91713958474315993
3FKY,6634,16.616043693701549,0.91716258754576374
3FKY,6635,16.616931689605661,0.91718709475563742
3FKY,6636,16.617841968150316,0.91721221624965821
3FKY,6637,16.619222345122758,0.91725031001457813
3FKY,6638,16.619615318735633,0.91726115447618928
3FKY,6639,16.620685050191433,0.91729067403192388
3FKY,6640,16.621597853495679,0.9173158623577915
3FKY,6641,16.622599906697012,0.91734351269114911
3FKY,6642,16.622805995927177,0.91734919934767112
3FKY,6643,16.62297960555729,0.91735398976149751
3FKY,6644,16.624171725515072,0.91738688327455431
3FKY,6645,16.624619285502941,0.91739923224765485
3FKY,6646,16.625008805747768,0.91740997966611459
3FKY,6647,16.625762085209619,0.91743076336241136
3FKY,6648,16.626737021396039,0.91745766207938695
3FKY,6649,16.627836367138567,0.91748799233907674
3FKY,6650,16.627867027744109,0.917488838231586
3FKY,6651,16.628587542083633,0.91750871620818075
3FKY,6652,16.629226221367677,0.91752633611070744
3FKY,6653,16.630032893245485,0.9175485901141982
3FKY,6654,16.632027390336702,0.91760361084500719
3FKY,6655,16.632779147757024,0.91762434817042604
3FKY,6656,16.633391806135485,0.91764124808424408
3FKY,6657,16.634046500495714,0.91765930719826283
3FKY,6658,16.634366501485538,0.91766813398837466
3FKY,6659,16.636523701727455,0.91772763519464329
3FKY,6660,16.636844357742341,0.91773647939411573
3FKY,6661,16.637326173971349,0.91774976848664991
3FKY,6662,16.638087874538968,0.91777077674577068
3FKY,6663,16.638397195730462,0.91777930791332107
3FKY,6664,16.639161207054325,0.917800379225856
3FKY,6665,16.639872758646185,0.91782000327213564
3FKY,6666,16.641066744196575,0.91785293153366987
3FKY,6667,16.641374989243328,0.91786143226003525
3FKY,6668,16.642789900521947,0.91790045141830257
3FKY,6669,16.644485642151178,0.91794721287986025
3FKY,6670,16.645420439437981,0.91797298966066965
3FKY,6671,16.646066065033466,0.91799079218820023
3FKY,6672,16.646529285136648,0.91800356484059631
3FKY,6673,16.647397273185323,0.91802749792966831
3FKY,6674,16.648128679730441,0.9180476645639668
3FKY,6675,16.649086225858291,0.91807406573983774
3FKY,6676,16.650060074845438,0.91810091563457785
3FKY,6677,16.651240202525308,0.91813345176659567
3FKY,6678,16.651847090853661,0.91815018323500142
3FKY,6679,16.652851360656491,0.91817786955101177
3FKY,6680,16.653470229893724,0.91819493049589962
3FKY,6681,16.655140786674149,0.91824098270844945
3FKY,6682,16.656138481806117,0.91826848505294723
3FKY,6683,16.657062576213779,0.91829395779392053
3FKY,6684,16.657266352293888,0.91829957480382074
3FKY,6685,16.658011176418437,0.91832010530434494
3FKY,6686,16.659214516823678,0.91835327348150664
3FKY,6687,16.659690001586036,0.918366379137593
3FKY,6688,16.659864271496318,0.91837118244449556
3FKY,6689,16.660930941713794,0.91840058194899943
3FKY,6690,16.661520683122177,0.91841683596450918
3FKY,6691,16.662128444872579,0.91843358634235195
3FKY,6692,16.663649357458759,0.91847550251563581
3FKY,6693,16.66465181460752,0.91850312907170084
3FKY,6694,16.664977509373852,0.91851210466278088
3FKY,6695,16.666796911305564,0.91856224265688391
3FKY,6696,16.667687449131154,0.91858678256997828
3FKY,6697,16.668445608054153,0.918607674095825
3FKY,6698,16.669183978048832,0.91862801986915366
3FKY,6699,16.670080302309543,0.91865271746423338
3FKY,6700,16.671164534840376,0.91868259185438705
3FKY,6701,16.671512613162921,0.91869218242095274
3FKY,6702,16.67249432419289,0.91871923086559204
3FKY,6703,16.672817978418422,0.91872814812513093
3FKY,6704,16.673537335343834,0.9187479674000818
3FKY,6705,16.675942092777586,0.91881421867908919
3FKY,6706,16.675975460443048,0.91881513792760816
3FKY,6707,16.676485290464328,0.91882918316178697
3FKY,6708,16.67701813017857,0.9188438620572541
3FKY,6709,16.677226334995062,0.9188495977085287
3FKY,6710,16.678298037469826,0.91887912053050258
3FKY,6711,16.678881393919308,0.91889519019699151
3FKY,6712,16.680078947609697,0.91892817821783057
3FKY,6713,16.680619743374802,0.91894307468327396
3FKY,6714,16.682108396079084,0.91898407905224544
3FKY,6715,16.682358191060803,0.91899095938015263
3FKY,6716,16.68406421476141,0.91903794854853316
3FKY,6717,16.685073519035459,0.91906574677830866
3FKY,6718,16.686231014662795,0.91909762545515494
3FKY,6719,16.687348721733091,0.91912840726295575
3FKY,6720,16.687678840309289,0.91913749857714866
3FKY,6721,16.688527667789213,0.91916087448380279
3FKY,6722,16.689409101563541,0.919185147707824
3FKY,6723,16.690134054228881,0.91920511122128612
3FKY,6724,16.691443025960783,0.91924115616592394
3FKY,6725,16.691637727202316,0.91924651750203401
3FKY,6726,16.692930530202105,0.91928211561602879
3FKY,6727,16.693811277832427,0.91930636674629129
3FKY,6728,16.69473026666348,0.91933167015492234
3FKY,6729,16.695716460917939,0.91935882322081985
3FKY,6730,16.696285304138776,0.91937448492005991
3FKY,6731,16.69688853070344,0.91939109298864852
3FKY,6732,16.697321779226588,0.91940302102687588
3FKY,6733,16.699045780276034,0.91945048405364072
3FKY,6734,16.699581324745687,0.91946522749109461
3FKY,6735,16.700504805997667,0.91949065019913712
3FKY,6736,16.70144555036131,0.91951654742426547
3FKY,6737,16.702318713461533,0.91954058358997404
3FKY,6738,16.702988710773102,0.9195590266442325
3FKY,6739,16.703218250956482,0.91956534512489752
3FKY,6740,16.703758603054013,0.91958021905628728
3FKY,6741,16.704986721899697,0.9196140238144328
3FKY,6742,16.705649094840989,0.91963225553822614
3FKY,6743,16.706215924873273,0.91964785716963948
3FKY,6744,16.708078142541208,0.91969911164801543
3FKY,6745,16.708367128788833,0.91970706526313828
3FKY,6746,16.708617445694461,0.91971395454689175
3FKY,6747,16.709412228893989,0.91973582842453094
3FKY,6748,16.710454592757745,0.9197645153833458
3FKY,6749,16.711221816012486,0.9197856296092215
3FKY,6750,16.713140853029074,0.91983843999073933
3FKY,6751,16.713706862468403,0.91985401554402269
3FKY,6752,16.714807334150837,0.91988429777412017
3FKY,6753,16.715368500863402,0.91989973929565261
3FKY,6754,16.71539475421724,0.91990046169802953
3FKY,6755,16.717644718230474,0.91996237089373267
3FKY,6756,16.717832233768828,0.91996753031536216
3FKY,6757,16.718578404423663,0.91998806064206506
3FKY,6758,16.719444015844292,0.9200118767179678
3FKY,6759,16.719940796951445,0.92002554467018305
3FKY,6760,16.721511856195679,0.92006876792982517
3FKY,6761,16.722135941307595,0.92008593730623711
3FKY,6762,16.723294740455465,0.92011781649719082
3FKY,6763,16.724194616266491,0.92014257180531056
3FKY,6764,16.7243790943138,0.92014764665766335
3FKY,6765,16.726045489877603,0.92019348667823853
3FKY,6766,16.727257912597331,0.92022683715768683
3FKY,6767,16.728119113643153,0.92025052574186805
3FKY,6768,16.728425176958691,0.92025894431053146
3FKY,6769,16.729931717162454,0.92030038203911946
3FKY,6770,16.730988312828952,0.92032944282847196
3FKY,6771,16.731360870692466,0.92033968950535117
3FKY,6772,16.73196709914723,0.92035636271735988
3FKY,6773,16.733744279858374,0.92040523910277161
3FKY,6774,16.734204734370923,0.92041790219308972
3FKY,6775,16.734602163182654,0.92042883185563129
3FKY,6776,16.735187590217947,0.9204449314080575
3FKY,6777,16.736051296616431,0.9204686832756489
3FKY,6778,16.737171267971672,0.92049948149961824
3FKY,6779,16.738765193162941,0.92054331125910305
3FKY,6780,16.739286653364335,0.92055764992018263
3FKY,6781,16.740246903464218,0.92058405346164673
3FKY,6782,16.742204936810644,0.9206378902293989
3FKY,6783,16.742754064350041,0.92065298810557339
3FKY,6784,16.743202542093087,0.92066531850258304
3FKY,6785,16.743885113839102,0.92068408473705277
3FKY,6786,16.744391980887766,0.920698020000284
3FKY,6787,16.744682196763971,0.92070599879178361
3FKY,6788,16.745873510055976,0.92073875037742603
3FKY,6789,16.746927792231169,0.92076773373185861
3FKY,6790,16.748146499757929,0.92080123617979848
3FKY,6791,16.748499464011971,0.92081093899106459
3FKY,6792,16.749832530272922,0.92084758339535577
3FKY,6793,16.750558452433463,0.92086753751798855
3FKY,6794,16.751923102585899,0.92090504780265547
3FKY,6795,16.752548332856161,0.92092223306359766
3FKY,6796,16.753448579824997,0.92094697695016114
3FKY,6797,16.754041232907102,0.92096326605132428
3FKY,6798,16.755172259718343,0.92099435158324461
3FKY,6799,16.756440455048008,0.92102920585441017
3FKY,6800,16.756556526130886,0.92103239581209961
3FKY,6801,16.758362208810695,0.92108201959491176
3FKY,6802,16.758794031309144,0.92109388654741675
3FKY,6803,16.760204420476821,0.92113264451252574
3FKY,6804,16.761174180521053,0.92115929289611931
3FKY,6805,16.761630275667805,0.92117182583146928
3FKY,6806,16.763456455530232,0.92122200530665688
3FKY,6807,16.764135837884346,0.92124067256764941
3FKY,6808,16.765958156855419,0.92129074221485896
3FKY,6809,16.766462342645482,0.92130459463546999
3FKY,6810,16.766647427698476,0.9213096797642123
3FKY,6811,16.766979447799915,0.92131880179711445
3FKY,6812,16.768177287242434,0.92135171089364576
3FKY,6813,16.769010617631633,0.92137460487990508
3FKY,6814,16.770292640417384,0.92140982462806964
3FKY,6815,16.770639413963604,0.92141935096453653
3FKY,6816,16.771371627005848,0.92143946551966782
3FKY,6817,16.771544505854017,0.92144421459405756
3FKY,6818,16.773304726167922,0.92149256739392693
3FKY,6819,16.773900575917054,0.92150893465869388
3FKY,6820,16.775422974882314,0.92155075177844503
3FKY,6821,16.776341524553708,0.92157598150154252
3FKY,6822,16.777497904723905,0.92160774271196721
3FKY,6823,16.778457517653568,0.92163409866997204
3FKY,6824,16.778920816283033,0.92164682298824674
3FKY,6825,16.780178983988009,0.92168137719300425
3FKY,6826,16.780968182939546,0.92170305102094274
3FKY,6827,16.78249845613426,0.92174507557230645
3FKY,6828,16.783445039887582,0.92177106981305768
3FKY,6829,16.784339715854998,0.92179563793454755
3FKY,6830,16.784686009538373,0.92180514710695782
3FKY,6831,16.785428207044426,0.92182552740831836
3FKY,6832,16.786373484934387,0.92185148352367663
3FKY,6833,16.787889066429024,0.92189309791752383
3FKY,6834,16.788156760067771,0.92190044797604431
3FKY,6835,16.789781348611783,0.92194505301209317
3FKY,6836,16.791173681520082,0.92198327947254788
3FKY,6837,16.79205728762884,0.92200753803112157
3FKY,6838,16.792537552270481,0.92202072296868309
3FKY,6839,16.793579809023985,0.92204933589902838
3FKY,6840,16.79425973164351,0.92206800124201937
3FKY,6841,16.79555506234853,0.92210355981928327
3FKY,6842,16.795967341121457,0.92211487714073548
3FKY,6843,16.797667253838625,0.92216153938753076
3FKY,6844,16.798892293408674,0.92219516500240573
3FKY,6845,16.799393455772844,0.92220892085172346
3FKY,6846,16.799870865907788,0.92222202456164648
3FKY,6847,16.801006700970888,0.92225319963481356
3FKY,6848,16.80120542688206,0.92225865392302186
3FKY,6849,16.801460966184209,0.92226566748040439
3FKY,6850,16.802712541044393,0.92230001755956426
3FKY,6851,16.803415453860151,0.92231930878176349
3FKY,6852,16.804530166225202,0.92234990088639945
3FKY,6853,16.804809738948293,0.92235757330563362
3FKY,6854,16.806806440583742,0.92241236768299684
3FKY,6855,16.807154809216115,0.92242192743698681
3FKY,6856,16.808299011384047,0.92245332535110813
3FKY,6857,16.809523479339941,0.92248692464532234
3FKY,6858,16.810126036092274,0.92250345830092773
3FKY,6859,16.810351001704184,0.92250963109404682
3FKY,6860,16.810922310709724,0.92252530695893642
3FKY,6861,16.811158474460743,0.92253178686133908
3FKY,6862,16.812521914802293,0.92256919628657996
3FKY,6863,16.814050792504915,0.92261114309906389
3FKY,6864,16.814386862347732,0.92262036337073861
3FKY,6865,16.815395043058231,0.92264802284230951
3FKY,6866,16.817050946774366,0.92269345081692877
3FKY,6867,16.818404080166193,0.92273057094604471
3FKY,6868,16.819833894665802,0.92276979302394602
3FKY,6869,16.820320466882535,0.9227831400908495
3FKY,6870,16.821047264539164,0.92280307637507097
3FKY,6871,16.821140888771549,0.92280564448537039
3FKY,6872,16.822073828437162,0.92283123460610683
3FKY,6873,16.822488167157655,0.92284259950565595
3FKY,6874,16.823984676935876,0.9228836461168215
3FKY,6875,16.824431487547741,0.92289590098618624
3FKY,6876,16.825396734800247,0.92292237468774296
3FKY,6877,16.826274890133071,0.9229464590716987
3FKY,6878,16.827146496999305,0.92297036323523951
3FKY,6879,16.827459775953617,0.92297895488339921
3FKY,6880,16.82926967708493,0.92302858969937918
3FKY,6881,16.830220341344553,0.92305465969278755
3FKY,6882,16.83102925712172,0.92307684194859274
3FKY,6883,16.831392839809062,0.9230868120146305
3FKY,6884,16.832950576354751,0.92312952662557557
3FKY,6885,16.833353921240089,0.92314058640208185
3FKY,6886,16.835056936571217,0.92318728187400734
3FKY,6887,16.835329043371104,0.92319474263053636
3FKY,6888,16.836515329596526,0.92322726809861078
3FKY,6889,16.837273934538992,0.92324806684662852
3FKY,6890,16.83770592166637,0.92325991047178047
3FKY,6891,16.840458018274614,0.92333536008058981
3FKY,6892,16.841264940613836,0.92335748094580117
3FKY,6893,16.841844027070138,0.92337335562080503
3FKY,6894,16.843058605119452,0.92340665033568614
3FKY,6895,16.843382053761641,0.92341551669423616
3FKY,6896,16.844753394317824,0.92345310686972071
3FKY,6897,16.8458412208333,0.92348292447921632
3FKY,6898,16.846144294380274,0.92349123163298164
3FKY,6899,16.847777149404443,0.92353598640691847
3FKY,6900,16.848811246116746,0.92356432874741345
3FKY,6901,16.849449687233271,0.92358182659479848
3FKY,6902,16.850459409930959,0.92360949953308447
3FKY,6903,16.85124278334693,0.92363096846464521
3FKY,6904,16.852006081210654,0.92365188673075815
3FKY,6905,16.853004146871502,0.92367923812077202
3FKY,6906,16.85382744110775,0.92370179939528096
3FKY,6907,16.855637861467528,0.9237514095993542
3FKY,6908,16.857068534304894,0.9237906118537822
3FKY,6909,16.858003713271305,0.92381623604716956
3FKY,6910,16.85840195619555,0.92382714781088782
3FKY,6911,16.860309753840248,0.92387941923617001
3FKY,6912,16.861848529455891,0.92392157773466055
3FKY,6913,16.862194426049697,0.9239310541478547
3FKY,6914,16.863771134145463,0.92397424946051065
3FKY,6915,16.864196203887257,0.9239858942764182
3FKY,6916,16.864870453110605,0.92400436508099049
3FKY,6917,16.865153841103531,0.92401212827855583
3FKY,6918,16.866330762083621,0.92404436843177795
3FKY,6919,16.868425612694502,0.92410175123882277
3FKY,6920,16.870630287526527,0.92416213853740536
3FKY,6921,16.871285529613402,0.9241800852305132
3FKY,6922,16.871790995463353,0.92419392940298639
3FKY,6923,16.87232677476274,0.92420860360221913
3FKY,6924,16.872891308125173,0.92422406508045263
3FKY,6925,16.874877153684874,0.92427845149895005
3FKY,6926,16.875524243143371,0.92429617266822728
3FKY,6927,16.876250788793868,0.92431606941710676
3FKY,6928,16.877788549555426,0.92435818021005445
3FKY,6929,16.878953621039084,0.92439008382019316
3FKY,6930,16.880525391152144,0.92443312247402598
3FKY,6931,16.881056470325746,0.92444766418128888
3FKY,6932,16.882326182211497,0.92448242978136519
3FKY,6933,16.884014878118226,0.92452866543159984
3FKY,6934,16.885097430022263,0.92455830394566085
3FKY,6935,16.885708057829142,0.92457502152480864
3FKY,6936,16.886587437676155,0.92459909638305149
3FKY,6937,16.887407126270777,0.92462153650423806
3FKY,6938,16.88836162095906,0.92464766644438812
3FKY,6939,16.890443021813663,0.92470464364537319
3FKY,6940,16.890743621016764,0.92471287209272346
3FKY,6941,16.892006632175612,0.92474744430784483
3FKY,6942,16.892272533091717,0.92475472260906466
3FKY,6943,16.894237522553134,0.92480850697820272
3FKY,6944,16.895482514213406,0.92484258243338557
3FKY,6945,16.896394576675196,0.92486754481070521
3FKY,6946,16.897818124404122,0.92490650476032366
3FKY,6947,16.898330772012574,0.92492053460453383
3FKY,6948,16.898725028841941,0.92493132425338664
3FKY,6949,16.899250588402236,0.92494570707575208
3FKY,6950,16.899359196422637,0.92494867928923286
3FKY,6951,16.900133169603574,0.92496985989338099
3FKY,6952,16.901983273471355,0.92502048799985359
3FKY,6953,16.903435053394823,0.92506021402831562
3FKY,6954,16.904554546373245,0.92509084630113247
3FKY,6955,16.906176484123321,0.92513522498537659
3FKY,6956,16.907239474601212,0.92516430886717982
3FKY,6957,16.909298092200682,0.92522063094035012
3FKY,6958,16.909571556410654,0.92522811243675973
3FKY,6959,16.910095784974075,0.92524245423257168
3FKY,6960,16.91102039664019,0.92526774912989895
3FKY,6961,16.91256382618192,0.92530997168541285
3FKY,6962,16.913265423560127,0.92532916417225908
3FKY,6963,16.915023719080288,0.92537726132558473
3FKY,6964,16.915624904091121,0.9253937058191033
3FKY,6965,16.915846018601552,0.92539975399375574
3FKY,6966,16.917365895332431,0.9254413263147504
3FKY,6967,16.918640574633923,0.92547619045053897
3FKY,6968,16.919076911283284,0.92548812452333296
3FKY,6969,16.920214164906788,0.92551922837853906
3FKY,6970,16.920836934063594,0.92553626065485373
3FKY,6971,16.922363589719332,0.92557801223318903
3FKY,6972,16.923005398327597,0.92559556410471999
3FKY,6973,16.924461132829478,0.92563537359453396
3FKY,6974,16.924595322108811,0.92563904313817635
3FKY,6975,16.925987147877283,0.92567710318516983
3FKY,6976,16.927133400966333,0.92570844677140141
3FKY,6977,16.92808688810414,0.92573451848263277
3FKY,6978,16.929600003142561,0.92577589089319678
3FKY,6979,16.929626945488817,0.92577662754866064
3FKY,6980,16.93124771843382,0.92582094151391514
3FKY,6981,16.932572652283213,0.92585716529162199
3FKY,6982,16.933201000284583,0.92587434387146039
3FKY,6983,16.934059658287627,0.92589781844478458
3FKY,6984,16.93520141340818,0.92592903159680062
3FKY,6985,16.936630605885178,0.9259681011908224
3FKY,6986,16.936944553347399,0.9259766832988896
3FKY,6987,16.938758216985924,0.92602626028364465
3FKY,6988,16.939786626581189,0.92605437095813803
3FKY,6989,16.940922774309936,0.92608542556798745
3FKY,6990,16.941234733269475,0.92609395223798274
3FKY,6991,16.942115366827284,0.92611802187714232
3FKY,6992,16.943143866222911,0.92614613222079312
3FKY,6993,16.94376228240273,0.92616303399921884
3FKY,6994,16.944578837187272,0.92618535058194795
3FKY,6995,16.946430078268214,0.92623594332779391
3FKY,6996,16.94698539360239,0.92625111905525981
3FKY,6997,16.947848246660907,0.92627469871912649
3FKY,6998,16.949183130947702,0.92631117665945684
3FKY,6999,16.949715282420868,0.92632571818586384
3FKY,7000,16.950625620910202,0.92635059348962423
3FKY,7001,16.951750204509565,0.92638132219043412
3FKY,7002,16.952497718665548,0.92640174708786227
3FKY,7003,16.953645074966659,0.92643309630009818
3FKY,7004,16.954056455483816,0.92644433619018274
3FKY,7005,16.95464376392329,0.92646038261148356
3FKY,7006,16.956240032857167,0.92650399441308084
3FKY,7007,16.956836718650163,0.92652029599014429
3FKY,7008,16.957166484126258,0.92652930512687615
3FKY,7009,16.957669101028074,0.92654303636665813
3FKY,7010,16.958218609574303,0.92655804842961631
3FKY,7011,16.958838788524361,0.92657499085019879
3FKY,7012,16.960440582696307,0.92661874819097012
3FKY,7013,16.960541979144349,0.92662151803969173
3FKY,7014,16.961778583670025,0.9266552977231044
3FKY,7015,16.964045206609537,0.92671721068760116
3FKY,7016,16.964745408093542,0.92673633590398052
3FKY,7017,16.965397410318534,0.92675414425691982
3FKY,7018,16.965842473115494,0.92676630020813322
3FKY,7019,16.966571680571271,0.92678621662653171
3FKY,7020,16.967123929922309,0.92680129960651059
3FKY,7021,16.968268719490371,0.92683256520484869
3FKY,7022,16.968920447402958,0.92685036421731792
3FKY,7023,16.970108163842145,0.92688280046320237
3FKY,7024,16.971042007863783,0.92690830271829172
3FKY,7025,16.971184422994195,0.9269121918575034
3FKY,7026,16.972680498139571,0.92695304639356768
3FKY,7027,16.973614747580164,0.92697855778666516
3FKY,7028,16.975103071512525,0.92701919774906594
3FKY,7029,16.975442545832365,0.9270284671372091
3FKY,7030,16.976562561338213,0.92705904864131883
3FKY,7031,16.977252972080638,0.92707789948395503
3FKY,7032,16.978509178603943,0.92711219772302889
3FKY,7033,16.979471770660695,0.92713847854012488
3FKY,7034,16.979791445027324,0.92714720616766599
3FKY,7035,16.981654408309172,0.92719806644570391
3FKY,7036,16.982968782217913,0.92723394814889182
3FKY,7037,16.984357406809099,0.9272718553475624
3FKY,7038,16.985048000179418,0.92729070684930459
3FKY,7039,16.985285363836098,0.92729718620526536
3FKY,7040,16.986832433685091,0.92733941572398815
3FKY,7041,16.988040863173385,0.92737240022450118
3FKY,7042,16.98833133098362,0.92738032846887908
3FKY,7043,16.98948957462731,0.92741194175808828
3FKY,7044,16.990463207635624,0.92743851542113209
3FKY,7045,16.991307088399864,0.92746154710060247
3FKY,7046,16.991663543769523,0.92747127551387387
3FKY,7047,16.992945713618173,0.92750626776961465
3FKY,7048,16.993616777143764,0.9275245815302704
3FKY,7049,16.993740770077604,0.92752796533860837
3FKY,7050,16.99564034302886,0.92757980377207239
3FKY,7051,16.996607323678916,0.92760619109687115
3FKY,7052,16.997379679854095,0.9276272668979787
3FKY,7053,16.99795698197574,0.92764301981555486
3FKY,7054,16.998913913664865,0.92766913114498095
3FKY,7055,16.999832765769572,0.92769420272365866
3FKY,7056,17.001042999744548,0.92772722384441642
3FKY,7057,17.001563740434072,0.92774143184374103
3FKY,7058,17.002521106506144,0.92776755225480578
3FKY,7059,17.003705459687421,0.92779986467808662
3FKY,7060,17.005058821696057,0.92783678675096892
3FKY,7061,17.005801080923042,0.92785703625166793
3FKY,7062,17.006426894852243,0.92787410867633047
3FKY,7063,17.007017673689333,0.92789022504309349
3FKY,7064,17.008104959572048,0.92791988532326153
3FKY,7065,17.008642666594373,0.927934553185913
3FKY,7066,17.010617976161186,0.92798843475722259
3FKY,7067,17.011223971315957,0.92800496418277323
3FKY,7068,17.011636588818881,0.92801621877473439
3FKY,7069,17.013322013061778,0.92806218913995875
3FKY,7070,17.014278881861301,0.92808828696101353
3FKY,7071,17.015138861961251,0.92811174159515319
3FKY,7072,17.015305302533207,0.92811628093722387
3FKY,7073,17.016218598940021,0.9281411889208121
3FKY,7074,17.017970159159763,0.92818895668256196
3FKY,7075,17.018012398824865,0.92819010859333595
3FKY,7076,17.019760863442013,0.92823778942238278
3FKY,7077,17.020193353563084,0.92824958309935768
3FKY,7078,17.020826756008923,0.92826685523234731
3FKY,7079,17.021191164840108,0.92827679208306757
3FKY,7080,17.02402741687164,0.92835412854100396
3FKY,7081,17.02408262358842,0.92835563380590513
3FKY,7082,17.024667661059901,0.92837158527238295
3FKY,7083,17.025716993962135,0.9284001954003096
3FKY,7084,17.027064354058677,0.92843692996574645
3FKY,7085,17.027457861196037,0.9284476583109299
3FKY,7086,17.030916887577845,0.92854195782076987
3FKY,7087,17.031126149916663,0.92854766239516806
3FKY,7088,17.031681534965298,0.92856280224205523
3FKY,7089,17.032799598384639,0.92859328000380359
3FKY,7090,17.033481102968192,0.92861185693365167
3FKY,7091,17.034979797904899,0.92865270810402289
3FKY,7092,17.03548654972332,0.92866652065192012
3FKY,7093,17.037139121502527,0.92871156341787064
3FKY,7094,17.03879262805307,0.92875662947576665
3FKY,7095,17.038969721052009,0.9287614559876276
3FKY,7096,17.041208910828207,0.92882248094599762
3FKY,7097,17.041585409047062,0.92883274131191551
3FKY,7098,17.042467519185742,0.92885678021898421
3FKY,7099,17.04269229422896,0.92886290559766727
3FKY,7100,17.042998849897447,0.92887125952742144
3FKY,7101,17.043577995245165,0.9288870415767928
3FKY,7102,17.045058329982297,0.92892738034539268
3FKY,7103,17.045201612121215,0.92893128465653285
3FKY,7104,17.046612976300068,0.92896974220110695
3FKY,7105,17.047942919490854,0.92900597968970278
3FKY,7106,17.049021095003791,0.92903535612729349
3FKY,7107,17.04958227031852,0.92905064578572638
3FKY,7108,17.050642765338907,0.92907953911130892
3FKY,7109,17.051312294728618,0.92909778006442167
3FKY,7110,17.051838546025518,0.92911211723480491
3FKY,7111,17.052773292169302,0.92913758287783788
3FKY,7112,17.053316187633957,0.92915237286409014
3FKY,7113,17.054006618963541,0.92917118179861202
3FKY,7114,17.055264969198802,0.92920546116867475
3FKY,7115,17.055976475650315,0.92922484312452458
3FKY,7116,17.056997454365195,0.92925265462480022
3FKY,7117,17.057678854197693,0.92927121551986014
3FKY,7118,17.058291321676116,0.92928789842537673
3FKY,7119,17.059128818469418,0.92931071038432256
3FKY,7120,17.060916562326035,0.92935940355050772
3FKY,7121,17.061512526107695,0.9293756353779683
3FKY,7122,17.062234662543275,0.92939530329739317
3FKY,7123,17.062875118518779,0.92941274624087933
3FKY,7124,17.063333887402361,0.92942524069972654
3FKY,7125,17.064638691164472,0.92946077579433195
3FKY,7126,17.066539111118423,0.92951252950155017
3FKY,7127,17.067770528596988,0.92954606287704888
3FKY,7128,17.068283484238677,0.92956003108437435
3FKY,7129,17.068682817990624,0.92957090512815388
3FKY,7130,17.070003724908162,0.92960687313158119
3FKY,7131,17.071040406311042,0.92963510076238876
3FKY,7132,17.072155061640807,0.92966545057647809
3FKY,7133,17.072864750104383,0.92968477344422207
3FKY,7134,17.073146646262185,0.92969244859094291
3FKY,7135,17.074290563713635,0.92972359321897546
3FKY,7136,17.074618311042208,0.92973251637044074
3FKY,7137,17.075309432184273,0.9297513323487786
3FKY,7138,17.075856171703222,0.92976621722477937
3FKY,7139,17.076587924174017,0.92978613866916171
3FKY,7140,17.077316328233803,0.92980596853151898
3FKY,7141,17.078528834468951,0.92983897651420855
3FKY,7142,17.079950494943326,0.92987767679760225
3FKY,7143,17.081293222133059,0.92991422688895675
3FKY,7144,17.08238683588533,0.92994399485490242
3FKY,7145,17.08363860088323,0.92997806649926629
3FKY,7146,17.083882437625405,0.92998470331763317
3FKY,7147,17.084296839613835,0.92999598252113458
3FKY,7148,17.085617750283866,0.93003193418727348
3FKY,7149,17.086625238235101,0.93005935438855303
3FKY,7150,17.087427135405019,0.93008117856984895
3FKY,7151,17.088611674164223,0.93011341566744632
3FKY,7152,17.088693525850413,0.93011564321119622
3FKY,7153,17.089913809285932,0.93014885184850937
3FKY,7154,17.09189678992864,0.93020281390142945
3FKY,7155,17.091997819661927,0.93020556309903091
3FKY,7156,17.093558964237637,0.9302480435693109
3FKY,7157,17.094131257254972,0.93026361580926786
3FKY,7158,17.094520534787272,0.9302742080019234
3FKY,7159,17.095830493865069,0.93030985093780394
3FKY,7160,17.096192978173747,0.93031971360390175
3FKY,7161,17.097047472212466,0.9303429627189943
3FKY,7162,17.098080106764566,0.93037105791450558
3FKY,7163,17.098731061271767,0.93038876819149263
3FKY,7164,17.100295485192468,0.93043132951221541
3FKY,7165,17.100890554917545,0.9304475183172346
3FKY,7166,17.101369646442443,0.93046055174367748
3FKY,7167,17.102924990537275,0.93050286278224281
3FKY,7168,17.103437792565384,0.9305168124481269
3FKY,7169,17.104898273686736,0.93055654052045178
3FKY,7170,17.106797656034583,0.93060820506631625
3FKY,7171,17.107202051180316,0.93061920453051228
3FKY,7172,17.107965639822357,0.93063997362890383
3FKY,7173,17.1087522849419,0.93066136936330601
3FKY,7174,17.110428236108266,0.93070695143690696
3FKY,7175,17.110815229724466,0.93071747646898784
3FKY,7176,17.111296705889526,0.93073057096866507
3FKY,7177,17.111855510803082,0.93074576831399347
3FKY,7178,17.113498570447859,0.93079045178220599
3FKY,7179,17.114974715949408,0.93083059414425073
3FKY,7180,17.115234573208109,0.93083766053413441
3FKY,7181,17.116260391760889,0.93086555545518768
3FKY,7182,17.117170342534553,0.93089029890251385
3FKY,7183,17.119221930729655,0.9309460834243779
3FKY,7184,17.119359346125755,0.93094981975271707
3FKY,7185,17.120356224007384,0.93097692444032898
3FKY,7186,17.120761424790572,0.93098794145253172
3FKY,7187,17.122175580552039,0.93102638994039644
3FKY,7188,17.123683057659743,0.93106737392845229
3FKY,7189,17.123853628107497,0.93107201113713112
3FKY,7190,17.1244251092265,0.93108754752417966
3FKY,7191,17.126079350358186,0.93113251855570112
3FKY,7192,17.126577384283053,0.93114605732899358
3FKY,7193,17.128092336414628,0.93118723924406888
3FKY,7194,17.128449233865034,0.93119694075121273
3FKY,7195,17.129570557052421,0.93122742090789989
3FKY,7196,17.130704340152509,0.93125823873951352
3FKY,7197,17.131656769152851,0.93128412632148039
3FKY,7198,17.132294500251028,0.93130145982662804
3FKY,7199,17.133300668823548,0.93132880679123864
3FKY,7200,17.134370101066498,0.93135787233828204
3FKY,7201,17.134894676077682,0.93137212916021528
3FKY,7202,17.137228944988301,0.931435566928831
3FKY,7203,17.137313969944397,0.93143787754655716
3FKY,7204,17.138779134075161,0.93147769359365507
3FKY,7205,17.139835877144865,0.93150640968297094
3FKY,7206,17.140379191177889,0.93152117343267116
3FKY,7207,17.142123661950176,0.93156857524619607
3FKY,7208,17.143009975765043,0.93159265777651201
3FKY,7209,17.143622841993547,0.93160930994485203
3FKY,7210,17.144394908104594,0.93163028730435515
3FKY,7211,17.146448845346615,0.93168609133960589
3FKY,7212,17.146913476759202,0.93169871458585518
3FKY,7213,17.148665648853722,0.93174631658688067
3FKY,7214,17.149367010277253,0.93176537008803129
3FKY,7215,17.149828306628528,0.93177790166062069
3FKY,7216,17.150576434679227,0.93179822494230791
3FKY,7217,17.151846067947123,0.93183271416591895
3FKY,7218,17.152058724142304,0.93183849078566405
3FKY,7219,17.153555156259127,0.93187913904412423
3FKY,7220,17.154685237966092,0.93190983478662426
3FKY,7221,17.155484004171115,0.93193153059179323
3FKY,7222,17.155909488494181,0.9319430872403196
3FKY,7223,17.157392654919764,0.93198337064312109
3FKY,7224,17.158541561000412,0.93201457420238121
3FKY,7225,17.159653884328467,0.9320447832020351
3FKY,7226,17.160902005556412,0.9320786790991914
3FKY,7227,17.16193682321213,0.93210678126227264
3FKY,7228,17.162617607359103,0.93212526860532785
3FKY,7229,17.163765523209147,0.93215644052512081
3FKY,7230,17.164872021931799,0.93218648676662186
3FKY,7231,17.16590349759208,0.93221449493429298
3FKY,7232,17.166031760813038,0.93221797767000825
3FKY,7233,17.167089538331226,0.93224669904377688
3FKY,7234,17.16850363420162,0.93228509399295734
3FKY,7235,17.169647068501,0.93231613889434695
3FKY,7236,17.17019110056841,0.93233090931614815
3FKY,7237,17.170583775259786,0.93234157025337383
3FKY,7238,17.171359084030836,0.93236261917188701
3FKY,7239,17.173413773117055,0.93241839978844854
3FKY,7240,17.17386107765056,0.93243054275160875
3FKY,7241,17.175776598793192,0.93248254155984356
3FKY,7242,17.176255893353307,0.93249555205427714
3FKY,7243,17.177292314851609,0.93252368518947704
3FKY,7244,17.178320553799775,0.93255159537481547
3FKY,7245,17.179973734032949,0.93259646701315468
3FKY,7246,17.180510919029619,0.9326110471551764
3FKY,7247,17.181105175336743,0.93262717604701106
3FKY,7248,17.181409877825164,0.93263544596208603
3FKY,7249,17.182165329091792,0.93265594931103712
3FKY,7250,17.183347262168418,0.93268802669878648
3FKY,7251,17.185732342453029,0.93275275386175338
3FKY,7252,17.186917323856353,0.9327849106413697
3FKY,7253,17.188724548570679,0.93283395107135259
3FKY,7254,17.189445481291944,0.93285351341483669
3FKY,7255,17.190510947841545,0.93288242385333764
3FKY,7256,17.19083169909106,0.93289112696310106
3FKY,7257,17.191875994454975,0.93291946180754703
3FKY,7258,17.193173441718461,0.93295466421846951
3FKY,7259,17.193419592564226,0.93296134264693098
3FKY,7260,17.194960265590272,0.93300314224846403
3FKY,7261,17.195652484629559,0.93302192205455248
3FKY,7262,17.196349766573473,0.93304083883439004
3FKY,7263,17.197320644779495,0.93306717745399337
3FKY,7264,17.197611793202746,0.93307507577412507
3FKY,7265,17.199000043366606,0.93311273552311691
3FKY,7266,17.200311707402626,0.93314831628592565
3FKY,7267,17.200844894116464,0.93316277935022995
3FKY,7268,17.202501478505429,0.9332077139358298
3FKY,7269,17.203427563553067,0.93323283290124004
3FKY,7270,17.204980315740372,0.93327494795711541
3FKY,7271,17.205628270044059,0.93329252175884303
3FKY,7272,17.206041606392862,0.93330373208491924
3FKY,7273,17.207624061772382,0.93334664949697388
3FKY,7274,17.207786880422244,0.93335106515253741
3FKY,7275,17.20906456034859,0.93338571521512348
3FKY,7276,17.210037561560366,0.93341210167534983
3FKY,7277,17.211390061171961,0.93344877837342022
3FKY,7278,17.211967170778397,0.9334644278282147
3FKY,7279,17.212814817553358,0.9334874129513685
3FKY,7280,17.214586631594994,0.93353545632959045
3FKY,7281,17.215310185406363,0.9335550750417444
3FKY,7282,17.216002403114352,0.9335738437090364
3FKY,7283,17.216887027665862,0.93359782871190544
3FKY,7284,17.218290856360991,0.93363588973607659
3FKY,7285,17.218555884854812,0.93364307509388988
3FKY,7286,17.220572224817541,0.93369773957174595
3FKY,7287,17.220847257146371,0.93370519565494281
3FKY,7288,17.222362423993964,0.93374627052250891
3FKY,7289,17.222701155234621,0.93375545298742568
3FKY,7290,17.225333236636203,0.93382680144912722
3FKY,7291,17.225642591126626,0.9338351868374769
3FKY,7292,17.226750339074698,0.93386521292724933
3FKY,7293,17.227477514204988,0.93388492286610336
3FKY,7294,17.228222678358392,0.93390511996235115
3FKY,7295,17.229066846374558,0.93392799995380382
3FKY,7296,17.229838847475872,0.93394892347144232
3FKY,7297,17.231055850092407,0.9339819068969849
3FKY,7298,17.231666906309403,0.93399846741411396
3FKY,7299,17.232481056257278,0.93402053161213994
3FKY,7300,17.232983113751899,0.93403413756333864
3FKY,7301,17.234154965831898,0.93406589443424159
3FKY,7302,17.234909578903348,0.93408634367063847
3FKY,7303,17.235306703321527,0.9340971051532343
3FKY,7304,17.236851995351536,0.93413897909501209
3FKY,7305,17.238305818974972,0.93417837273489046
3FKY,7306,17.239045588276912,0.93419841731107578
3FKY,7307,17.24100064921392,0.93425138900964688
3FKY,7308,17.241781048553786,0.93427253282060874
3FKY,7309,17.243206708157558,0.93431115780583318
3FKY,7310,17.243314201258872,0.9343140700207454
3FKY,7311,17.244076156846223,0.93433471274503133
3FKY,7312,17.245467494009581,0.93437240535250998
3FKY,7313,17.246462328989718,0.93439935541774877
3FKY,7314,17.247764828798978,0.93443463894375633
3FKY,7315,17.248812495134569,0.93446301829777489
3FKY,7316,17.248949883159579,0.93446673982274708
3FKY,7317,17.249570637381698,0.934483554439268
3FKY,7318,17.251340313691017,0.93453148870469194
3FKY,7319,17.252481602520007,0.93456240087410714
3FKY,7320,17.253310068001561,0.93458483948359605
3FKY,7321,17.254492036706512,0.93461685163400909
3FKY,7322,17.255035446342468,0.93463156883934095
3FKY,7323,17.256430233202046,0.93466934289932369
3FKY,7324,17.256851889144425,0.93468076201874206
3FKY,7325,17.258146118433682,0.93471581095309675
3FKY,7326,17.258773939250013,0.93473281245205675
3FKY,7327,17.259321595918877,0.93474764283917477
3FKY,7328,17.259414808286724,0.93475016698020197
3FKY,7329,17.261427424451554,0.93480466588633371
3FKY,7330,17.261983190828868,0.93481971472349235
3FKY,7331,17.262507695212779,0.93483391683771677
3FKY,7332,17.264535228864787,0.93488881475888874
3FKY,7333,17.26543483490369,0.93491317164590182
3FKY,7334,17.267069082581486,0.9349574173756191
3FKY,7335,17.267296139169911,0.93496356455504559
3FKY,7336,17.268530380891953,0.93499697888958722
3FKY,7337,17.269537334985213,0.93502423903534515
3FKY,7338,17.270703698035074,0.93505581368869406
3FKY,7339,17.272014371359305,0.93509129369814192
3FKY,7340,17.272698394017965,0.93510980969999424
3FKY,7341,17.273243032107459,0.93512455239954007
3FKY,7342,17.27439100588391,0.93515562591093515
3FKY,7343,17.275457482697288,0.93518449252623426
3FKY,7344,17.276927694271585,0.93522428567830673
3FKY,7345,17.278034382582501,0.93525423849252831
3FKY,7346,17.278783803207432,0.93527452121683297
3FKY,7347,17.279752635412027,0.93530074156269849
3FKY,7348,17.280717167118251,0.93532684479029116
3FKY,7349,17.281513457944005,0.9353483943474834
3FKY,7350,17.282382155681073,0.93537190284472116
3FKY,7351,17.284669233315906,0.93543379238544599
3FKY,7352,17.285645478080344,0.93546020884258752
3FKY,7353,17.286032273336659,0.93547067502817449
3FKY,7354,17.286785192338492,0.93549104771886316
3FKY,7355,17.287941888242091,0.93552234505235421
3FKY,7356,17.288705732917808,0.93554301222817338
3FKY,7357,17.289765715288755,0.93557169117951267
3FKY,7358,17.290164469745765,0.93558247967823727
3FKY,7359,17.291016980029529,0.93560554434761389
3FKY,7360,17.292555048017491,0.93564715534537135
3FKY,7361,17.292866255823764,0.93565557455779536
3FKY,7362,17.29333490799884,0.93566825302424439
3FKY,7363,17.294106776945508,0.93568913405193832
3FKY,7364,17.294298315199114,0.93569431557905458
3FKY,7365,17.295426344713459,0.93572483065328504
3FKY,7366,17.296374654693913,0.93575048324533572
3FKY,7367,17.297930966629696,0.93579258128370968
3FKY,7368,17.298480832148638,0.93580745462275783
3FKY,7369,17.299155640810024,0.93582570723185821
3FKY,7370,17.300672821935272,0.93586674351131494
3FKY,7371,17.301869732860606,0.93589911594469843
3FKY,7372,17.302722790376681,0.93592218761113877
3FKY,7373,17.304120277104673,0.9359599825999102
3FKY,7374,17.304340379185003,0.9359659351152908
3FKY,7375,17.305647247195708,0.93600127771776187
3FKY,7376,17.306271521216843,0.93601815995289472
3FKY,7377,17.306942918705332,0.93603631620758043
3FKY,7378,17.30732398964135,0.93604662115494719
3FKY,7379,17.308502080674675,0.93607847845902081
3FKY,7380,17.30922767375575,0.93609809901734387
3FKY,7381,17.310339967087753,0.93612817542995541
3FKY,7382,17.310600649322787,0.93613522413803352
3FKY,7383,17.313084828537448,0.93620239235151947
3FKY,7384,17.313410281647268,0.93621119172353051
3FKY,7385,17.315164063521312,0.93625860781931747
3FKY,7386,17.315960425656797,0.93628013785879027
3FKY,7387,17.316141269700161,0.93628502699689209
3FKY,7388,17.317203545414525,0.93631374521930977
3FKY,7389,17.3182063171426,0.93634085396576816
3FKY,7390,17.31970962263885,0.93638149257986281
3FKY,7391,17.319874926459018,0.93638596110364003
3FKY,7392,17.320590088150798,0.93640529324253297
3FKY,7393,17.320713649810845,0.93640863330154855
3FKY,7394,17.32256027701689,0.93645854901537418
3FKY,7395,17.323467373757428,0.93648306754391986
3FKY,7396,17.323517689657969,0.93648442754748185
3FKY,7397,17.324712317167339,0.93651671691251537
3FKY,7398,17.325728861858558,0.93654419203345096
3FKY,7399,17.326796691266708,0.93657305240722
3FKY,7400,17.327014384539691,0.93657893592442165
3FKY,7401,17.327495637916112,0.93659194245386468
3FKY,7402,17.327824310025076,0.9366008251624699
3FKY,7403,17.329567121338723,0.93664792505923633
3FKY,7404,17.33052651656423,0.9366738519362352
3FKY,7405,17.331482966524458,0.93669969850550328
3FKY,7406,17.332506398697895,0.93672735437483667
3FKY,7407,17.332696499666685,0.93673249132056147
3FKY,7408,17.334347911562407,0.93677711491199811
3FKY,7409,17.335995137435759,0.9368216232734411
3FKY,7410,17.336408854883935,0.93683280166660443
3FKY,7411,17.337067223544476,0.93685059011132565
3FKY,7412,17.338362464238106,0.93688558519813625
3FKY,7413,17.338979335987393,0.93690225150992223
3FKY,7414,17.340192303908758,0.93693502196544065
3FKY,7415,17.340660812756639,0.93694767924671496
3FKY,7416,17.340886711955491,0.93695378210066838
3FKY,7417,17.342307488903671,0.93699216465547264
3FKY,7418,17.343600386562841,0.93702709116105265
3FKY,7419,17.344128526101613,0.93704135801676036
3FKY,7420,17.344661595883018,0.93705575783492079
3FKY,7421,17.346304217090047,0.93710012858295111
3FKY,7422,17.347252864922414,0.9371257526536646
3FKY,7423,17.347844374209917,0.93714172964625631
3FKY,7424,17.349863666399713,0.93719626979170467
3FKY,7425,17.350270842952305,0.93720726705700508
3FKY,7426,17.350770612462547,0.93722076495130879
3FKY,7427,17.351598700923315,0.93724312973435164
3FKY,7428,17.353049758601134,0.93728231821003782
3FKY,7429,17.353506508458885,0.9372946532391675
3FKY,7430,17.353798064905103,0.93730252695478256
3FKY,7431,17.355562457155003,0.93735017437106827
3FKY,7432,17.35589492881909,0.93735915249783874
3FKY,7433,17.357064821470271,0.93739074381334309
3FKY,7434,17.358678066571333,0.93743430549568318
3FKY,7435,17.359571577330836,0.93745843166637188
3FKY,7436,17.360922502370119,0.93749490755016229
3FKY,7437,17.361568778449072,0.93751235693668822
3FKY,7438,17.362243642355441,0.93753057784492777
3FKY,7439,17.363020759842609,0.93755155909796872
3FKY,7440,17.363917147629696,0.93757575992489983
3FKY,7441,17.364757032985256,0.93759843472292481
3FKY,7442,17.365479015264032,0.93761792599530724
3FKY,7443,17.366593817941201,0.93764802139890069
3FKY,7444,17.36826675121495,0.93769318237910682
3FKY,7445,17.3698661122021,0.93773635523543153
3FKY,7446,17.370231827100035,0.93774622699690957
3FKY,7447,17.37144531116147,0.93777898189154862
3FKY,7448,17.37238853907807,0.93780444112342931
3FKY,7449,17.373247092979057,0.93782761426717698
3FKY,7450,17.374152307164053,0.93785204619395068
3FKY,7451,17.374686994373004,0.93786647721844363
3FKY,7452,17.377278657147592,0.93793642216202311
3FKY,7453,17.377817008089583,0.93795095076157109
3FKY,7454,17.379066590937938,0.93798467267127195
3FKY,7455,17.379383772608673,0.93799323211221197
3FKY,7456,17.380089363742446,0.93801227286185418
3FKY,7457,17.38072907735862,0.93802953553781021
3FKY,7458,17.381709522966037,0.93805599225214453
3FKY,7459,17.382253944315647,0.93807068280113071
3FKY,7460,17.383890947984465,0.93811485397136396
3FKY,7461,17.384459026026679,0.93813018190046549
3FKY,7462,17.38620876968308,0.93817739205611106
3FKY,7463,17.386888684215837,0.93819573631435071
3FKY,7464,17.387343022706172,0.93820799427658896
3FKY,7465,17.388526916934463,0.93823993475539458
3FKY,7466,17.390037891901844,0.93828069802033709
3FKY,7467,17.390392830363592,0.93829027333611259
3FKY,7468,17.391657724450408,0.93832439609140617
3FKY,7469,17.3931620405362,0.93836497606322944
3FKY,7470,17.39353085871463,0.93837492492203134
3FKY,7471,17.394610017470189,0.93840403458980748
3FKY,7472,17.395697457822727,0.93843336673536693
3FKY,7473,17.396253345274552,0.93844836064885551
3FKY,7474,17.397237393134681,0.93847490271580702
3FKY,7475,17.398297365416095,0.93850349180180992
3FKY,7476,17.399334153357511,0.93853145472792976
3FKY,7477,17.39990526180204,0.93854685758289569
3FKY,7478,17.400430453644656,0.93856102183915613
3FKY,7479,17.401426384890861,0.93858788119978398
3FKY,7480,17.402315745963051,0.93861186581002665
3FKY,7481,17.403668361467506,0.93864834245807549
3FKY,7482,17.404783783513324,0.9386784215269689
3FKY,7483,17.405604620682656,0.93870055604652713
3FKY,7484,17.405723712095437,0.93870376739673933
3FKY,7485,17.406435442367254,0.93872295927490879
3FKY,7486,17.407787957109004,0.93875942888934194
3FKY,7487,17.408784231160745,0.93878629181646689
3FKY,7488,17.409671166857411,0.93881020596399378
3FKY,7489,17.411113511528516,0.93884909411530626
3FKY,7490,17.41150836096422,0.938859739670316
3FKY,7491,17.412751532246428,0.93889325608397867
3FKY,7492,17.413003767321005,0.93890005630025708
3FKY,7493,17.414362242185014,0.93893667971307648
3FKY,7494,17.415158976094329,0.93895815836744045
3FKY,7495,17.415229746035688,0.93896006618655348
3FKY,7496,17.416564934300755,0.9389960595226029
3FKY,7497,17.417994285715388,0.93903458973263687
3FKY,7498,17.418191249979138,0.93903989906190566
3FKY,7499,17.419783656700087,0.93908282255637165
3FKY,7500,17.42038230081274,0.93909895856541403
3FKY,7501,17.422033784131649,0.9391434716387399
3FKY,7502,17.423394767927498,0.93918015317953218
3FKY,7503,17.42361154222877,0.93918599559689531
3FKY,7504,17.424974413435109,0.93922272634351889
3FKY,7505,17.425522837457414,0.93923750651594062
3FKY,7506,17.426622545956924,0.93926714325002836
3FKY,7507,17.426974070051543,0.93927661649609873
3FKY,7508,17.428096298624414,0.9393068588687411
3FKY,7509,17.429116239761097,0.9393343439041848
3FKY,7510,17.430117227011625,0.93936131739467721
3FKY,7511,17.430529712953735,0.93937243238147183
3FKY,7512,17.431295357019177,0.93939306333882189
3FKY,7513,17.432367710023957,0.9394219580784573
3FKY,7514,17.432432768792818,0.93942371106979017
3FKY,7515,17.432981386935513,0.9394384933105574
3FKY,7516,17.435267257016378,0.93950008243025407
3FKY,7517,17.436615340836415,0.93953640250383252
3FKY,7518,17.436961810314688,0.93954573685754172
3FKY,7519,17.43755482040498,0.93956171313171444
3FKY,7520,17.437921128350641,0.93957158169175758
3FKY,7521,17.438703774281574,0.93959266630439642
3FKY,7522,17.440046153684492,0.93962882912896917
3FKY,7523,17.441154521727356,0.93965868679135167
3FKY,7524,17.442252944307917,0.93968827560291956
3FKY,7525,17.442852832950077,0.93970443473897558
3FKY,7526,17.443423859081115,0.93971981615052758
3FKY,7527,17.444312565635954,0.93974375424118695
3FKY,7528,17.445750798228278,0.93978249300585859
3FKY,7529,17.446012116272083,0.93978953143045518
3FKY,7530,17.44681583697513,0.93981117877309062
3FKY,7531,17.446863929799946,0.9398124740851882
3FKY,7532,17.44764636085716,0.93983354750636228
3FKY,7533,17.448079053516782,0.93984520112850867
3FKY,7534,17.448845388431941,0.93986584031412013
3FKY,7535,17.44986002123127,0.93989316604326534
3FKY,7536,17.451472369919056,0.93993658760958565
3FKY,7537,17.452586570407934,0.93996659255895998
3FKY,7538,17.453024928268825,0.93997839708878916
3FKY,7539,17.453603235296178,0.93999397008005814
3FKY,7540,17.45468357804177,0.94002306149283621
3FKY,7541,17.455428665625224,0.94004312464762863
3FKY,7542,17.456059039922753,0.94006009855545369
3FKY,7543,17.457817730059251,0.94010745267987839
3FKY,7544,17.458507198970075,0.94012601652536998
3FKY,7545,17.458902495141913,0.94013665964930837
3FKY,7546,17.459814672627463,0.94016121904797012
3FKY,7547,17.460866297242024,0.94018953211460365
3FKY,7548,17.461641950046722,0.94021041459936794
3FKY,7549,17.463859547470662,0.94027011522790749
3FKY,7550,17.46444236470964,0.94028580480268109
3FKY,7551,17.465831258638904,0.94032319309298895
3FKY,7552,17.46644147760146,0.94033961939480892
3FKY,7553,17.466990111477699,0.94035438766114054
3FKY,7554,17.467866735854457,0.94037798437789477
3FKY,7555,17.46985719581572,0.94043156079438928
3FKY,7556,17.46991430951967,0.94043309805612074
3FKY,7557,17.470409279437405,0.94044642046823623
3FKY,7558,17.471610612993107,0.94047875429632966
3FKY,7559,17.472200515734382,0.940494631089967
3FKY,7560,17.473019708020228,0.94051667859667654
3FKY,7561,17.474177338076469,0.94054783383947116
3FKY,7562,17.474973540129781,0.94056926138858599
3FKY,7563,17.476332624985705,0.94060583622466498
3FKY,7564,17.477885079837897,0.94064761317232581
3FKY,7565,17.478027412340193,0.94065144328264449
3FKY,7566,17.479358044256191,0.94068724929727299
3FKY,7567,17.47948453625629,0.94069065300340615
3FKY,7568,17.480487574314253,0.94071764278643089
3FKY,7569,17.482154298130315,0.94076248933662687
3FKY,7570,17.482598182116224,0.94077443256586946
3FKY,7571,17.483064468164866,0.94078697838609893
3FKY,7572,17.483984039055411,0.94081171972779976
3FKY,7573,17.485220131113525,0.94084497614517892
3FKY,7574,17.486952502022081,0.94089158271018025
3FKY,7575,17.487175873166123,0.9408975919721736
3FKY,7576,17.488306921510535,0.94092801951130711
3FKY,7577,17.490057367744697,0.94097510819472541
3FKY,7578,17.49049583956009,0.94098690313825817
3FKY,7579,17.491193204723722,0.94100566203883085
3FKY,7580,17.49199846482226,0.94102732281354451
3FKY,7581,17.49276123747121,0.94104784025413923
3FKY,7582,17.494776674294791,0.94110205033044836
3FKY,7583,17.495148592578524,0.94111205363616923
3FKY,7584,17.495961072885017,0.94113390615512527
3FKY,7585,17.497392332374258,0.94117240016186565
3FKY,7586,17.498447237923347,0.94120077104721367
3FKY,7587,17.498875276062204,0.94121228256469802
3FKY,7588,17.499653812658391,0.94123321991195741
3FKY,7589,17.500825232744308,0.94126472227938129
3FKY,7590,17.501495680839959,0.94128275180336907
3FKY,7591,17.502139098897366,0.9413000541175377
3FKY,7592,17.502836203976926,0.94131879978375654
3FKY,7593,17.503190636930356,0.94132833060234589
3FKY,7594,17.503802527257012,0.94134478430720925
3FKY,7595,17.504605278130541,0.94136636980792909
3FKY,7596,17.505454854797364,0.94138921388770791
3FKY,7597,17.506903105433651,0.94142815430205762
3FKY,7598,17.507460587735814,0.94144314339960311
3FKY,7599,17.508330469620532,0.94146653154774407
3FKY,7600,17.509328971263162,0.94149337712497894
3FKY,7601,17.509513708511498,0.94149834386120645
3FKY,7602,17.510441556518842,0.94152328903684934
3FKY,7603,17.51157658165852,0.94155380326695226
3FKY,7604,17.512219496553982,0.9415710870736449
3FKY,7605,17.513954010418168,0.94161771530564342
3FKY,7606,17.51468200894956,0.9416372851066761
3FKY,7607,17.515219530866492,0.94165173432119598
3FKY,7608,17.515665214500402,0.94166371464768817
3FKY,7609,17.516744063426184,0.94169271432402546
3FKY,7610,17.517420046966041,0.94171088444259565
3FKY,7611,17.518386198064206,0.94173685351960201
3FKY,7612,17.518791976573382,0.94174776018529904
3FKY,7613,17.51971416353426,0.94177254659972021
3FKY,7614,17.52119153357371,0.94181225378902833
3FKY,7615,17.521947503239065,0.94183257129464248
3FKY,7616,17.522533724621262,0.94184832632911308
3FKY,7617,17.522699070140273,0.94185277003672463
3FKY,7618,17.524627834162441,0.94190460456697722
3FKY,7619,17.525585735854651,0.9419303466167982
3FKY,7620,17.527527924199084,0.94198253761021422
3FKY,7621,17.528141777475632,0.94199903263469653
3FKY,7622,17.528794015223127,0.94201655878263146
3FKY,7623,17.529123995473551,0.94202542549065449
3FKY,7624,17.530309532757162,0.94205728068723682
3FKY,7625,17.530906047116698,0.9420733085250228
3FKY,7626,17.532612934060666,0.94211916963132714
3FKY,7627,17.533104454162146,0.9421323755141624
3FKY,7628,17.533929873434936,0.94215455199380305
3FKY,7629,17.534702974617026,0.94217532237370083
3FKY,7630,17.53592952828879,0.94220827441156563
3FKY,7631,17.536723516937208,0.9422296047381159
3FKY,7632,17.537541044004634,0.94225156691444922
3FKY,7633,17.539034608584593,0.94229168894753335
3FKY,7634,17.539544517302225,0.9423053863734544
3FKY,7635,17.541407069539577,0.94235541750203844
3FKY,7636,17.541830077572929,0.94236677980345296
3FKY,7637,17.542004306683804,0.94237145968342417
3FKY,7638,17.543742283773241,0.94241814133431256
3FKY,7639,17.544701524073943,0.9424439053101481
3FKY,7640,17.545906037190523,0.94247625600477092
3FKY,7641,17.547034196143745,0.94250655497973967
3FKY,7642,17.547545344321463,0.94252028257023424
3FKY,7643,17.548986116459993,0.94255897542052358
3FKY,7644,17.549151805840591,0.94256342501217394
3FKY,7645,17.550303650561514,0.9425943572447677
3FKY,7646,17.550746025222239,0.94260623673243105
3FKY,7647,17.550943926203249,0.94261155109835115
3FKY,7648,17.552239666222523,0.94264634572172146
3FKY,7649,17.552777762038488,0.94266079487968435
3FKY,7650,17.553796267409115,0.94268814357537489
3FKY,7651,17.55538780514496,0.94273087762916929
3FKY,7652,17.555947021463741,0.94274589257211927
3FKY,7653,17.556420416787144,0.94275860303677383
3FKY,7654,17.557433388839499,0.94278580033324622
3FKY,7655,17.558729376099002,0.94282059516379457
3FKY,7656,17.559764330042096,0.94284838081654521
3FKY,7657,17.559963522762935,0.94285372849656468
3FKY,7658,17.560821496558034,0.94287676197011594
3FKY,7659,17.561132761056601,0.94288511814986786
3FKY,7660,17.562206909045862,0.94291395406497558
3FKY,7661,17.563346369274832,0.94294454234834957
3FKY,7662,17.564423047977701,0.94297344437893438
3FKY,7663,17.565291664293134,0.9429967606014561
3FKY,7664,17.566065743609851,0.94301753868644933
3FKY,7665,17.567436238083406,0.94305432481536955
3FKY,7666,17.568416602652519,0.94308063839169343
3FKY,7667,17.569051342771569,0.94309767480776385
3FKY,7668,17.569994230563115,0.94312298133502059
3FKY,7669,17.571026925173502,0.94315069744283642
3FKY,7670,17.572968366843064,0.94320280087128139
3FKY,7671,17.573916673505657,0.94322824999902533
3FKY,7672,17.575230115568523,0.94326349690882061
3FKY,7673,17.576922014501811,0.94330889796723238
3FKY,7674,17.577676336753875,0.94332913903269466
3FKY,7675,17.578849890208112,0.9433606286525773
3FKY,7676,17.579676370714246,0.94338280473379887
3FKY,7677,17.580178641763052,0.94339628138935061
3FKY,7678,17.580467388714311,0.9434040287987232
3FKY,7679,17.581230663391924,0.94342450802076161
3FKY,7680,17.582097280114656,0.94344775944712722
3FKY,7681,17.582823508222734,0.94346724378951063
3FKY,7682,17.583414813920644,0.94348310793290457
3FKY,7683,17.584696400731687,0.94351749071601299
3FKY,7684,17.58699619530293,0.94357918713121847
3FKY,7685,17.587604993710809,0.94359551864483215
3FKY,7686,17.588308285744596,0.94361438467512793
3FKY,7687,17.589484320347349,0.94364593133101804
3FKY,7688,17.590156161210999,0.94366395271903181
3FKY,7689,17.590996398531832,0.94368649067138499
3FKY,7690,17.591798089437994,0.94370799417923668
3FKY,7691,17.593201590624069,0.9437456386788462
3FKY,7692,17.594239460826714,0.94377347531298661
3FKY,7693,17.595452929143704,0.94380602060905505
3FKY,7694,17.595947078710029,0.94381927340974292
3FKY,7695,17.59668275320152,0.94383900342210225
3FKY,7696,17.597462807740396,0.94385992320993151
3FKY,7697,17.598556101002391,0.94388924276805164
3FKY,7698,17.599800434946872,0.94392261177449566
3FKY,7699,17.600757132708104,0.9439482665079415
3FKY,7700,17.601202822152935,0.94396021784368234
3FKY,7701,17.602472371379967,0.94399426047042834
3FKY,7702,17.604114659244051,0.94403829616400103
3FKY,7703,17.605624362575327,0.94407877497345327
3FKY,7704,17.606109862003649,0.94409179202233018
3FKY,7705,17.606839764050491,0.94411136157502951
3FKY,7706,17.607694480175674,0.94413427702784603
3FKY,7707,17.608555736631359,0.94415736726827615
3FKY,7708,17.609536776733592,0.94418366821404942
3FKY,7709,17.610138372861094,0.94419979619045302
3FKY,7710,17.61224713857267,0.94425632716452668
3FKY,7711,17.613237955598485,0.94428288743478417
3FKY,7712,17.613363797032324,0.94428626074128674
3FKY,7713,17.614072244411169,0.94430525116262876
3FKY,7714,17.614695456338129,0.94432195647306538
3FKY,7715,17.61522764577451,0.94433622167495745
3FKY,7716,17.616926428525314,0.94438175567092264
3FKY,7717,17.617467777466203,0.94439626547028788
3FKY,7718,17.618881811698632,0.94443416484011389
3FKY,7719,17.619392199818115,0.94444784404211124
3FKY,7720,17.620218539387512,0.94446999081839167
3FKY,7721,17.621499633486081,0.94450432447143029
3FKY,7722,17.621712304762287,0.9445100239958234
3FKY,7723,17.622767189445216,0.94453829407052858
3FKY,7724,17.623604997114469,0.94456074605020524
3FKY,7725,17.624033108998141,0.94457221859582075
3FKY,7726,17.625958944797983,0.94462382543549994
3FKY,7727,17.627354322774803,0.9446612157755151
3FKY,7728,17.628566495463382,0.94469369577278006
3FKY,7729,17.629697227837891,0.94472399258158635
3FKY,7730,17.63016430879383,0.94473650725093061
3FKY,7731,17.630875202071874,0.94475555415403012
3FKY,7732,17.631608282403469,0.94477519511081354
3FKY,7733,17.632579537162282,0.94480121669525829
3FKY,7734,17.634271432557778,0.94484654376953581
3FKY,7735,17.634632131333841,0.9448562068636559
3FKY,7736,17.635572187253427,0.94488139042935149
3FKY,7737,17.636869657075902,0.94491614780861244
3FKY,7738,17.637818809424772,0.94494157344627872
3FKY,7739,17.638441529602389,0.94495825433514313
3FKY,7740,17.639252106294904,0.9449799669205583
3FKY,7741,17.639723095888264,0.94499258289647092
3FKY,7742,17.640532030450402,0.94501425070818457
3FKY,7743,17.641139510587003,0.94503052211209937
3FKY,7744,17.641355827633518,0.94503631611380245
3FKY,7745,17.644657921177458,0.94512475751067326
3FKY,7746,17.64555461952931,0.94514877274092224
3FKY,7747,17.645808477566941,0.94515557141500595
3FKY,7748,17.647464058827428,0.94519990900239648
3FKY,7749,17.648005868849783,0.94521441859004685
3FKY,7750,17.649615299151986,0.94525751756839749
3FKY,7751,17.649725286395327,0.94526046284807841
3FKY,7752,17.651611452286723,0.94531096987817465
3FKY,7753,17.652266770556867,0.94532851710896848
3FKY,7754,17.653788479464708,0.94536926212612871
3FKY,7755,17.654100174922654,0.94537760781364999
3FKY,7756,17.655455885529857,0.94541390628917088
3FKY,7757,17.65652990794262,0.9454426617143924
3FKY,7758,17.657184922210064,0.94546019836209105
3FKY,7759,17.657897326086747,0.9454792711282155
3FKY,7760,17.659293575624989,0.94551665097237447
3FKY,7761,17.660682797257568,0.94555384120163388
3FKY,7762,17.661592691442518,0.9455781987780163
3FKY,7763,17.662266967782031,0.94559624853526436
3FKY,7764,17.663869321747299,0.94563914069451305
3FKY,7765,17.66502794669228,0.94567015380696917
3FKY,7766,17.665619523288452,0.94568598824687988
3FKY,7767,17.667582730680053,0.94573853455417467
3FKY,7768,17.668174466422052,0.94575437210864455
3FKY,7769,17.669115626837851,0.94577956131895025
3FKY,7770,17.670042216464072,0.94580435990139822
3FKY,7771,17.671274098902611,0.94583732811564625
3FKY,7772,17.671788884188953,0.94585110469992362
3FKY,7773,17.673548935627696,0.94589820534038027
3FKY,7774,17.674315496058441,0.94591871848904574
3FKY,7775,17.67512949760351,0.9459405006744227
3FKY,7776,17.675784711899546,0.94595803344541374
3FKY,7777,17.676611649797035,0.94598016087599579
3FKY,7778,17.677345440119804,0.945999795404875
3FKY,7779,17.678692008229188,0.94603582538749698
3FKY,7780,17.679099964341521,0.94604674075586215
3FKY,7781,17.679603517021381,0.94606021375449856
3FKY,7782,17.680853380049683,0.94609365411940871
3FKY,7783,17.681295898468068,0.94610549351536166
3FKY,7784,17.683358616020218,0.94616067870950105
3FKY,7785,17.683432102315134,0.94616264467569411
3FKY,7786,17.684942759770223,0.94620305812936767
3FKY,7787,17.685512233272629,0.94621829236673871
3FKY,7788,17.68591877210757,0.94622916771675658
3FKY,7789,17.688345532042401,0.94629408354889699
3FKY,7790,17.688802932561895,0.94630631851475344
3FKY,7791,17.689771509672042,0.94633222637567782
3FKY,7792,17.690470138278705,0.94635091311329089
3FKY,7793,17.692644356204241,0.94640906617214926
3FKY,7794,17.69399487890049,0.94644518633903851
3FKY,7795,17.694178054693726,0.94645008532878805
3FKY,7796,17.695738297179922,0.94649181258726889
3FKY,7797,17.696556144370788,0.94651368442763217
3FKY,7798,17.697132244908445,0.94652909088864789
3FKY,7799,17.698579801026213,0.94656780128364393
3FKY,7800,17.700267632109103,0.94661293508779143
3FKY,7801,17.700725449478497,0.9466251770790004
3FKY,7802,17.701184336221864,0.94663744750629419
3FKY,7803,17.702170798476974,0.94666382452954057
3FKY,7804,17.704098530210466,0.94671536804464351
3FKY,7805,17.705166334765362,0.94674391769765098
3FKY,7806,17.705816622617,0.9467613038775855
3FKY,7807,17.707076509580929,0.94679498746958657
3FKY,7808,17.708433746188614,0.94683127240327181
3FKY,7809,17.709673389959956,0.94686441234567631
3FKY,7810,17.710687177166541,0.94689151350302858
3FKY,7811,17.711358317891822,0.94690945440589713
3FKY,7812,17.711660396479754,0.94691752944582641
3FKY,7813,17.713154123098111,0.94695745811617205
3FKY,7814,17.71365279811036,0.94697078777771027
3FKY,7815,17.715450303027506,0.94701883380995522
3FKY,7816,17.715957495388274,0.94703239026130004
3FKY,7817,17.717197063970815,0.9470655211565473
3FKY,7818,17.717849877673284,0.94708296894053057
3FKY,7819,17.718413553511692,0.94709803407383841
3FKY,7820,17.719550754813703,0.94712842685796517
3FKY,7821,17.720949135578245,0.94716579857417182
3FKY,7822,17.721290534182501,0.94717492222555666
3FKY,7823,17.722207516640847,0.94719942753885944
3FKY,7824,17.723422211066378,0.94723188788977941
3FKY,7825,17.723828703570945,0.94724275036459327
3FKY,7826,17.725104567533258,0.9472768437639395
3FKY,7827,17.726282537578513,0.94730832017084721
3FKY,7828,17.726480122822604,0.9473135997218104
3FKY,7829,17.72807136357444,0.9473561171919227
3FKY,7830,17.729681189992636,0.94739912932373826
3FKY,7831,17.730514774010835,0.94742140066303049
3FKY,7832,17.731547897986783,0.9474490024985941
3FKY,7833,17.732209564774262,0.94746667973955523
3FKY,7834,17.73279082370502,0.94748220851373599
3FKY,7835,17.73351823417898,0.94750164147895322
3FKY,7836,17.734135904303439,0.94751814238850418
3FKY,7837,17.735709387770626,0.94756017632437894
3FKY,7838,17.736739346804857,0.94758768957389683
3FKY,7839,17.737396728806559,0.94760524977219929
3FKY,7840,17.738696557085575,0.94763997024315993
3FKY,7841,17.73900584480819,0.94764823162047562
3FKY,7842,17.740550736212743,0.94768949610131814
3FKY,7843,17.741027466812973,0.947702229346015
3FKY,7844,17.741611091983359,0.94771781746026995
3FKY,7845,17.742375120081451,0.94773822359031368
3FKY,7846,17.744162609532562,0.94778596323620767
3FKY,7847,17.744824561360932,0.9478036418050404
3FKY,7848,17.745603037905088,0.94782443194609889
3FKY,7849,17.746758475314383,0.94785528843425804
3FKY,7850,17.747140406251333,0.94786548785493485
3FKY,7851,17.74816446362513,0.94789283464483587
3FKY,7852,17.74973379123082,0.94793474099278607
3FKY,7853,17.751069237057486,0.94797040044826053
3FKY,7854,17.751641741704724,0.94798568721990817
3FKY,7855,17.753100308868259,0.94802463213592492
3FKY,7856,17.75358083751884,0.94803746228690311
3FKY,7857,17.754704430384727,0.94806746162297284
3FKY,7858,17.755807650461012,0.94809691609275304
3FKY,7859,17.756429974812889,0.94811353089959771
3FKY,7860,17.75802177629631,0.94815602746858119
3FKY,7861,17.758739883927891,0.94817519827500729
3FKY,7862,17.760820477339674,0.94823074020267917
3FKY,7863,17.761039136140539,0.94823657716158305
3FKY,7864,17.761584555648199,0.94825113663506366
3FKY,7865,17.763307618477803,0.9482971307482897
3FKY,7866,17.764595119658409,0.94833149685787999
3FKY,7867,17.764954747165362,0.94834109584855941
3FKY,7868,17.765597019450393,0.9483582388051871
3FKY,7869,17.76655894859946,0.94838391317696213
3FKY,7870,17.768293200745607,0.94843019948109319
3FKY,7871,17.768472541788693,0.94843498587307118
3FKY,7872,17.770245318972616,0.94848229781740723
3FKY,7873,17.770808334617719,0.94849732310640822
3FKY,7874,17.771169368761655,0.94850695795737772
3FKY,7875,17.77390893645525,0.94858006510154269
3FKY,7876,17.774506118401391,0.94859600054189053
3FKY,7877,17.775369037232991,0.94861902653800922
3FKY,7878,17.775935596778289,0.94863414422363113
3FKY,7879,17.776413396307102,0.9486468933107024
3FKY,7880,17.778676932287304,0.94870728873401444
3FKY,7881,17.7788124094571,0.94871090339932618
3FKY,7882,17.779746557270467,0.94873582701499026
3FKY,7883,17.780917980495119,0.94876708035353197
3FKY,7884,17.782994895950253,0.94882248951396664
3FKY,7885,17.783586453361639,0.94883827083514771
3FKY,7886,17.784077119834127,0.94885136043091745
3FKY,7887,17.786015739153026,0.94890307555335807
3FKY,7888,17.786725704822008,0.94892201408051136
3FKY,7889,17.787011279157092,0.94892963174691081
3FKY,7890,17.787404388159352,0.9489401177896144
3FKY,7891,17.787651212507701,0.94894670168202944
3FKY,7892,17.789606457688762,0.94899885506806259
3FKY,7893,17.790318249048283,0.9490178403792362
3FKY,7894,17.791508217451334,0.94904957905710785
3FKY,7895,17.792169826000798,0.94906722493261264
3FKY,7896,17.793898613657419,0.94911333217714677
3FKY,7897,17.794928938181858,0.94914081015171647
3FKY,7898,17.795514386689241,0.94915642326549254
3FKY,7899,17.79716272074144,0.94920038070869694
3FKY,7900,17.798695169662736,0.94924124592443626
3FKY,7901,17.798866145394939,0.94924580515829449
3FKY,7902,17.799567964926162,0.94926451962789948
3FKY,7903,17.801633574536062,0.94931959829705825
3FKY,7904,17.802238192663239,0.94933571959743335
3FKY,7905,17.802756301827753,0.94934953403898081
3FKY,7906,17.803736946510284,0.94937568060124811
3FKY,7907,17.80463732488478,0.94939968641889283
3FKY,7908,17.807259191002089,0.94946958695077799
3FKY,7909,17.807679539578654,0.94948079321867773
3FKY,7910,17.809167986928891,0.94952047336446377
3FKY,7911,17.810226287938434,0.94954868533787318
3FKY,7912,17.811290348125276,0.94957704999322845
3FKY,7913,17.811779030926079,0.9495900765280948
3FKY,7914,17.812564033071784,0.94961100150233058
3FKY,7915,17.813293457869392,0.94963044459654844
3FKY,7916,17.81413230072781,0.94965280377848915
3FKY,7917,17.815796165004183,0.94969715217712258
3FKY,7918,17.816252356596952,0.94970931108035406
3FKY,7919,17.817501831156882,0.94974261260739334
3FKY,7920,17.818504398193188,0.94976933260583341
3FKY,7921,17.81917983095337,0.94978733353420453
3FKY,7922,17.820186478065249,0.94981416100838023
3FKY,7923,17.821274141464933,0.94984314674143022
3FKY,7924,17.821932833079138,0.94986070014220059
3FKY,7925,17.823609684382291,0.94990538490517751
3FKY,7926,17.824053340289236,0.94991720710393635
3FKY,7927,17.825098143927686,0.94994504764030374
3FKY,7928,17.826361259144726,0.94997870436352505
3FKY,7929,17.828585778711833,0.95003797558165359
3FKY,7930,17.828892661999781,0.95004615204406728
3FKY,7931,17.829961370262112,0.95007462568448775
3FKY,7932,17.830728688560548,0.95009506885278472
3FKY,7933,17.832225609068672,0.95013494907781471
3FKY,7934,17.832310347772225,0.95013720659490497
3FKY,7935,17.83379482894123,0.95017675367015253
3FKY,7936,17.834769084813129,0.95020270727811784
3FKY,7937,17.835713117725643,0.95022785508785246
3FKY,7938,17.836951386890313,0.95026083995991439
3FKY,7939,17.837800196202863,0.95028344978367896
3FKY,7940,17.838638926438119,0.95030579060159881
3FKY,7941,17.839537380174086,0.95032972166049456
3FKY,7942,17.841258155182029,0.95037555424478914
3FKY,7943,17.841441738123152,0.95038044381841358
3FKY,7944,17.843369395797701,0.95043178380263504
3FKY,7945,17.843801206303276,0.95044328398337552
3FKY,7946,17.844170770477685,0.95045312628000389
3FKY,7947,17.845185326852931,0.95048014559586136
3FKY,7948,17.845442870424854,0.95048700428530752
3FKY,7949,17.845925084448286,0.95049984608109994
3FKY,7950,17.847926917780782,0.95055315485913361
3FKY,7951,17.848829816070573,0.95057719804262752
3FKY,7952,17.850614247735859,0.95062471369706558
3FKY,7953,17.851632441268585,0.95065182498074563
3FKY,7954,17.852544531658079,0.95067611041573485
3FKY,7955,17.853301303862622,0.95069625985802908
3FKY,7956,17.853697908611103,0.9507068194892877
3FKY,7957,17.855878629006668,0.95076487923853326
3FKY,7958,17.856598270491407,0.95078403827768776
3FKY,7959,17.857438322316131,0.95080640251696569
3FKY,7960,17.858354569779383,0.95083079467120812
3FKY,7961,17.858972896744742,0.95084725529272196
3FKY,7962,17.860379492429626,0.95088469953209886
3FKY,7963,17.860731186373489,0.95089406156004452
3FKY,7964,17.861903898632349,0.95092527827808992
3FKY,7965,17.862506961592491,0.95094133096138989
3FKY,7966,17.862839475548995,0.9509501818968582
3FKY,7967,17.863917797050309,0.95097888434795008
3FKY,7968,17.865019241505856,0.95100820138484288
3FKY,7969,17.866003242068615,0.95103439166505621
3FKY,7970,17.866506522579019,0.95104778676234913
3FKY,7971,17.866958253013028,0.95105980966434733
3FKY,7972,17.867396175006032,0.95107146490664962
3FKY,7973,17.868401295183908,0.95109821552176488
3FKY,7974,17.869694305162028,0.9511326270288637
3FKY,7975,17.87108287970176,0.95116958045603073
3FKY,7976,17.872488272992836,0.95120698001027226
3FKY,7977,17.873349622364074,0.95122990103979665
3FKY,7978,17.873707763273433,0.95123943122418853
3FKY,7979,17.874357255313608,0.9512567140631657
3FKY,7980,17.875277928412277,0.95128121243188213
3FKY,7981,17.877526990600167,0.9513410555101327
3FKY,7982,17.878014900447941,0.9513540373253152
3FKY,7983,17.878849189880267,0.95137623485017142
3FKY,7984,17.879576338710383,0.95139558131579172
3FKY,7985,17.882229112019328,0.95146615746224972
3FKY,7986,17.882261357830171,0.95146701531905586
3FKY,7987,17.883448176631855,0.95149858851287206
3FKY,7988,17.884260138554527,0.95152018870559074
3FKY,7989,17.884885098982302,0.95153681386270039
3FKY,7990,17.885654542130254,0.95155728214088309
3FKY,7991,17.887075507310549,0.95159508067118359
3FKY,7992,17.888643974227168,0.95163680109338478
3FKY,7993,17.889713149829372,0.95166523957225224
3FKY,7994,17.890641376000076,0.95168992831699339
3FKY,7995,17.891869357328126,0.95172258889591155
3FKY,7996,17.892203423230658,0.9517314738417828
3FKY,7997,17.893725935401321,0.95177196611357062
3FKY,7998,17.893955270224829,0.95177806528367315
3FKY,7999,17.895156211828102,0.95181000374223723
3FKY,8000,17.895695721203086,0.95182435138312482
3FKY,8001,17.896856748554242,0.95185522685729818
3FKY,8002,17.897792129375556,0.95188010093164444
3FKY,8003,17.898256754906416,0.95189245622451346
3FKY,8004,17.899507286742718,0.95192570949173883
3FKY,8005,17.899956272260155,0.95193764831693173
3FKY,8006,17.901067636734453,0.95196719959759202
3FKY,8007,17.902130596026414,0.9519954629218762
3FKY,8008,17.902567867659126,0.95200708941700818
3FKY,8009,17.903829149848264,0.95204062450667959
3FKY,8010,17.904796662831565,0.95206634803245083
3FKY,8011,17.906242778053336,0.95210479498789957
3FKY,8012,17.907315096482428,0.95213330304082044
3FKY,8013,17.907845520891428,0.95214740428944544
3FKY,8014,17.90866184996506,0.95216910586013093
3FKY,8015,17.909164745231021,0.95218247475330087
3FKY,8016,17.909585330492501,0.95219365538538581
3FKY,8017,17.911110931961673,0.95223421012404286
3FKY,8018,17.912341348291996,0.95226691676088515
3FKY,8019,17.912417286567756,0.95226893529742562
3FKY,8020,17.913264790505423,0.95229146274622101
3FKY,8021,17.914451718744626,0.95232301151523524
3FKY,8022,17.916093683670518,0.9523666535194415
3FKY,8023,17.9172423626643,0.95239718322235722
3FKY,8024,17.917927080561746,0.95241538125622383
3FKY,8025,17.91914192690162,0.95244766787965551
3FKY,8026,17.91922011669519,0.95244974586992992
3FKY,8027,17.92050767653993,0.95248396371006372
3FKY,8028,17.921072537500788,0.95249897491334723
3FKY,8029,17.921821207863015,0.95251887049447226
3FKY,8030,17.922229393390062,0.95252971766783834
3FKY,8031,17.923431887183135,0.95256167217070309
3FKY,8032,17.925393405001635,0.95261379431971682
3FKY,8033,17.925684064508982,0.95262151758490499
3FKY,8034,17.927190435702276,0.95266154315550489
3FKY,8035,17.929020438947727,0.95271016564416322
3FKY,8036,17.929602859300726,0.95272563981038083
3FKY,8037,17.930045339157516,0.95273739576803074
3FKY,8038,17.931948438001996,0.95278795630184743
3FKY,8039,17.932792788336297,0.95281038770026272
3FKY,8040,17.933808094019081,0.95283736007763475
3FKY,8041,17.934562776925763,0.95285740831557098
3FKY,8042,17.935699751683106,0.95288761138392242
3FKY,8043,17.936971449162854,0.95292139214830807
3FKY,8044,17.93807212258708,0.95295062894463278
3FKY,8045,17.938711685955276,0.95296761702666788
3FKY,8046,17.939671217391254,0.95299310353246125
3FKY,8047,17.940628460519147,0.95301852857842262
3FKY,8048,17.941980811379409,0.95305444680568097
3FKY,8049,17.942945570061095,0.95308006981803095
3FKY,8050,17.943515137778398,0.95309519663569364
3FKY,8051,17.944400147564519,0.95311870061942117
3FKY,8052,17.944801380650212,0.95312935632862394
3FKY,8053,17.945329049326713,0.95314336965755841
3FKY,8054,17.946564536381782,0.95317617975604474
3FKY,8055,17.947094199939606,0.95319024537179486
3FKY,8056,17.94762716837182,0.95320439854147943
3FKY,8057,17.948318583626484,0.95322275901076281
3FKY,8058,17.949159761730382,0.95324509594206697
3FKY,8059,17.949473107947256,0.95325341651096629
3FKY,8060,17.951288556312516,0.9533016223438
3FKY,8061,17.952496079993125,0.95333368452481115
3FKY,8062,17.952880859390763,0.95334390096473443
3FKY,8063,17.953302260315194,0.95335508963263871
3FKY,8064,17.955261143617729,0.95340709846090799
3FKY,8065,17.955508277250871,0.95341365971745207
3FKY,8066,17.956319663655588,0.95343520124472225
3FKY,8067,17.957971931908926,0.95347906587029452
3FKY,8068,17.959177433471336,0.9535110684042879
3FKY,8069,17.959924651249469,0.95353090430751342
3FKY,8070,17.960169123797037,0.95353739407126825
3FKY,8071,17.960800184093447,0.95355414598214128
3FKY,8072,17.96147767835075,0.95357213018549725
3FKY,8073,17.962495431158583,0.95359914597403206
3FKY,8074,17.962809474863256,0.95360748196779177
3FKY,8075,17.964814118229185,0.95366069161696732
3FKY,8076,17.96634645495639,0.95370136273477513
3FKY,8077,17.967679954663705,0.95373675493023224
3FKY,8078,17.969141291049667,0.95377553850965868
3FKY,8079,17.96996677852799,0.95379744608746975
3FKY,8080,17.970373379676392,0.9538082366734506
3FKY,8081,17.97130339204152,0.95383291735088604
3FKY,8082,17.972342065749221,0.95386048092923659
3FKY,8083,17.974223337849136,0.95391040275206795
3FKY,8084,17.974941444685363,0.95392945789361006
3FKY,8085,17.975730711642001,0.95395040084737959
3FKY,8086,17.976871688388936,0.95398067549856058
3FKY,8087,17.977720266281146,0.95400319102217002
3FKY,8088,17.978491766803682,0.95402366097200997
3FKY,8089,17.980440079597308,0.95407535290961887
3FKY,8090,17.981247737622837,0.95409678058211489
3FKY,8091,17.982264846360344,0.95412376442838509
3FKY,8092,17.982501652548439,0.95413004677573421
3FKY,8093,17.983075947129304,0.95414528234615348
3FKY,8094,17.983979471739229,0.9541692516303375
3FKY,8095,17.984836558933964,0.95419198843630615
3FKY,8096,17.985297012965262,0.95420420313545384
3FKY,8097,17.987093685313098,0.95425186288472896
3FKY,8098,17.987369930072862,0.95425919052945918
3FKY,8099,17.989752748638455,0.95432239463392132
3FKY,8100,17.990323807215518,0.95433754130301585
3FKY,8101,17.990906195269321,0.95435298822579762
3FKY,8102,17.991927639846388,0.95438007982523576
3FKY,8103,17.992482235349122,0.95439478894456953
3FKY,8104,17.993762997190586,0.95442875676122274
3FKY,8105,17.994647638851614,0.95445221814235581
3FKY,8106,17.994918449321901,0.95445940013021047
3FKY,8107,17.996335640485576,0.95449698365137969
3FKY,8108,17.996755135795084,0.95450810826814148
3FKY,8109,17.998328390945257,0.95454982834402302
3FKY,8110,17.998907674003824,0.95456518949542868
3FKY,8111,18.000400214439917,0.95460476683076589
3FKY,8112,18.00088940399278,0.95461773819531259
3FKY,8113,18.001193692871691,0.95462580663924512
3FKY,8114,18.002499889415542,0.95466044062884581
3FKY,8115,18.003439699410066,0.95468535904906104
3FKY,8116,18.004037779869194,0.9547012164053621
3FKY,8117,18.004280733616934,0.95470765794527779
3FKY,8118,18.006476215058868,0.95476586574267264
3FKY,8119,18.007898802251297,0.95480358025301293
3FKY,8120,18.008498931650244,0.9548194899638327
3FKY,8121,18.008844357272459,0.95482864723829808
3FKY,8122,18.009968678967613,0.9548584525324868
3FKY,8123,18.010817435053202,0.95488095208228363
3FKY,8124,18.012312716989634,0.95492058900078181
3FKY,8125,18.012974268776912,0.95493812488392738
3FKY,8126,18.014309866805537,0.95497352686188652
3FKY,8127,18.014485563416454,0.95497818385969313
3FKY,8128,18.015528811872045,0.95500583563715591
3FKY,8129,18.016912141679779,0.95504250019176573
3FKY,8130,18.017513862089885,0.95505844809011586
3FKY,8131,18.018127752684556,0.95507471827059476
3FKY,8132,18.019197284042992,0.95510306381284127
3FKY,8133,18.02021137433756,0.9551299392364575
3FKY,8134,18.021388878686437,0.95516114451096723
3FKY,8135,18.022377513286276,0.95518734372379432
3FKY,8136,18.023044845466561,0.95520502788759676
3FKY,8137,18.024653427037681,0.95524765361856956
3FKY,8138,18.024943275974067,0.95525533411030328
3FKY,8139,18.025555375812012,0.9552715534864854
3FKY,8140,18.025955693549761,0.955282160927313
3FKY,8141,18.027376210489862,0.95531980020098484
3FKY,8142,18.027831861581724,0.95533187322132962
3FKY,8143,18.028630948118913,0.95535304560592682
3FKY,8144,18.030985944087281,0.95541544022452274
3FKY,8145,18.031049416326244,0.9554171218381613
3FKY,8146,18.031868882822877,0.95543883226133752
3FKY,8147,18.033024835019649,0.95546945648349735
3FKY,8148,18.033650100819354,0.95548602101442581
3FKY,8149,18.034509626992712,0.95550879109849429
3FKY,8150,18.035213242080975,0.95552743046986843
3FKY,8151,18.036730273173095,0.95556761669668788
3FKY,8152,18.03792758926917,0.9555993324645804
3FKY,8153,18.038840689728865,0.95562351892234421
3FKY,8154,18.039545508983739,0.95564218795127598
3FKY,8155,18.041122291381441,0.9556839519428928
3FKY,8156,18.04203749898825,0.95570819206820656
3FKY,8157,18.042057893545049,0.95570873223002328
3FKY,8158,18.042740019332779,0.95572679855632481
3FKY,8159,18.044972164725042,0.95578591527559409
3FKY,8160,18.046121391568835,0.95581635027246337
3FKY,8161,18.046486743628613,0.95582602569515684
3FKY,8162,18.047282384324681,0.95584709588220074
3FKY,8163,18.047720317282376,0.95585869304119453
3FKY,8164,18.048525335370762,0.95588001082936402
3FKY,8165,18.048784680305634,0.95588687847489184
3FKY,8166,18.049967205000023,0.95591819197728756
3FKY,8167,18.051553642460199,0.95596019956353184
3FKY,8168,18.052994022663196,0.95599833807246981
3FKY,8169,18.053040145786614,0.9559995592992957
3FKY,8170,18.05441983429159,0.95603608933502704
3FKY,8171,18.056199107479685,0.95608319712050127
3FKY,8172,18.056796800716143,0.95609902104136413
3FKY,8173,18.057790268715877,0.95612532251464877
3FKY,8174,18.058888048199368,0.95615438473088277
3FKY,8175,18.060262435286642,0.95619076851138152
3FKY,8176,18.060408405283198,0.95619463265459814
3FKY,8177,18.061627669468422,0.95622690861889004
3FKY,8178,18.062294830977979,0.95624456903987698
3FKY,8179,18.063153510927048,0.95626729866218996
3FKY,8180,18.063982233639166,0.95628923479143213
3FKY,8181,18.065618304879706,0.95633253980220445
3FKY,8182,18.066191916971658,0.95634772222068376
3FKY,8183,18.066799475998248,0.95636380288696166
3FKY,8184,18.0674498141275,0.95638101551641264
3FKY,8185,18.06889615580921,0.95641929502067302
3FKY,8186,18.06971093059197,0.95644085852770755
3FKY,8187,18.069869265336493,0.9564450488959938
3FKY,8188,18.071222293147784,0.95648085636389335
3FKY,8189,18.071768230877037,0.95649530405964345
3FKY,8190,18.073057548654553,0.95652942369831828
3FKY,8191,18.073901236190888,0.95655174981919489
3FKY,8192,18.075521757469698,0.95659463147767221
3FKY,8193,18.075712674330397,0.95659968332525414
3FKY,8194,18.076890525520646,0.95663084983418911
3FKY,8195,18.078168436899706,0.95666466283544083
3FKY,8196,18.079045020134245,0.9566878561705987
3FKY,8197,18.080027631418673,0.95671385421168142
3FKY,8198,18.081070045366431,0.95674143374616927
3FKY,8199,18.082091329821484,0.95676845347879891
3FKY,8200,18.08349472813007,0.95680558140699878
3FKY,8201,18.084781473621931,0.95683962193363947
3FKY,8202,18.086084559058953,0.95687409349525165
3FKY,8203,18.086896349811489,0.95689556781772511
3FKY,8204,18.087765783375886,0.95691856643259066
3FKY,8205,18.088894009352423,0.95694840990696373
3FKY,8206,18.09057369054122,0.95699283857490236
3FKY,8207,18.09094738418019,0.95700272273600262
3FKY,8208,18.091321684500876,0.9570126228414424
3FKY,8209,18.091640903901162,0.95702106599593539
3FKY,8210,18.092111195114597,0.9570335047701708
3FKY,8211,18.093487599389594,0.9570699084806179
3FKY,8212,18.094763694131494,0.95710365792604046
3FKY,8213,18.095084774638391,0.95711214949767953
3FKY,8214,18.095914699049565,0.95713409804446115
3FKY,8215,18.096509180383055,0.95714981965045165
3FKY,8216,18.098002819152374,0.95718931916292771
3FKY,8217,18.098734519323912,0.95720866849437436
3FKY,8218,18.100192029468118,0.95724721022932391
3FKY,8219,18.100716195377323,0.95726107065469712
3FKY,8220,18.101839431400801,0.95729077150814823
3FKY,8221,18.102874290553761,0.95731813466542259
3FKY,8222,18.102949523467995,0.95732012390086485
3FKY,8223,18.103687557215348,0.9573396380512128
3FKY,8224,18.104223249060858,0.95735380188502206
3FKY,8225,18.106062246337814,0.95740242386409902
3FKY,8226,18.107317611961683,0.95743561355610773
3FKY,8227,18.108106756773171,0.95745647658869681
3FKY,8228,18.109117279548737,0.95748319164210649
3FKY,8229,18.109648448903144,0.95749723379533669
3FKY,8230,18.110317702744375,0.95751492609850941
3FKY,8231,18.110990555990693,0.95753271322552147
3FKY,8232,18.112242501759084,0.95756580800044944
3FKY,8233,18.113407862526,0.9575966129014758
3FKY,8234,18.11454555248396,0.95762668540225038
3FKY,8235,18.116425211007929,0.95767636825144453
3FKY,8236,18.116768940447262,0.95768545337712152
3FKY,8237,18.11818786793572,0.95772295619048731
3FKY,8238,18.118900653627005,0.95774179484340505
3FKY,8239,18.119537257491139,0.95775861972654097
3FKY,8240,18.120787727411301,0.95779166769198687
3FKY,8241,18.121477596576149,0.95780989936764982
3FKY,8242,18.122128461740882,0.9578270999379962
3FKY,8243,18.123125106930502,0.95785343792166688
3FKY,8244,18.12382192840408,0.95787185214174486
3FKY,8245,18.125243078003468,0.95790940637615918
3FKY,8246,18.12574676488267,0.95792271607483304
3FKY,8247,18.1263389801417,0.95793836485949013
3FKY,8248,18.128077267991507,0.95798429616151326
3FKY,8249,18.128583100932495,0.95799766152361121
3FKY,8250,18.128776705458719,0.95800277698650105
3FKY,8251,18.128869679997099,0.95800523357122291
3FKY,8252,18.130816659902504,0.95805667546735696
3FKY,8253,18.131570476416684,0.95807659159828895
3FKY,8254,18.131716341811575,0.95808044537200066
3FKY,8255,18.133244971763915,0.95812083094751066
3FKY,8256,18.133707662875633,0.95813305466050946
3FKY,8257,18.134255987607606,0.95814754050335849
3FKY,8258,18.134700612432319,0.95815928660342597
3FKY,8259,18.136381833582458,0.95820369980767239
3FKY,8260,18.13745962791954,0.95823217106473035
3FKY,8261,18.137920179436289,0.95824433683897237
3FKY,8262,18.140032051896654,0.95830012137496279
3FKY,8263,18.141719319205702,0.95834468774798809
3FKY,8264,18.142037465605235,0.95835309082627007
3FKY,8265,18.143009242900952,0.95837875754936297
3FKY,8266,18.143796125322076,0.95839954029852825
3FKY,8267,18.144731687751182,0.95842424932406822
3FKY,8268,18.1451837745097,0.95843618910418527
3FKY,8269,18.145696918329755,0.95844974124387128
3FKY,8270,18.146901691949996,0.95848155858887996
3FKY,8271,18.147918336874408,0.9585084067467885
3FKY,8272,18.148078290023101,0.95851263081527482
3FKY,8273,18.148910718306688,0.95853461341480839
3FKY,8274,18.150294988492501,0.95857116782867657
3FKY,8275,18.150837583218678,0.95858549574383067
3FKY,8276,18.151474354170045,0.95860231023081643
3FKY,8277,18.152278955317446,0.95862355599731941
3FKY,8278,18.152763686839435,0.95863635527046775
3FKY,8279,18.154225998216916,0.95867496637793315
3FKY,8280,18.155304622566128,0.95870344555415588
3FKY,8281,18.155922887288497,0.95871976936380132
3FKY,8282,18.156262028706887,0.9587287234683679
3FKY,8283,18.156552974682938,0.95873640503702784
3FKY,8284,18.158065537910439,0.95877633880729241
3FKY,8285,18.159016466753485,0.95880144379813859
3FKY,8286,18.161038340045266,0.95885482006651634
3FKY,8287,18.161818201031373,0.95887540714485608
3FKY,8288,18.162776654601121,0.95890070817534701
3FKY,8289,18.163130996796575,0.95891006184773475
3FKY,8290,18.163808463300519,0.95892794487103616
3FKY,8291,18.16481918957496,0.958954624303065
3FKY,8292,18.165226404840979,0.95896537306884788
3FKY,8293,18.166289099781597,0.95899342316641756
3FKY,8294,18.167361033548598,0.95902171629395239
3FKY,8295,18.167973103274939,0.95903787117782457
3FKY,8296,18.169462109861261,0.95907717067591935
3FKY,8297,18.171145032975815,0.95912158629362554
3FKY,8298,18.171306284005951,0.95912584191429295
3FKY,8299,18.172267694949397,0.95915121438530915
3FKY,8300,18.173909816558471,0.95919454985069252
3FKY,8301,18.174920171660052,0.9592212120727367
3FKY,8302,18.175397475673009,0.95923380737229336
3FKY,8303,18.175577082023203,0.95923854685757104
3FKY,8304,18.176216964648638,0.95925543200720909
3FKY,8305,18.177243530030204,0.95928252027636729
3FKY,8306,18.177928592571639,0.95930059678858692
3FKY,8307,18.179281651802096,0.95933629850145941
3FKY,8308,18.18041976593803,0.95936632766144803
3FKY,8309,18.18123417389458,0.95938781525169115
3FKY,8310,18.181844892479567,0.95940392832309074
3FKY,8311,18.18250566209111,0.95942136162551772
3FKY,8312,18.183612606898482,0.95945056580536536
3FKY,8313,18.184105621651657,0.95946357257381865
3FKY,8314,18.185526822946944,0.95950106587313866
3FKY,8315,18.185951192812123,0.95951226106606557
3FKY,8316,18.187052444621614,0.95954131229925121
3FKY,8317,18.187691120149363,0.95955816027876162
3FKY,8318,18.188995559159977,0.95959256988707131
3FKY,8319,18.18910741156273,0.95959552036801588
3FKY,8320,18.18973280158934,0.95961201695292475
3FKY,8321,18.190489192856134,0.95963196871943668
3FKY,8322,18.191316443522243,0.95965378911006938
3FKY,8323,18.192455173989355,0.95968382459183454
3FKY,8324,18.192569483539337,0.95968683960142909
3FKY,8325,18.193803967757972,0.95971939954746532
3FKY,8326,18.194449713217409,0.95973643086611626
3FKY,8327,18.194713113891872,0.95974337788326325
3FKY,8328,18.196763517372432,0.95979745418863216
3FKY,8329,18.197793791901034,0.95982462497843324
3FKY,8330,18.198364732515859,0.95983968170919842
3FKY,8331,18.199888249289831,0.95987985843036505
3FKY,8332,18.200454947552018,0.95989480242358904
3FKY,8333,18.200988261069011,0.95990886583915802
3FKY,8334,18.201622829545009,0.95992559906782171
3FKY,8335,18.20226414885067,0.95994251001586817
3FKY,8336,18.203933063935548,0.95998651623954445
3FKY,8337,18.206020272241581,0.96004154924785945
3FKY,8338,18.207100546280916,0.9600700313807693
3FKY,8339,18.207893764052905,0.96009094454909749
3FKY,8340,18.207911599789288,0.96009141478264082
3FKY,8341,18.208665977322958,0.960111303496618
3FKY,8342,18.208817158560564,0.96011528925026945
3FKY,8343,18.209900729444616,0.96014385611122544
3FKY,8344,18.210699086065418,0.96016490314531999
3FKY,8345,18.21143042885917,0.96018418309249154
3FKY,8346,18.212209772410379,0.96020472802849466
3FKY,8347,18.213661903932127,0.96024300772594229
3FKY,8348,18.215287098989116,0.96028584774864001
3FKY,8349,18.215608685031807,0.96029432450667707
3FKY,8350,18.217086434569541,0.96033327587358075
3FKY,8351,18.217938822114018,0.96035574287319292
3FKY,8352,18.218474565261435,0.96036986357671594
3FKY,8353,18.218856617585235,0.96037993328955629
3FKY,8354,18.220261933699121,0.96041697214986677
3FKY,8355,18.220932204566306,0.96043463747210278
3FKY,8356,18.221638249614784,0.96045324528930009
3FKY,8357,18.222907333981059,0.960486691101335
3FKY,8358,18.223199880591018,0.96049440079311255
3FKY,8359,18.224222540032333,0.96052135118858084
3FKY,8360,18.224467817653952,0.96052781493756412
3FKY,8361,18.225851592061701,0.96056428043526776
3FKY,8362,18.226637744645057,0.96058499666747654
3FKY,8363,18.228706968492741,0.9606395215063479
3FKY,8364,18.229834554270855,0.96066923251968572
3FKY,8365,18.231597879868694,0.96071569294373071
3FKY,8366,18.231943555832153,0.96072480061357979
3FKY,8367,18.233385365457679,0.96076278764651124
3FKY,8368,18.234144825468864,0.96078279636417374
3FKY,8369,18.235126673548908,0.96080866349571048
3FKY,8370,18.23621298010772,0.96083728181100125
3FKY,8371,18.236749574200743,0.96085141785497341
3FKY,8372,18.237770624623224,0.96087831585042582
3FKY,8373,18.238381667865497,0.96089441248021146
3FKY,8374,18.240459900037585,0.96094915705223583
3FKY,8375,18.241975304760086,0.96098907371701137
3FKY,8376,18.242445421607243,0.9610014565383691
3FKY,8377,18.242709121073698,0.96100840228083129
3FKY,8378,18.243671388879093,0.96103374761867977
3FKY,8379,18.245177469651093,0.96107341519838474
3FKY,8380,18.246049242622398,0.96109637545240956
3FKY,8381,18.247128067096586,0.96112478815019886
3FKY,8382,18.247468078226028,0.96113374275393781
3FKY,8383,18.248980462001796,0.96117357219642752
3FKY,8384,18.249202196628733,0.96117941155870046
3FKY,8385,18.249982351750621,0.96119995659455548
3FKY,8386,18.250581653515511,0.96121573863999055
3FKY,8387,18.251394188645726,0.96123713557071333
3FKY,8388,18.252610493327023,0.96126916429514198
3FKY,8389,18.255145995990972,0.96133592778333377
3FKY,8390,18.255812429870275,0.96135347519119252
3FKY,8391,18.256332496869213,0.96136716849183268
3FKY,8392,18.256838147763073,0.96138048203118087
3FKY,8393,18.258363786522594,0.96142065023209611
3FKY,8394,18.259716166489088,0.96145625533796908
3FKY,8395,18.260573271141176,0.961478820282341
3FKY,8396,18.261460819975703,0.96150218617082206
3FKY,8397,18.261668798667671,0.96150766140085997
3FKY,8398,18.262919168229519,0.96154057787054392
3FKY,8399,18.263601083161497,0.96155852907405004
3FKY,8400,18.264708664945925,0.96158768511399295
3FKY,8401,18.265622828419854,0.96161174893444146
3FKY,8402,18.266594057720479,0.9616373142573551
3FKY,8403,18.267496736916112,0.961661074550893
3FKY,8404,18.269109072297077,0.96170351293163092
3FKY,8405,18.269466229206596,0.96171291342769427
3FKY,8406,18.27077940856676,0.96174747598249111
3FKY,8407,18.271343043273863,0.96176231032710957
3FKY,8408,18.271945080729644,0.961778155143866
3FKY,8409,18.273078728541403,0.96180799052222932
3FKY,8410,18.273574051590224,0.96182102615910559
3FKY,8411,18.274236839401091,0.96183846876421009
3FKY,8412,18.275084137665136,0.96186076667535281
3FKY,8413,18.275973911993407,0.96188418185073943
3FKY,8414,18.276843757592275,0.96190707203352488
3FKY,8415,18.277248863477563,0.96191773230019606
3FKY,8416,18.277432278029178,0.96192255877239252
3FKY,8417,18.279493734274261,0.961976803409331
3FKY,8418,18.280074985312961,0.96199209774897254
3FKY,8419,18.280695704265508,0.96200843033127381
3FKY,8420,18.282333313376295,0.96205151836566161
3FKY,8421,18.282627757404484,0.96205926543981779
3FKY,8422,18.28448477501253,0.96210812372363297
3FKY,8423,18.286079072445755,0.96215006783898649
3FKY,8424,18.28693416521212,0.96217256358402969
3FKY,8425,18.287696332534615,0.96219261420703339
3FKY,8426,18.288966393759427,0.96222602525813594
3FKY,8427,18.289221763777853,0.96223274304674022
3FKY,8428,18.289976627359554,0.96225260028751147
3FKY,8429,18.290790515300987,0.96227400974832145
3FKY,8430,18.291258973368251,0.96228633240151951
3FKY,8431,18.291712967226935,0.96229827442735427
3FKY,8432,18.292382620048258,0.96231588895743747
3FKY,8433,18.293702275592779,0.96235060019822538
3FKY,8434,18.29481065293119,0.96237975316641067
3FKY,8435,18.295429555321707,0.9623960313915273
3FKY,8436,18.297142318169968,0.96244107864188477
3FKY,8437,18.298397138363914,0.96247408023783843
3FKY,8438,18.299610846660556,0.96250599952010207
3FKY,8439,18.300249377512035,0.9625227918010808
3FKY,8440,18.30085223103772,0.96253864555989876
3FKY,8441,18.302611351500424,0.96258490517445217
3FKY,8442,18.302916031015833,0.96259291710991546
3FKY,8443,18.304485002076468,0.96263417414411445
3FKY,8444,18.304930339633636,0.96264588423986563
3FKY,8445,18.306075271326701,0.96267598942266874
3FKY,8446,18.307568044310479,0.96271523943646908
3FKY,8447,18.309690902429008,0.96277105374822547
3FKY,8448,18.309867169756814,0.96277568803379054
3FKY,8449,18.31035006997838,0.96278838396225763
3FKY,8450,18.311341567098104,0.96281445088570505
3FKY,8451,18.313721296089266,0.96287701219549271
3FKY,8452,18.314805862434721,0.96290552329174939
3FKY,8453,18.315247662863296,0.96291713710602023
3FKY,8454,18.316619970064863,0.96295321069329942
3FKY,8455,18.318005408115269,0.96298962807801602
3FKY,8456,18.318817965850371,0.96301098618924119
3FKY,8457,18.319761714104761,0.96303579205372913
3FKY,8458,18.320610880153652,0.96305811133481378
3FKY,8459,18.321500680281854,0.96308149807753507
3FKY,8460,18.322520459534498,0.96310830038159978
3FKY,8461,18.323303294119231,0.96312887469164066
3FKY,8462,18.324608681444946,0.96316318165622916
3FKY,8463,18.326111507873097,0.96320267601687848
3FKY,8464,18.327612033855129,0.9632421083060666
3FKY,8465,18.328631652462533,0.9632689019198718
3FKY,8466,18.328984449828649,0.96327817258182258
3FKY,8467,18.330009559787886,0.96330510948725989
3FKY,8468,18.330687241981604,0.96332291658888636
3FKY,8469,18.332115007433323,0.96336043215990153
3FKY,8470,18.332863109892543,0.96338008851040202
3FKY,8471,18.33347268233813,0.96339610469596981
3FKY,8472,18.333941501101997,0.96340842247371317
3FKY,8473,18.335905711442027,0.96346002856462731
3FKY,8474,18.336999586507584,0.96348876696459029
3FKY,8475,18.337922238813015,0.96351300631590286
3FKY,8476,18.340299566548051,0.96357545919169973
3FKY,8477,18.34044097588858,0.96357917391585379
3FKY,8478,18.341041467147818,0.9635949482403684
3FKY,8479,18.341809555640729,0.96361512480570366
3FKY,8480,18.342710848333017,0.96363879991252888
3FKY,8481,18.344491697994613,0.96368557746340544
3FKY,8482,18.344980991860321,0.96369842934028316
3FKY,8483,18.346857432129834,0.96374771465439679
3FKY,8484,18.348127585937604,0.96378107422696957
3FKY,8485,18.348415796968528,0.96378864369815642
3FKY,8486,18.34989842611623,0.96382758199904928
3FKY,8487,18.350568070402257,0.96384516835647116
3FKY,8488,18.351219173175647,0.96386226746460879
3FKY,8489,18.352999912474353,0.96390903127266847
3FKY,8490,18.354521614826488,0.96394899074099916
3FKY,8491,18.35493146918483,0.96395975311601156
3FKY,8492,18.355722381080643,0.96398052134999468
3FKY,8493,18.356380888978393,0.96399781249986816
3FKY,8494,18.357656768453655,0.96403131375643925
3FKY,8495,18.359168070524056,0.96407099508816274
3FKY,8496,18.359785289069972,0.96408720054731956
3FKY,8497,18.360061193604974,0.96409444450543946
3FKY,8498,18.36156575192992,0.96413394618769255
3FKY,8499,18.362392624771047,0.96415565477210896
3FKY,8500,18.363248058688971,0.96417811267998055
3FKY,8501,18.364688741464118,0.96421593408147999
3FKY,8502,18.365252317046945,0.96423072889765415
3FKY,8503,18.365902673326978,0.96424780157238532
3FKY,8504,18.366392124618706,0.96426065008835771
3FKY,8505,18.367309239583804,0.96428472468142412
3FKY,8506,18.368302077302712,0.96431078634610834
3FKY,8507,18.368463554545777,0.96431502500421495
3FKY,8508,18.369637415375454,0.96434583742212654
3FKY,8509,18.370780475116167,0.96437584040287738
3FKY,8510,18.372199906640709,0.96441309627860505
3FKY,8511,18.372742850752584,0.96442734657378393
3FKY,8512,18.37393282060059,0.96445857818928904
3FKY,8513,18.375187982919115,0.96449151973217495
3FKY,8514,18.376028356993018,0.96451357459227671
3FKY,8515,18.377531631827896,0.96455302542747079
3FKY,8516,18.378208743277057,0.96457079451349814
3FKY,8517,18.379191806973388,0.96459659196372238
3FKY,8518,18.380808393253421,0.96463901274438113
3FKY,8519,18.38145901871944,0.96465608525664304
3FKY,8520,18.382088271097636,0.96467259664837479
3FKY,8521,18.382791200299643,0.96469104096346281
3FKY,8522,18.383273829262631,0.96470370456758414
3FKY,8523,18.384680377786431,0.96474060976276832
3FKY,8524,18.385282540197792,0.96475640894347692
3FKY,8525,18.386071326148905,0.96477710425065966
3FKY,8526,18.386768183898852,0.96479538727643155
3FKY,8527,18.387867525615473,0.96482422932070022
3FKY,8528,18.389601404006704,0.96486971715244518
3FKY,8529,18.391399938945902,0.96491689896546851
3FKY,8530,18.391704657726446,0.96492489256801817
3FKY,8531,18.392721028882342,0.96495155426952317
3FKY,8532,18.392970584712323,0.964958100567616
3FKY,8533,18.393958078494347,0.96498400386937833
3FKY,8534,18.394347278555784,0.96499421292403953
3FKY,8535,18.395485494435309,0.9650240686924797
3FKY,8536,18.396484292137487,0.9650502667164339
3FKY,8537,18.397554070138099,0.96507832573358576
3FKY,8538,18.398700447437061,0.9651083929546469
3FKY,8539,18.398798541365075,0.96511096572187338
3FKY,8540,18.400139930579165,0.96514614643875063
3FKY,8541,18.401558616571744,0.96518335302881419
3FKY,8542,18.402632002421804,0.9652115027923176
3FKY,8543,18.403443431690622,0.96523278214601571
3FKY,8544,18.40464456500818,0.96526428044527735
3FKY,8545,18.404692606568407,0.96526554025694167
3FKY,8546,18.406050555860123,0.96530114958515345
3FKY,8547,18.406315150422518,0.96530808786114497
3FKY,8548,18.408277941149599,0.96535955517656669
3FKY,8549,18.409103155336712,0.9653811927103827
3FKY,8550,18.409931079615308,0.96540290081681701
3FKY,8551,18.410995439858066,0.9654308075376582
3FKY,8552,18.412001100561302,0.96545717445980794
3FKY,8553,18.41291550769915,0.96548114822469189
3FKY,8554,18.413594111507575,0.96549893935471043
3FKY,8555,18.414435015885427,0.96552098510555417
3FKY,8556,18.415060356495147,0.96553737915606708
3FKY,8557,18.416780793377473,0.96558248102621191
3FKY,8558,18.417467405017572,0.96560048020856659
3FKY,8559,18.41819991130032,0.96561968212623894
3FKY,8560,18.418683772325636,0.96563236584840373
3FKY,8561,18.419611187871567,0.96565667624989682
3FKY,8562,18.422100747393984,0.9657219322024434
3FKY,8563,18.42275459200965,0.96573906994616754
3FKY,8564,18.424459353303451,0.96578375155155072
3FKY,8565,18.424812763110346,0.96579301412490104
3FKY,8566,18.425704575406638,0.96581638737907172
3FKY,8567,18.426738744842407,0.96584349092264787
3FKY,8568,18.428019643575347,0.96587705970066495
3FKY,8569,18.428540855715912,0.96589071888108446
3FKY,8570,18.429415135180271,0.96591363030992639
3FKY,8571,18.42970146827632,0.96592113385694633
3FKY,8572,18.430555693939265,0.96594351905568243
3FKY,8573,18.431456071697536,0.96596711312015582
3FKY,8574,18.43181966790976,0.96597664086039459
3FKY,8575,18.434085014077134,0.96603600028034931
3FKY,8576,18.435672823723628,0.96607760387093566
3FKY,8577,18.436244057105,0.96609257081862532
3FKY,8578,18.437821812842625,0.96613390856296832
3FKY,8579,18.439047568100641,0.96616602255259165
3FKY,8580,18.439582364400721,0.9661800335329781
3FKY,8581,18.440475993278461,0.96620344501544919
3FKY,8582,18.441418005354013,0.9662281234372383
3FKY,8583,18.442804507347446,0.96626444526561384
3FKY,8584,18.443240894886632,0.96627587691281813
3FKY,8585,18.443789981456295,0.966290260641814
3FKY,8586,18.444977552468963,0.96632136921095824
3FKY,8587,18.446020187975154,0.96634868035106369
3FKY,8588,18.446878975486452,0.96637117513613879
3FKY,8589,18.447407373515507,0.96638501555240519
3FKY,8590,18.449042825966806,0.96642785197063197
3FKY,8591,18.449659385034266,0.96644400063705704
3FKY,8592,18.45032920636843,0.96646154402148965
3FKY,8593,18.45072249489138,0.966471844547929
3FKY,8594,18.4525581568981,0.96651992048429414
3FKY,8595,18.452882106733753,0.96652840447314137
3FKY,8596,18.453260184639394,0.96653830593896761
3FKY,8597,18.454531023341385,0.96657158713499214
3FKY,8598,18.455394363060297,0.96659419594260321
3FKY,8599,18.455618442676332,0.96660006396673137
3FKY,8600,18.455996036746111,0.96660995202836186
3FKY,8601,18.457151901956344,0.96664022005942818
3FKY,8602,18.458632494907715,0.96667899017962688
3FKY,8603,18.459603865870228,0.96670442520435385
3FKY,8604,18.460285787254012,0.96672228068858246
3FKY,8605,18.461067756873838,0.96674275543793864
3FKY,8606,18.462604501735939,0.9667829916275843
3FKY,8607,18.463638365566446,0.96681006007219505
3FKY,8608,18.464678473077068,0.96683729122305095
3FKY,8609,18.465075441726164,0.96684768409371857
3FKY,8610,18.465472005579862,0.96685806625506343
3FKY,8611,18.467363975564119,0.96690759706547635
3FKY,8612,18.468176214539131,0.96692886028965119
3FKY,8613,18.468957534521117,0.96694931365875192
3FKY,8614,18.469650586837918,0.96696745599770306
3FKY,8615,18.471672419963802,0.96702038047844041
3FKY,8616,18.472011602685711,0.96702925880552548
3FKY,8617,18.472969608802966,0.96705433479492264
3FKY,8618,18.473736674074395,0.96707441240321113
3FKY,8619,18.475084206661041,0.96710968248809048
3FKY,8620,18.47543673870636,0.96711890938860745
3FKY,8621,18.476490872780051,0.96714649895167903
3FKY,8622,18.478790002867214,0.96720667072511068
3FKY,8623,18.479385090025342,0.96722224446221927
3FKY,8624,18.480150898556186,0.96724228569650894
3FKY,8625,18.481464824328249,0.96727667020952057
3FKY,8626,18.481610623538725,0.9672804855969378
3FKY,8627,18.482193504824494,0.96729573873854113
3FKY,8628,18.483415844256889,0.96732772477351481
3FKY,8629,18.484855173507938,0.96736538761671598
3FKY,8630,18.485335024788849,0.96737794353082884
3FKY,8631,18.48634930348959,0.96740448287629954
3FKY,8632,18.4881887732218,0.9674526120923721
3FKY,8633,18.488785788572319,0.96746823231901202
3FKY,8634,18.48940794743832,0.9674845101287487
3FKY,8635,18.490962104900131,0.96752517102169977
3FKY,8636,18.492002073661446,0.96755237841633701
3FKY,8637,18.492626136671781,0.96756870462464262
3FKY,8638,18.493469494868272,0.96759076741032746
3FKY,8639,18.494628452835787,0.96762108566567095
3FKY,8640,18.495880537065023,0.96765383902970015
3FKY,8641,18.496309611171448,0.96766506295595611
3FKY,8642,18.497304630944694,0.96769109065939807
3FKY,8643,18.497503754598707,0.96769629924711376
3FKY,8644,18.498619743985131,0.96772549028081678
3FKY,8645,18.499017867644472,0.96773590382371444
3FKY,8646,18.500411663502412,0.96777235983717247
3FKY,8647,18.50172527673616,0.96780671734327617
3FKY,8648,18.501920772621673,0.96781183042674801
3FKY,8649,18.503314761359601,0.96784828862473582
3FKY,8650,18.504148607388981,0.96787009626760712
3FKY,8651,18.504500961668139,0.96787931126997928
3FKY,8652,18.504916170163341,0.96789016996481536
3FKY,8653,18.506875885643485,0.96794141956561675
3FKY,8654,18.507199424122675,0.96794988033792873
3FKY,8655,18.508412330266239,0.96798159807907935
3FKY,8656,18.509225808614609,0.96800287012028774
3FKY,8657,18.511168342613043,0.96805366449633634
3FKY,8658,18.511544008202144,0.9680634872854329
3FKY,8659,18.512888764093987,0.96809864873485818
3FKY,8660,18.513649216834857,0.96811853179363561
3FKY,8661,18.514429433823011,0.96813893119081307
3FKY,8662,18.514804765530123,0.96814874438536702
3FKY,8663,18.515363690725771,0.96816335751927329
3FKY,8664,18.517039077897241,0.96820715929936596
3FKY,8665,18.51752183067827,0.96821978015225829
3FKY,8666,18.518311626323801,0.96824042782908137
3FKY,8667,18.519451620711596,0.96827022999704204
3FKY,8668,18.521574280242639,0.96832571892792541
3FKY,8669,18.521676446449298,0.96832838959802048
3FKY,8670,18.522738589450952,0.96835615405229636
3FKY,8671,18.52395822943889,0.96838803450132716
3FKY,8672,18.524464542788149,0.96840126883366384
3FKY,8673,18.525273310364152,0.96842240852697392
3FKY,8674,18.526496124480111,0.9684543697571949
3FKY,8675,18.527411471032643,0.96847829388222617
3FKY,8676,18.527464883629932,0.96847968989223798
3FKY,8677,18.529321460095964,0.96852821276272494
3FKY,8678,18.530296534127491,0.96855369600255203
3FKY,8679,18.530661983952122,0.96856324674105632
3FKY,8680,18.532258824576783,0.96860497778722965
3FKY,8681,18.533211802527468,0.96862988158684893
3FKY,8682,18.533697345917403,0.96864256985591368
3FKY,8683,18.535031957403451,0.96867744520224575
3FKY,8684,18.535136333677084,0.96868017265370021
3FKY,8685,18.536588550805455,0.96871811967389476
3FKY,8686,18.537768111049484,0.96874894096555286
3FKY,8687,18.538751074311662,0.96877462453195373
3FKY,8688,18.539506947690395,0.96879437406852564
3FKY,8689,18.540511295873191,0.96882061515720264
3FKY,8690,18.541027002721869,0.96883408900223711
3FKY,8691,18.541876290901577,0.96885627790033557
3FKY,8692,18.542486463724494,0.96887221924568179
3FKY,8693,18.544141925292049,0.96891546843257181
3FKY,8694,18.544405660436176,0.96892235837531449
3FKY,8695,18.546320610128628,0.96897238396548846
3FKY,8696,18.54777563998406,0.96901039301660397
3FKY,8697,18.549187482350074,0.96904727247641154
3FKY,8698,18.549567075148492,0.9690571877755163
3FKY,8699,18.550362406709553,0.96907796220927001
3FKY,8700,18.550662509502988,0.96908580091939678
3FKY,8701,18.551163817029931,0.96909889497261326
3FKY,8702,18.552569227981394,0.96913560308480984
3FKY,8703,18.553324450078396,0.96915532825508355
3FKY,8704,18.554602931692571,0.96918871919607918
3FKY,8705,18.556206516019969,0.96923059943106993
3FKY,8706,18.556546745728738,0.96923948485527434
3FKY,8707,18.557229755175253,0.9692573220542352
3FKY,8708,18.557784716469968,0.96927181495764758
3FKY,8709,18.558309438264185,0.96928551795233409
3FKY,8710,18.559048580105422,0.96930482015093533
3FKY,8711,18.559787649647323,0.96932412007717816
3FKY,8712,18.561519572140131,0.96936934567769073
3FKY,8713,18.562299925025318,0.96938972230182374
3FKY,8714,18.562825668916911,0.96940345031824537
3FKY,8715,18.564599928112536,0.96944977763713847
3FKY,8716,18.564989640960185,0.96945995305304355
3FKY,8717,18.565452333545636,0.96947203383375014
3FKY,8718,18.566593654247612,0.96950183277097812
3FKY,8719,18.567387917268601,0.96952256977943685
3FKY,8720,18.567733318553891,0.96953158754719837
3FKY,8721,18.568300827479934,0.96954640393906455
3FKY,8722,18.569558891927585,0.96957924838758491
3FKY,8723,18.570227289131616,0.96959669786581271
3FKY,8724,18.57081673602125,0.96961208597102155
3FKY,8725,18.571593835483966,0.96963237256259949
3FKY,8726,18.572630159796319,0.96965942569527397
3FKY,8727,18.575102899216677,0.96972397323818105
3FKY,8728,18.576706624837456,0.9697658340457227
3FKY,8729,18.577808208647813,0.969794586787736
3FKY,8730,18.578473752829691,0.96981195792638231
3FKY,8731,18.579166839015215,0.9698300475986219
3FKY,8732,18.57943534224416,0.96983705548979249
3FKY,8733,18.57974600443751,0.96984516365997775
3FKY,8734,18.579913696666654,0.96984954033795856
3FKY,8735,18.580910457827091,0.96987555486644594
3FKY,8736,18.582250662596294,0.96991053185019982
3FKY,8737,18.583618212327679,0.9699462211891382
3FKY,8738,18.584179249191628,0.96996086234977874
3FKY,8739,18.585141684594756,0.96998597813711174
3FKY,8740,18.586006766551957,0.97000855282656817
3FKY,8741,18.587123769792754,0.97003770073423345
3FKY,8742,18.588356306725963,0.97006986244703119
3FKY,8743,18.588759002025967,0.97008037011247916
3FKY,8744,18.589494016856577,0.97009954881103
3FKY,8745,18.591459114789181,0.97015082213344672
3FKY,8746,18.591807146157848,0.97015990268318197
3FKY,8747,18.592692925593514,0.97018301333210921
3FKY,8748,18.593367371111565,0.97020060975167566
3FKY,8749,18.594349647049341,0.97022623695809884
3FKY,8750,18.595044289198029,0.97024435949952847
3FKY,8751,18.595990005516509,0.97026903177895618
3FKY,8752,18.59728687959241,0.9703028642023922
3FKY,8753,18.599335591971613,0.97035630793207239
3FKY,8754,18.600130168892353,0.97037703486849658
3FKY,8755,18.600916451474905,0.97039754500715703
3FKY,8756,18.601031132930373,0.97040053643049906
3FKY,8757,18.6027330792455,0.97044492998665477
3FKY,8758,18.603095953910916,0.97045439494431684
3FKY,8759,18.603443052724245,0.97046344832979925
3FKY,8760,18.605460626249755,0.97051607106935311
3FKY,8761,18.606076205074306,0.97053212614621198
3FKY,8762,18.606584219671198,0.97054537561149323
3FKY,8763,18.607619656681102,0.97057238015486547
3FKY,8764,18.607854832028732,0.97057851350184676
3FKY,8765,18.60973422842628,0.97062752655901963
3FKY,8766,18.610742845509545,0.97065382941289657
3FKY,8767,18.611335549335994,0.97066928569164834
3FKY,8768,18.61285719390402,0.97070896536572238
3FKY,8769,18.613705962748334,0.97073109786600242
3FKY,8770,18.614562338624296,0.9707534282158653
3FKY,8771,18.615708321023128,0.97078330937021973
3FKY,8772,18.616295397317248,0.97079861685582647
3FKY,8773,18.616592232838663,0.97080635648282476
3FKY,8774,18.617485597780728,0.97082964952026962
3FKY,8775,18.618572721856889,0.970857993758101
3FKY,8776,18.619285334204406,0.97087657302259489
3FKY,8777,18.620318470927185,0.97090350838313932
3FKY,8778,18.621368777998697,0.97093089063340865
3FKY,8779,18.622631818436879,0.97096381797076625
3FKY,8780,18.623042956838546,0.97097453606670414
3FKY,8781,18.623555566981349,0.9709878992955735
3FKY,8782,18.624959123350898,0.97102448765190219
3FKY,8783,18.625772076309175,0.97104567933910924
3FKY,8784,18.626294616663216,0.97105930043874022
3FKY,8785,18.627515760400989,0.97109113134159553
3FKY,8786,18.628258723682649,0.97111049725890308
3FKY,8787,18.629688722932066,0.97114777021750709
3FKY,8788,18.629979979563835,0.97115536165199612
3FKY,8789,18.630586859324115,0.97117117942888076
3FKY,8790,18.632157041111775,0.97121210361397547
3FKY,8791,18.63247200821036,0.97122031250157115
3FKY,8792,18.63300073502068,0.97123409238474634
3FKY,8793,18.633507605944942,0.97124730246779201
3FKY,8794,18.635392849119579,0.97129643414700062
3FKY,8795,18.636109359517803,0.97131510660834919
3FKY,8796,18.637352265811227,0.97134749624256167
3FKY,8797,18.637977642366451,0.9713637928936828
3FKY,8798,18.63948500647696,0.97140307208331189
3FKY,8799,18.640316217317451,0.97142473125903905
3FKY,8800,18.640698411936427,0.97143469008692573
3FKY,8801,18.641110947626693,0.97144543939616146
3FKY,8802,18.64161081956971,0.97145846423854709
3FKY,8803,18.642936760881273,0.97149301259433396
3FKY,8804,18.644137954701598,0.97152430950376556
3FKY,8805,18.645974052115207,0.97157214677466575
3FKY,8806,18.647319622727586,0.97160720247463372
3FKY,8807,18.648115000990128,0.97162792360302475
3FKY,8808,18.649370878329467,0.97166064071538338
3FKY,8809,18.650678644496722,0.97169470842319938
3FKY,8810,18.651326381505527,0.97171158172768402
3FKY,8811,18.652099090114778,0.97173171011193238
3FKY,8812,18.652198687649609,0.97173430451037468
3FKY,8813,18.653477009632109,0.97176760267701123
3FKY,8814,18.654352612087276,0.97179041000975031
3FKY,8815,18.655558108979026,0.9718218094213894
3FKY,8816,18.655785584955119,0.9718277343430537
3FKY,8817,18.657048877400815,0.97186063785833832
3FKY,8818,18.658460938350952,0.97189741485612402
3FKY,8819,18.658900014876085,0.97190885028026253
3FKY,8820,18.659384685180928,0.97192147300452447
3FKY,8821,18.660990265127531,0.97196328746104466
3FKY,8822,18.661816291739719,0.97198479914519398
3FKY,8823,18.662859571784963,0.97201196794155464
3FKY,8824,18.663707537556448,0.97203404986080355
3FKY,8825,18.664387498706805,0.97205175640087815
3FKY,8826,18.664999725610716,0.97206769883020105
3FKY,8827,18.665223795550688,0.97207353356099235
3FKY,8828,18.665646146212762,0.9720845313819273
3FKY,8829,18.667004098689926,0.97211989100942575
3FKY,8830,18.669423646447981,0.97218289025338711
3FKY,8831,18.670099013065361,0.97220047445803781
3FKY,8832,18.671005817885469,0.9722240840107037
3FKY,8833,18.671480866616143,0.972236452141372
3FKY,8834,18.672876887154715,0.97227279732192839
3FKY,8835,18.672968210935814,0.97227517487521276
3FKY,8836,18.674381127828216,0.97231195847644669
3FKY,8837,18.676306458631704,0.97236207992096746
3FKY,8838,18.677021614278434,0.97238069665272864
3FKY,8839,18.677976830390048,0.9724055620154054
3FKY,8840,18.679784098205872,0.97245260551436252
3FKY,8841,18.680559112971171,0.97247277858774306
3FKY,8842,18.681218461024567,0.97248994061088812
3FKY,8843,18.682314863333161,0.97251847795105739
3FKY,8844,18.682636904558699,0.97252685993410182
3FKY,8845,18.68309618058483,0.9725388136943981
3FKY,8846,18.684233789966431,0.97256842207479188
3FKY,8847,18.684999187980932,0.97258834246125669
3FKY,8848,18.685535055982527,0.97260228881548261
3FKY,8849,18.686802244348666,0.97263526751817464
3FKY,8850,18.687912203031171,0.97266415338412326
3FKY,8851,18.689743833787297,0.97271181836424814
3FKY,8852,18.690087285325646,0.9727207558285218
3FKY,8853,18.691017685918581,0.97274496675625521
3FKY,8854,18.691532007495741,0.97275835019776202
3FKY,8855,18.69199752944154,0.97277046363876507
3FKY,8856,18.693650979199372,0.97281348717108573
3FKY,8857,18.6943853949256,0.97283259639986808
3FKY,8858,18.694628825408291,0.97283893028923085
3FKY,8859,18.695722509197477,0.97286738666075256
3FKY,8860,18.69701795370921,0.97290109153321902
3FKY,8861,18.697710192111568,0.97291910171177554
3FKY,8862,18.699215393869459,0.97295826185640732
3FKY,8863,18.700510680140695,0.97299195946427164
3FKY,8864,18.70085886584458,0.97300101751405266
3FKY,8865,18.701398549555936,0.97301505721713755
3FKY,8866,18.702507705892799,0.97304391093661491
3FKY,8867,18.703346257944901,0.97306572455742191
3FKY,8868,18.704739202341454,0.97310195874766181
3FKY,8869,18.705796220610218,0.97312945370510295
3FKY,8870,18.706573762440588,0.97314967847888367
3FKY,8871,18.707916962547454,0.9731846156968188
3FKY,8872,18.708761274033552,0.97320657596316551
3FKY,8873,18.709818053529315,0.97323406175489036
3FKY,8874,18.711049707063488,0.97326609486824789
3FKY,8875,18.711329182035051,0.97327336336741721
3FKY,8876,18.712352940287836,0.97329998849382082
3FKY,8877,18.713632371045691,0.97333326193251413
3FKY,8878,18.714048814967164,0.97334409191082705
3FKY,8879,18.714917035032773,0.97336667032446422
3FKY,8880,18.715113987681487,0.97337179208480007
3FKY,8881,18.716482128897503,0.97340736989989762
3FKY,8882,18.716973826816179,0.97342015593605269
3FKY,8883,18.718301946359929,0.97345469131052609
3FKY,8884,18.718751013975655,0.97346636823390942
3FKY,8885,18.71983321317893,0.97349450764613121
3FKY,8886,18.720844552514162,0.97352080382035477
3FKY,8887,18.722314618798986,0.97355902624170587
3FKY,8888,18.722564237135725,0.97356551628793631
3FKY,8889,18.724152070837906,0.97360679875716205
3FKY,8890,18.724505608043248,0.97361599021749312
3FKY,8891,18.726114816113128,0.97365782622322061
3FKY,8892,18.727940051290201,0.97370527630108206
3FKY,8893,18.728529412764985,0.97372059725633175
3FKY,8894,18.729536453147375,0.97374677557390965
3FKY,8895,18.729842219815328,0.9737547239311094
3FKY,8896,18.730992122945754,0.97378461490420398
3FKY,8897,18.731844203808045,0.97380676359213181
3FKY,8898,18.732894212367828,0.97383405644961984
3FKY,8899,18.733606732321505,0.97385257653495805
3FKY,8900,18.734344262844438,0.97387174633341722
3FKY,8901,18.734924715489189,0.97388683311853042
3FKY,8902,18.735960581774552,0.97391375616752462
3FKY,8903,18.736536238523634,0.97392871765610189
3FKY,8904,18.737608700364348,0.97395659064249118
3FKY,8905,18.739108374957496,0.97399556543252452
3FKY,8906,18.739643224796975,0.97400946517749354
3FKY,8907,18.74081217200882,0.97403984323432402
3FKY,8908,18.742536988269254,0.97408466522737691
3FKY,8909,18.743636780898385,0.97411324394701715
3FKY,8910,18.74434746070229,0.97413171090877315
3FKY,8911,18.745588552099679,0.97416395973678194
3FKY,8912,18.745726076865257,0.97416753314884375
3FKY,8913,18.746744943292345,0.97419400673283496
3FKY,8914,18.749220008891342,0.97425831428329324
3FKY,8915,18.749759371444057,0.97427232752416582
3FKY,8916,18.750612888600752,0.97429450244031091
3FKY,8917,18.752442884066912,0.97434204518017564
3FKY,8918,18.753158574881098,0.97436063798439432
3FKY,8919,18.753652787895753,0.97437347684921238
3FKY,8920,18.754185111215314,0.97438730556964637
3FKY,8921,18.75538043440174,0.97441835701693758
3FKY,8922,18.757619459032618,0.97447651850289674
3FKY,8923,18.758372824556066,0.97449608734111959
3FKY,8924,18.758578094625562,0.97450141920903277
3FKY,8925,18.759455677256486,0.97452421399424938
3FKY,8926,18.760655859122345,0.97455538727568936
3FKY,8927,18.761443952680306,0.97457585651627987
3FKY,8928,18.7619064126336,0.97458786783931184
3FKY,8929,18.762225901326637,0.97459616572950925
3FKY,8930,18.763380943344533,0.97462616436088823
3FKY,8931,18.765382892598893,0.97467815659212287
3FKY,8932,18.765989180509717,0.97469390182934079
3FKY,8933,18.766480431041444,0.97470665937064016
3FKY,8934,18.767844464765552,0.97474208179843969
3FKY,8935,18.768826876713501,0.97476759313880612
3FKY,8936,18.769946678167678,0.97479667140498527
3FKY,8937,18.770841488472044,0.97481990662578144
3FKY,8938,18.77176411303077,0.97484386350952779
3FKY,8939,18.772379844356315,0.97485985127121655
3FKY,8940,18.7739923127689,0.97490171855111907
3FKY,8941,18.774741260282312,0.97492116414702579
3FKY,8942,18.775328971333856,0.97493642314449236
3FKY,8943,18.778008749535978,0.97500599636374485
3FKY,8944,18.778766371470507,0.97502566507538369
3FKY,8945,18.778981159525785,0.97503124114101747
3FKY,8946,18.77994135858928,0.97505616826856822
3FKY,8947,18.780630059379185,0.97507404680673937
3FKY,8948,18.781483036315418,0.97509618946720755
3FKY,8949,18.7833755577193,0.97514531615013134
3FKY,8950,18.78396872430217,0.97516071325079401
3FKY,8951,18.784893237155959,0.97518471077587177
3FKY,8952,18.785848278184183,0.97520950009886309
3FKY,8953,18.786648125646593,0.97523026068762797
3FKY,8954,18.787874349227682,0.97526208730251152
3FKY,8955,18.788240981113841,0.97527160302599203
3FKY,8956,18.789208024115698,0.97529670163538285
3FKY,8957,18.790407960428197,0.97532784385388971
3FKY,8958,18.79108192948101,0.97534533508905252
3FKY,8959,18.791407522673239,0.97535378495976144
3FKY,8960,18.792099586310243,0.97537174531403992
3FKY,8961,18.792777419793946,0.97538933604846656
3FKY,8962,18.793674487369287,0.97541261572888738
3FKY,8963,18.794754949174202,0.97544065391080759
3FKY,8964,18.796223818671244,0.97547877005101025
3FKY,8965,18.798404631138165,0.97553535786837042
3FKY,8966,18.799813715271913,0.97557191909958152
3FKY,8967,18.800308419421089,0.97558475476669515
3FKY,8968,18.801820385152418,0.97562398340669187
3FKY,8969,18.80251573170138,0.9756420239603163
3FKY,8970,18.803188695086028,0.97565948347193876
3FKY,8971,18.804012753339116,0.97568086259688058
3FKY,8972,18.80414316769787,0.97568424598571069
3FKY,8973,18.805967780868794,0.97573158138213534
3FKY,8974,18.80676781343757,0.97575233566478181
3FKY,8975,18.807460118354832,0.97577029494226419
3FKY,8976,18.808886176704974,0.97580728768322345
3FKY,8977,18.809626453331738,0.97582649031470725
3FKY,8978,18.810562306043717,0.97585076561094275
3FKY,8979,18.811452039666094,0.97587384405367483
3FKY,8980,18.813081514353527,0.97591610892747715
3FKY,8981,18.813806678450959,0.97593491744920147
3FKY,8982,18.815649182090912,0.97598270468454129
3FKY,8983,18.816376119978997,0.97600155792597831
3FKY,8984,18.817344706053088,0.97602667778290653
3FKY,8985,18.819149966339783,0.97607349469491878
3FKY,8986,18.819787996920589,0.97609004059262117
3FKY,8987,18.82056947281777,0.97611030604199622
3FKY,8988,18.821638889487215,0.97613803776939778
3FKY,8989,18.822236945510181,0.97615354599901594
3FKY,8990,18.823088413295594,0.97617562504043787
3FKY,8991,18.823544875095209,0.97618746114754773
3FKY,8992,18.825230602894159,0.97623117102022339
3FKY,8993,18.826325065753885,0.97625954871324583
3FKY,8994,18.827406327755376,0.97628758331887844
3FKY,8995,18.829118818757582,0.97633198257539555
3FKY,8996,18.829903223658551,0.97635231893907759
3FKY,8997,18.82996953398084,0.97635403807111909
3FKY,8998,18.830151100954932,0.9763587452805671
3FKY,8999,18.832171680420139,0.97641112822482201
3FKY,9000,18.833749129110611,0.97645202117729502
3FKY,9001,18.833952507203509,0.9764572933196709
3FKY,9002,18.835141162214676,0.97648810609096415
3FKY,9003,18.83601284087668,0.97651070146178232
3FKY,9004,18.836385927572614,0.97652037233401512
3FKY,9005,18.837570328604631,0.9765510728505753
3FKY,9006,18.838954587037279,0.9765869525898665
3FKY,9007,18.839580938706796,0.97660318708369565
3FKY,9008,18.841263375410694,0.97664679305272206
3FKY,9009,18.842288074705394,0.97667335060498117
3FKY,9010,18.843190398690655,0.97669673590819084
3FKY,9011,18.843952908352147,0.97671649724233056
3FKY,9012,18.844507867585438,0.97673087941178194
3FKY,9013,18.846083003089049,0.97677169903277961
3FKY,9014,18.846485840292431,0.97678213828100091
3FKY,9015,18.847858395404682,0.97681770626220843
3FKY,9016,18.84880434970453,0.97684221868415977
3FKY,9017,18.849403485365361,0.97685774371021972
3FKY,9018,18.85075151175095,0.97689267336918439
3FKY,9019,18.851204115361934,0.97690440081934216
3FKY,9020,18.852835006274443,0.97694665780309808
3FKY,9021,18.852989115695422,0.97695065074039467
3FKY,9022,18.854088783259225,0.97697914238355066
3FKY,9023,18.855749446650272,0.97702216747455128
3FKY,9024,18.856135211483554,0.9770321617435912
3FKY,9025,18.856743038366304,0.97704790891608495
3FKY,9026,18.858025998558183,0.97708114615778363
3FKY,9027,18.858987227564484,0.9771060476711072
3FKY,9028,18.86022710242635,0.97713816682203858
3FKY,9029,18.86088856251077,0.97715530161643593
3FKY,9030,18.861883678370894,0.97718107903168427
3FKY,9031,18.862206433215327,0.97718943950573167
3FKY,9032,18.862978060054964,0.97720942703715385
3FKY,9033,18.863511167639825,0.97722323594036897
3FKY,9034,18.865070931825819,0.97726363685736428
3FKY,9035,18.865256039902505,0.97726843140462927
3FKY,9036,18.866605062911397,0.97730337219815711
3FKY,9037,18.867440351587749,0.97732500622829144
3FKY,9038,18.868103741272297,0.97734218772235038
3FKY,9039,18.869732205824739,0.97738436294012676
3FKY,9040,18.869990124838477,0.977391042556636
3FKY,9041,18.871155921942734,0.97742123393568181
3FKY,9042,18.871491941512577,0.97742993587217009
3FKY,9043,18.872170987348017,0.97744752096186382
3FKY,9044,18.87407161991538,0.97749673951283145
3FKY,9045,18.874509428845197,0.97750807660872452
3FKY,9046,18.87568348509112,0.97753847823640072
3FKY,9047,18.876096891245243,0.97754918296691884
3FKY,9048,18.876794823828746,0.97756725495299313
3FKY,9049,18.878799534786626,0.97761916227566503
3FKY,9050,18.879367268581781,0.97763386191966206
3FKY,9051,18.879983692119602,0.97764982197796924
3FKY,9052,18.881098294725899,0.97767867992019686
3FKY,9053,18.881624648417567,0.97769230733709833
3FKY,9054,18.883467096677371,0.97774000724594057
3FKY,9055,18.883855678729425,0.97775006711105727
3FKY,9056,18.884882910391525,0.977776660254565
3FKY,9057,18.885336515959583,0.97778840304048087
3FKY,9058,18.886048450103115,0.97780683306390836
3FKY,9059,18.887054639938466,0.97783287996819002
3FKY,9060,18.888965151920043,0.97788233485218068
3FKY,9061,18.890200651947545,0.97791431526736772
3FKY,9062,18.891349033057736,0.9779440397070519
3FKY,9063,18.892069495038779,0.97796268752255489
3FKY,9064,18.893056869818562,0.97798824330078971
3FKY,9065,18.89467580309206,0.97803014397897559
3FKY,9066,18.89571564679931,0.97805705591198266
3FKY,9067,18.89701139898261,0.97809058991153508
3FKY,9068,18.897415117900252,0.97810103790135117
3FKY,9069,18.898051130533016,0.97811749727894859
3FKY,9070,18.899038346449249,0.97814304490140558
3FKY,9071,18.899330975032399,0.97815061754875732
3FKY,9072,18.900141368740318,0.97817158862465359
3FKY,9073,18.901013933678112,0.97819416804254899
3FKY,9074,18.901760227451707,0.97821347952005988
3FKY,9075,18.902405442675828,0.97823017513030341
3FKY,9076,18.90292728761332,0.97824367819854796
3FKY,9077,18.903721262223268,0.97826422243689004
3FKY,9078,18.903956430530872,0.97827030737706921
3FKY,9079,18.904236045945304,0.97827754232936426
3FKY,9080,18.90599921911496,0.97832316259388186
3FKY,9081,18.906515978592402,0.97833653280261401
3FKY,9082,18.908048891295039,0.9783761930473428
3FKY,9083,18.909320538126401,0.97840909247750196
3FKY,9084,18.909755092190252,0.9784203347959054
3FKY,9085,18.910286953497621,0.97843409436753448
3FKY,9086,18.911539829982242,0.9784665062703225
3FKY,9087,18.913382062021725,0.97851416284581683
3FKY,9088,18.914020004729014,0.97853066520135512
3FKY,9089,18.914725913992964,0.97854892539713811
3FKY,9090,18.915471170357819,0.97856820303919778
3FKY,9091,18.916422535623777,0.97859281157484179
3FKY,9092,18.916896048184075,0.97860505947972631
3FKY,9093,18.917346666533344,0.97861671505919556
3FKY,9094,18.918390082859627,0.9786437032673172
3FKY,9095,18.918898270910972,0.97865684740100189
3FKY,9096,18.920364866698744,0.97869477947755712
3FKY,9097,18.921606053869304,0.97872688043045675
3FKY,9098,18.922569334441384,0.97875179313046223
3FKY,9099,18.923560930546117,0.9787774374743714
3FKY,9100,18.924026199364413,0.97878946987737026
3FKY,9101,18.924962494372124,0.97881368312748318
3FKY,9102,18.92532976014396,0.97882318071615371
3FKY,9103,18.92653826999679,0.97885443244569692
3FKY,9104,18.928563420740673,0.97890680004533459
3FKY,9105,18.928929596946414,0.97891626855692437
3FKY,9106,18.929917384652743,0.97894181011847947
3FKY,9107,18.930214830671275,0.97894950115045942
3FKY,9108,18.931112224079993,0.9789727045960217
3FKY,9109,18.932277898610238,0.9790028440291394
3FKY,9110,18.934052904732262,0.97904873642841239
3FKY,9111,18.934927967361705,0.97907136019173113
3FKY,9112,18.935585333745159,0.9790883553187878
3FKY,9113,18.935978376993571,0.97909851666484493
3FKY,9114,18.937153578356305,0.97912889851351437
3FKY,9115,18.937798740860437,0.97914557715186545
3FKY,9116,18.938002845273317,0.97915085356749887
3FKY,9117,18.939008098434137,0.97917684050595699
3FKY,9118,18.940594384561418,0.97921784640519172
3FKY,9119,18.941484643098399,0.97924085906219038
3FKY,9120,18.942163783696625,0.97925841408161607
3FKY,9121,18.943688358058353,0.97929782146531108
3FKY,9122,18.944721711064972,0.97932453079797011
3FKY,9123,18.945813839153061,0.9793527585130517
3FKY,9124,18.946145772211526,0.97936133766767042
3FKY,9125,18.947239084363169,0.97938959492424937
3FKY,9126,18.94822677958712,0.97941512175205769
3FKY,9127,18.950553531284708,0.97947525365436805
3FKY,9128,18.952528020982498,0.97952627890334787
3FKY,9129,18.952899009014441,0.97953586577080276
3FKY,9130,18.953275708389931,0.9795456001316325
3FKY,9131,18.954500609560817,0.97957725236911075
3FKY,9132,18.955073854321519,0.97959206503269869
3FKY,9133,18.956817909966073,0.97963713011095721
3FKY,9134,18.957388508859275,0.97965187350456329
3FKY,9135,18.958632262804443,0.97968400941552325
3FKY,9136,18.958717482587822,0.97968621127175637
3FKY,9137,18.959724693692959,0.97971223459657086
3FKY,9138,18.960919991166026,0.97974311661413582
3FKY,9139,18.961991609629468,0.97977080240099612
3FKY,9140,18.963061417898629,0.97979844064027688
3FKY,9141,18.964493657009175,0.97983544097266129
3FKY,9142,18.964915518926645,0.97984633904794549
3FKY,9143,18.965323843191541,0.97985688728587894
3FKY,9144,18.966293928232616,0.97988194703075138
3FKY,9145,18.967031797026799,0.97990100761479049
3FKY,9146,18.967423420219493,0.9799111238518583
3FKY,9147,18.96861351277829,0.97994186515547999
3FKY,9148,18.969292008523201,0.97995939096040452
3FKY,9149,18.969628991308785,0.97996809523831296
3FKY,9150,18.971157437196258,0.98000757408198669
3FKY,9151,18.972277973610275,0.98003651585745533
3FKY,9152,18.972528907797233,0.98004299699412922
3FKY,9153,18.972972853477003,0.9800544631331839
3FKY,9154,18.974561634121141,0.98009549673865082
3FKY,9155,18.9762378821132,0.98013878751020811
3FKY,9156,18.976622382012369,0.98014871733292397
3FKY,9157,18.978557580954007,0.98019869288619066
3FKY,9158,18.979387526733074,0.9802201250437893
3FKY,9159,18.979674125343362,0.9802275259323765
3FKY,9160,18.980768365742264,0.98025578218937426
3FKY,9161,18.981449530199235,0.98027337129309822
3FKY,9162,18.982676122516125,0.98030504369934712
3FKY,9163,18.98361015111594,0.98032916099657297
3FKY,9164,18.984186589450477,0.98034404475721193
3FKY,9165,18.985997933814591,0.98039081258412653
3FKY,9166,18.986619050805889,0.9804068489392801
3FKY,9167,18.986990647802759,0.9804164429185257
3FKY,9168,18.987718086511343,0.98043522383155768
3FKY,9169,18.988140987473823,0.98044614206536729
3FKY,9170,18.989784151808767,0.98048856326084655
3FKY,9171,18.990526202394939,0.98050772000848807
3FKY,9172,18.990833566993267,0.98051565481079095
3FKY,9173,18.991984318054506,0.98054536157258398
3FKY,9174,18.992099649966971,0.98054833882862613
3FKY,9175,18.993405504894266,0.98058204842087149
3FKY,9176,18.994408980445403,0.98060795154590119
3FKY,9177,18.995086745494923,0.98062544658533135
3FKY,9178,18.996551492848042,0.98066325480535466
3FKY,9179,18.997866591424998,0.98069719903285668
3FKY,9180,18.999131973548423,0.98072985891166231
3FKY,9181,18.999789630882351,0.98074683280825281
3FKY,9182,19.000441788497135,0.9807636644690032
3FKY,9183,19.001845083616747,0.98079988140195962
3FKY,9184,19.002710987847443,0.98082222841847189
3FKY,9185,19.004204256626178,0.98086076508936804
3FKY,9186,19.005105962896309,0.9808840346196005
3FKY,9187,19.005458677625239,0.98089313666412081
3FKY,9188,19.005869748544335,0.980903744523415
3FKY,9189,19.008534452412338,0.98097250555424576
3FKY,9190,19.008814025321769,0.98097971948043583
3FKY,9191,19.009492831520856,0.98099723475438161
3FKY,9192,19.009946004924053,0.98100892783872284
3FKY,9193,19.011495774624262,0.98104891498352575
3FKY,9194,19.01207966954216,0.98106398021259145
3FKY,9195,19.012798673532959,0.98108253110918564
3FKY,9196,19.013308578176069,0.98109568685738469
3FKY,9197,19.014837227267254,0.98113512557160265
3FKY,9198,19.015190798923907,0.98114424739460349
3FKY,9199,19.016098248663305,0.98116765837372555
3FKY,9200,19.018014159069978,0.98121708444304911
3FKY,9201,19.018238291210761,0.98122286637264255
3FKY,9202,19.018651763401653,0.98123353261199175
3FKY,9203,19.019908642852723,0.98126595530692862
3FKY,9204,19.021079321414941,0.98129615338420195
3FKY,9205,19.021936274019325,0.98131825819773078
3FKY,9206,19.022428784977574,0.98133096213229187
3FKY,9207,19.023809666388821,0.98136658001020916
3FKY,9208,19.024998720655283,0.98139724894314517
3FKY,9209,19.025311560692593,0.98140531777653539
3FKY,9210,19.026511573484839,0.98143626813342799
3FKY,9211,19.027331010351684,0.98145740223356315
3FKY,9212,19.028736392068019,0.98149364738058464
3FKY,9213,19.028805391568469,0.98149542686054003
3FKY,9214,19.029758880377774,0.98152001676946188
3FKY,9215,19.030765688104029,0.9815459810728514
3FKY,9216,19.032936839361945,0.98160196999226657
3FKY,9217,19.033624144449629,0.98161969331954757
3FKY,9218,19.034137381280367,0.98163292779292954
3FKY,9219,19.035282267153107,0.98166244950829518
3FKY,9220,19.035992986114223,0.98168077546727617
3FKY,9221,19.036636517090123,0.98169736868226742
3FKY,9222,19.037217735044216,0.98171235493733766
3FKY,9223,19.038672535609653,0.98174986484095761
3FKY,9224,19.038909163876099,0.98175596581901525
3FKY,9225,19.040238917729287,0.98179025010948495
3FKY,9226,19.041094454302787,0.98181230729151003
3FKY,9227,19.043111220823778,0.98186430098777089
3FKY,9228,19.043634288606189,0.98187778560301908
3FKY,9229,19.044041800103386,0.98188829106484099
3FKY,9230,19.044966308931979,0.98191212406695616
3FKY,9231,19.045045053498622,0.98191415400398829
3FKY,9232,19.046365541141636,0.98194819390856636
3FKY,9233,19.047866021553325,0.98198687228553971
3FKY,9234,19.048457980271706,0.9820021309810153
3FKY,9235,19.04977796395729,0.98203615484631601
3FKY,9236,19.050489809219499,0.9820545028621056
3FKY,9237,19.051013550726232,0.98206800223075963
3FKY,9238,19.051673841807183,0.9820850208823515
3FKY,9239,19.05365471897171,0.98213607516878376
3FKY,9240,19.054080009669349,0.98214703608447085
3FKY,9241,19.055118848797388,0.98217380932316045
3FKY,9242,19.05671363233845,0.98221490908921461
3FKY,9243,19.058100221251188,0.98225064199563716
3FKY,9244,19.058590543851743,0.98226327747834208
3FKY,9245,19.059617768330888,0.98228974825239379
3FKY,9246,19.060177723672421,0.98230417756462607
3FKY,9247,19.061204920358698,0.98233064652038582
3FKY,9248,19.062813711216528,0.98237210064737535
3FKY,9249,19.063524846605748,0.98239042409798349
3FKY,9250,19.0648633534563,0.98242491177123814
3FKY,9251,19.066548129784142,0.98246831962680714
3FKY,9252,19.066996885256653,0.98247988137982656
3FKY,9253,19.068220978190713,0.98251141826489974
3FKY,9254,19.068522321027583,0.98251918174762443
3FKY,9255,19.068878771294912,0.98252836488154627
3FKY,9256,19.070380213714731,0.98256704520318017
3FKY,9257,19.070715662582558,0.98257568686500785
3FKY,9258,19.071482233793173,0.98259543459441101
3FKY,9259,19.071971537704155,0.98260803940140495
3FKY,9260,19.073538159274207,0.98264839556845385
3FKY,9261,19.074492892228584,0.98267298867378672
3FKY,9262,19.075532197349514,0.98269975958622235
3FKY,9263,19.075814167299285,0.98270702257566378
3FKY,9264,19.076975195375436,0.98273692780208566
3FKY,9265,19.078245051001961,0.98276963511647752
3FKY,9266,19.079732774041698,0.9828079525959591
3FKY,9267,19.080305201934028,0.98282269552951917
3FKY,9268,19.081376748135433,0.98285029270706137
3FKY,9269,19.081732696326885,0.98285945981688982
3FKY,9270,19.083383840623018,0.98290198236219894
3FKY,9271,19.08386870191865,0.98291446882962896
3FKY,9272,19.084249055743779,0.98292426384082554
3FKY,9273,19.08568763993442,0.98296130990577657
3FKY,9274,19.086107072841774,0.98297211077558788
3FKY,9275,19.08722706865132,0.98300095134769483
3FKY,9276,19.087757790359088,0.98301461745842245
3FKY,9277,19.088958397761374,0.98304553245852733
3FKY,9278,19.090059015719035,0.98307387192966134
3FKY,9279,19.090595612420046,0.98308768829579229
3FKY,9280,19.091487764113602,0.98311065911129825
3FKY,9281,19.091726295132787,0.98311680063515217
3FKY,9282,19.092319167911921,0.98313206532771635
3FKY,9283,19.093417327636825,0.98316033901475808
3FKY,9284,19.095274278517348,0.9832081470115781
3FKY,9285,19.0959955451616,0.98322671570386344
3FKY,9286,19.097219082466147,0.98325821433123484
3FKY,9287,19.098160910429932,0.98328245997298014
3FKY,9288,19.099949297328401,0.98332849708388426
3FKY,9289,19.100738451919337,0.98334881101693328
3FKY,9290,19.101195866348654,0.98336058530627546
3FKY,9291,19.102086672244852,0.98338351510608291
3FKY,9292,19.102832553656214,0.98340271406420565
3FKY,9293,19.104031458113294,0.98343357303225387
3FKY,9294,19.104728779159906,0.98345152114629952
3FKY,9295,19.1054695844295,0.98347058812744548
3FKY,9296,19.10628470615994,0.983491567452079
3FKY,9297,19.107110408076117,0.98351281862965745
3FKY,9298,19.107652202007692,0.98352676258790206
3FKY,9299,19.108900366075371,0.98355888539149794
3FKY,9300,19.109814716299898,0.98358241648205691
3FKY,9301,19.110879441385848,0.98360981680753801
3FKY,9302,19.112058038680345,0.98364014670416566
3FKY,9303,19.113756327355148,0.98368384863855229
3FKY,9304,19.114167638972013,0.98369443259731737
3FKY,9305,19.115080823040884,0.98371793043862166
3FKY,9306,19.115742841636859,0.98373496499711044
3FKY,9307,19.117044269600928,0.98376845149076986
3FKY,9308,19.118541515924679,0.98380697509404103
3FKY,9309,19.119611209133879,0.98383449698737568
3FKY,9310,19.119951904203624,0.98384326249169807
3FKY,9311,19.121124102192677,0.98387342055444515
3FKY,9312,19.121962560131305,0.98389499165645078
3FKY,9313,19.123153820606831,0.98392563853587067
3FKY,9314,19.12359327647782,0.98393694392562037
3FKY,9315,19.125105250494283,0.9839758397980477
3FKY,9316,19.125773168294227,0.98399302164440938
3FKY,9317,19.12676279277251,0.98401847868020675
3FKY,9318,19.127394364753844,0.98403472485256493
3FKY,9319,19.129342104735336,0.98408482563863697
3FKY,9320,19.129586249941905,0.98409110548937939
3FKY,9321,19.131102909823916,0.98413011579253873
3FKY,9322,19.13177697225461,0.98414745298679185
3FKY,9323,19.133327890523194,0.98418734215480363
3FKY,9324,19.133891296281615,0.98420183238716685
3FKY,9325,19.135177296620917,0.98423490622992738
3FKY,9326,19.13660710453739,0.98427167726558373
3FKY,9327,19.137617408528044,0.98429765889528165
3FKY,9328,19.138632942991915,0.98432377434407514
3FKY,9329,19.139851104137666,0.98435509961952727
3FKY,9330,19.140065478639471,0.98436061220272486
3FKY,9331,19.141440791118516,0.98439597726238959
3FKY,9332,19.142986617491992,0.98443572543388136
3FKY,9333,19.143896075858851,0.98445910978585316
3FKY,9334,19.144394911849055,0.9844719358175521
3FKY,9335,19.145117828223274,0.98449052308988894
3FKY,9336,19.147011780444448,0.98453921779937248
3FKY,9337,19.147168678041293,0.98454325162779954
3FKY,9338,19.148759210432132,0.98458414319352439
3FKY,9339,19.148855997292575,0.98458663146669656
3FKY,9340,19.15003228100155,0.98461687179618429
3FKY,9341,19.15103953655559,0.98464276595023381
3FKY,9342,19.153018284266707,0.98469363288334621
3FKY,9343,19.154170633138666,0.98472325467749822
3FKY,9344,19.156410407633686,0.98478082682719581
3FKY,9345,19.157037637986551,0.98479694882908186
3FKY,9346,19.157969213592811,0.9848208930755562
3FKY,9347,19.158584465108873,0.98483670653877275
3FKY,9348,19.159322695585583,0.98485568052584249
3FKY,9349,19.160498334118493,0.98488589601270504
3FKY,9350,19.161360243408961,0.98490804764839779
3FKY,9351,19.16276660522033,0.98494419100235286
3FKY,9352,19.163222785368649,0.984955914500384
3FKY,9353,19.163865364591388,0.98497242808234953
3FKY,9354,19.164344885026633,0.98498475105174765
3FKY,9355,19.166382314646516,0.98503710827510449
3FKY,9356,19.167227235195977,0.98505881996041045
3FKY,9357,19.167759462992581,0.98507249622248594
3FKY,9358,19.168534534778296,0.98509241232645328
3FKY,9359,19.169427938049953,0.98511536855526682
3FKY,9360,19.171031512663372,0.98515657147916513
3FKY,9361,19.172220181147978,0.985187112517524
3FKY,9362,19.172606319275591,0.98519703354878552
3FKY,9363,19.173686139073062,0.98522477678475673
3FKY,9364,19.17461981103072,0.9852487644922121
3FKY,9365,19.175464199463246,0.98527045784283351
3FKY,9366,19.17831469860457,0.98534368705384034
3FKY,9367,19.178919633220346,0.98535922710034041
3FKY,9368,19.179485708517241,0.98537376867546322
3FKY,9369,19.180512647280963,0.98540014855316449
3FKY,9370,19.181571867797807,0.98542735694076611
3FKY,9371,19.183637372582744,0.98548041177235046
3FKY,9372,19.184443347104878,0.98550111336679092
3FKY,9373,19.185553209177861,0.9855296196536304
3FKY,9374,19.186042940062517,0.98554219789954445
3FKY,9375,19.187477781195508,0.98557904942882313
3FKY,9376,19.187807082322596,0.98558750679104146
3FKY,9377,19.188503315617851,0.98560538774559947
3FKY,9378,19.189202181034215,0.98562333597315832
3FKY,9379,19.190069654132284,0.98564561392036187
3FKY,9380,19.190805547702457,0.9856645123227461
3FKY,9381,19.19199384941172,0.98569502820419486
3FKY,9382,19.192572968974034,0.98570989979522394
3FKY,9383,19.194167237017517,0.98575083889084858
3FKY,9384,19.194725864024583,0.98576518343175656
3FKY,9385,19.195556476653049,0.98578651169031561
3FKY,9386,19.196693058295846,0.98581569579522688
3FKY,9387,19.197467386187135,0.98583557778451258
3FKY,9388,19.199156222500786,0.98587893971019713
3FKY,9389,19.200530150135236,0.9859142147522757
3FKY,9390,19.200848259094503,0.98592238189254
3FKY,9391,19.201805450005317,0.98594695643656172
3FKY,9392,19.20228826404276,0.98595935178239724
3FKY,9393,19.202826502241393,0.98597316985604155
3FKY,9394,19.2035425667985,0.98599155292739404
3FKY,9395,19.204529581190137,0.98601689136025994
3FKY,9396,19.205794738828239,0.9860493692778165
3FKY,9397,19.207309020686797,0.98608824106784132
3FKY,9398,19.207674083898116,0.98609761205336166
3FKY,9399,19.208681001790556,0.98612345865801565
3FKY,9400,19.211305155079472,0.98619081494196559
3FKY,9401,19.21166385141235,0.98620002153607267
3FKY,9402,19.212564675021436,0.9862231424342871
3FKY,9403,19.212835513995604,0.98623009378949056
3FKY,9404,19.213779052768732,0.98625431028027299
3FKY,9405,19.214728825510061,0.98627868616910042
3FKY,9406,19.215092000162802,0.98628800687641016
3FKY,9407,19.215377363416838,0.98629533052883167
3FKY,9408,19.217470735943706,0.98634905383801641
3FKY,9409,19.218245564175781,0.98636893791643643
3FKY,9410,19.219742033964145,0.98640734003221753
3FKY,9411,19.220444098657069,0.98642535576419277
3FKY,9412,19.221668180471418,0.98645676622767697
3FKY,9413,19.222637221404206,0.98648163152366297
3FKY,9414,19.223895926788426,0.98651392858573672
3FKY,9415,19.224596571458466,0.98653190593618667
3FKY,9416,19.225477358479665,0.98655450496819141
3FKY,9417,19.226062843171572,0.98656952691412536
3FKY,9418,19.227326682740173,0.98660195282277907
3FKY,9419,19.227844719373948,0.98661524360730724
3FKY,9420,19.229424014217738,0.9866557610026776
3FKY,9421,19.229536803084493,0.98665865457925839
3FKY,9422,19.231635156840401,0.98671248589193661
3FKY,9423,19.23240253163517,0.98673217144472924
3FKY,9424,19.233308825578369,0.98675542020041873
3FKY,9425,19.234308691062903,0.98678106866977311
3FKY,9426,19.23460408109916,0.98678864586376613
3FKY,9427,19.235530260223449,0.98681240335932752
3FKY,9428,19.236344853241746,0.98683329807792952
3FKY,9429,19.237288284791912,0.98685749701645908
3FKY,9430,19.237958651599371,0.98687469150709217
3FKY,9431,19.238570045479726,0.98689037311770922
3FKY,9432,19.240150118063529,0.98693089916516752
3FKY,9433,19.241443525915901,0.98696407153426435
3FKY,9434,19.243246323141868,0.98701030648573129
3FKY,9435,19.243528615828264,0.98701754603264569
3FKY,9436,19.243932484879611,0.98702790337813173
3FKY,9437,19.244990948221048,0.98705504747895934
3FKY,9438,19.246447205031266,0.98709239170135843
3FKY,9439,19.247384794130941,0.98711643447107034
3FKY,9440,19.24793391854444,0.98713051549747577
3FKY,9441,19.249398825743405,0.98716807867417389
3FKY,9442,19.250060534800166,0.98718504576105615
3FKY,9443,19.25048482840959,0.98719592505147413
3FKY,9444,19.2511612239472,0.98721326822643907
3FKY,9445,19.25177480003817,0.98722900041071138
3FKY,9446,19.252475148936956,0.98724695715658362
3FKY,9447,19.253745114962101,0.98727951788992185
3FKY,9448,19.254846520620763,0.98730775602464815
3FKY,9449,19.257094149410527,0.98736537883091091
3FKY,9450,19.257896891980149,0.98738595805110319
3FKY,9451,19.258575191668594,0.98740334670195584
3FKY,9452,19.258748075526352,0.98740777864240148
3FKY,9453,19.259986713351491,0.98743953099084458
3FKY,9454,19.260881740555192,0.98746247428224154
3FKY,9455,19.261710107727666,0.9874837083231871
3FKY,9456,19.263171589550929,0.98752117026472697
3FKY,9457,19.264839933131512,0.98756393292524758
3FKY,9458,19.265175980030818,0.98757254619043566
3FKY,9459,19.265584799785444,0.98758302460559644
3FKY,9460,19.267244422161408,0.98762556106650123
3FKY,9461,19.268233818628772,0.98765091862868326
3FKY,9462,19.269764344711454,0.98769014369437613
3FKY,9463,19.270200814740573,0.98770132947477673
3FKY,9464,19.271347937883853,0.98773072714954557
3FKY,9465,19.272814533473657,0.98776831076781557
3FKY,9466,19.274046518997068,0.98779988106105099
3FKY,9467,19.274807437969713,0.98781937951591969
3FKY,9468,19.276141846593386,0.98785357264312712
3FKY,9469,19.276622031675142,0.98786587670267978
3FKY,9470,19.27710879722218,0.98787834922088102
3FKY,9471,19.278079403683755,0.98790321884863297
3FKY,9472,19.279690288863716,0.98794449281005936
3FKY,9473,19.281274344185071,0.98798507765773935
3FKY,9474,19.282146441885622,0.98800742083268778
3FKY,9475,19.282944491863507,0.98802786645953966
3FKY,9476,19.283628553224318,0.9880453914203442
3FKY,9477,19.284427945349663,0.98806587064493157
3FKY,9478,19.285188300235401,0.9880853494002515
3FKY,9479,19.286332256508075,0.98811465452432246
3FKY,9480,19.287941038814875,0.98815586578737824
3FKY,9481,19.28853859960379,0.98817117272512156
3FKY,9482,19.290156157842731,0.98821260642170938
3FKY,9483,19.290642176643448,0.98822505543655126
3FKY,9484,19.291441333867663,0.98824552492133777
3FKY,9485,19.292714621638783,0.98827813783391127
3FKY,9486,19.29342737250747,0.98829639316006346
3FKY,9487,19.293849505300148,0.9883072048739806
3FKY,9488,19.29509780946044,0.98833917589253473
3FKY,9489,19.296086394200859,0.98836449435743012
3FKY,9490,19.296691649045805,0.98837999510964591
3FKY,9491,19.298033414268779,0.98841435723959259
3FKY,9492,19.29904847622835,0.98844035182152501
3FKY,9493,19.299374717946595,0.98844870635559356
3FKY,9494,19.300919410828453,0.98848826253688538
3FKY,9495,19.301076127492859,0.98849227561692465
3FKY,9496,19.30154783971237,0.98850435476301202
3FKY,9497,19.303113326149518,0.9885444411539217
3FKY,9498,19.303519626764917,0.9885548447632907
3FKY,9499,19.304196171867062,0.98857216792744573
3FKY,9500,19.305610630151193,0.98860838462527945
3FKY,9501,19.305829190263434,0.98861398066034178
3FKY,9502,19.306527340903703,0.98863185596725045
3FKY,9503,19.307536896478336,0.98865770385114371
3FKY,9504,19.309646248890054,0.98871170790582785
3FKY,9505,19.310751516551385,0.98874000400783513
3FKY,9506,19.311784620931842,0.98876645191606016
3FKY,9507,19.313062037647892,0.98879915334506863
3FKY,9508,19.313526218577096,0.98881103594947073
3FKY,9509,19.314389036921764,0.98883312292528125
3FKY,9510,19.315137619092262,0.98885228521076174
3FKY,9511,19.315598532488224,0.98886408353586008
3FKY,9512,19.31640394069732,0.98888469979962879
3FKY,9513,19.317124549068577,0.98890314505344601
3FKY,9514,19.317586194731266,0.98891496151502856
3FKY,9515,19.319309156827103,0.98895906187484428
3FKY,9516,19.319909715074751,0.98897443310009758
3FKY,9517,19.322125039370309,0.98903113202675363
3FKY,9518,19.323379301149558,0.98906323211445701
3FKY,9519,19.324094805025982,0.98908154340501186
3FKY,9520,19.324574785850118,0.98909382696166015
3FKY,9521,19.325566807324378,0.98911921405905201
3FKY,9522,19.327278964452415,0.98916302881547458
3FKY,9523,19.327992773576103,0.98918129489102768
3FKY,9524,19.32873099265473,0.98920018525228037
3FKY,9525,19.329406587551233,0.98921747280099193
3FKY,9526,19.331476850807942,0.98927044612287496
3FKY,9527,19.332097822164609,0.98928633481266859
3FKY,9528,19.332221913957039,0.9892895098979243
3FKY,9529,19.334439619315894,0.98934625168737933
3FKY,9530,19.33504957447656,0.98936185731403448
3FKY,9531,19.336835464394859,0.98940754766930594
3FKY,9532,19.33700313621744,0.98941183729072502
3FKY,9533,19.338076806932015,0.98943930503640976
3FKY,9534,19.338825935970902,0.98945846957238537
3FKY,9535,19.339611637060727,0.98947856931123046
3FKY,9536,19.340453464820662,0.98950010442472724
3FKY,9537,19.341795663358646,0.98953443874254898
3FKY,9538,19.34301524632664,0.9895656354407657
3FKY,9539,19.344686677610621,0.98960838873467394
3FKY,9540,19.344914574237595,0.98961421792574222
3FKY,9541,19.345765842047498,0.98963599154115989
3FKY,9542,19.346853519404547,0.98966381131162673
3FKY,9543,19.347518388719131,0.98968081643977823
3FKY,9544,19.349148644784737,0.9897225116881132
3FKY,9545,19.350102138233755,0.98974689731672494
3FKY,9546,19.35117710429504,0.98977438889119385
3FKY,9547,19.352930302891004,0.98981922419392177
3FKY,9548,19.354124175112091,0.98984975444006129
3FKY,9549,19.354569916059393,0.98986115288989229
3FKY,9550,19.355369600003492,0.98988160201115805
3FKY,9551,19.356017662879768,0.98989817364377863
3FKY,9552,19.356566831855936,0.98991221624076686
3FKY,9553,19.358263663401491,0.98995560403469629
3FKY,9554,19.35938612733591,0.98998430426768902
3FKY,9555,19.360208276388274,0.99000532523424145
3FKY,9556,19.360680858320094,0.99001740815626815
3FKY,9557,19.361084690192822,0.99002773316761772
3FKY,9558,19.364181183718799,0.99010689949407182
3FKY,9559,19.364391312886621,0.99011227152019754
3FKY,9560,19.365102656652944,0.99013045705758151
3FKY,9561,19.366021249541767,0.99015394043454275
3FKY,9562,19.366419912829944,0.99016413189279684
3FKY,9563,19.36719271531884,0.99018388757493747
3FKY,9564,19.368484929377953,0.99021692045215981
3FKY,9565,19.369645851135274,0.99024659616366439
3FKY,9566,19.370950427192238,0.99027994293361676
3FKY,9567,19.371937813860537,0.99030518115714694
3FKY,9568,19.372734843812431,0.99032555327427785
3FKY,9569,19.373639759429317,0.99034868244528362
3FKY,9570,19.374430326033821,0.99036888847310944
3FKY,9571,19.376468326202442,0.9904209756532818
3FKY,9572,19.377296479657986,0.99044214080514859
3FKY,9573,19.37753998247544,0.99044836393060853
3FKY,9574,19.37872236184559,0.99047858107504427
3FKY,9575,19.379875224993896,0.9905080430088975
3FKY,9576,19.380910387042615,0.99053449629179102
3FKY,9577,19.382606551039782,0.99057783977150882
3FKY,9578,19.38341297825016,0.99059844640697603
3FKY,9579,19.3845317420291,0.99062703346931891
3FKY,9580,19.384772832624229,0.99063319379657466
3FKY,9581,19.386013477699088,0.99066489405273495
3FKY,9582,19.387579247801611,0.99070490027048752
3FKY,9583,19.387972968922284,0.99071495978999469
3FKY,9584,19.388752149058931,0.99073486743230565
3FKY,9585,19.389950855514599,0.99076549297017136
3FKY,9586,19.391161695356622,0.99079642754070774
3FKY,9587,19.392541538200948,0.99083167862731514
3FKY,9588,19.393374773126911,0.99085296481846885
3FKY,9589,19.394536522520042,0.99088264262352344
3FKY,9590,19.395205219889245,0.99089972462247322
3FKY,9591,19.395716663962858,0.99091278935793325
3FKY,9592,19.396364933858852,0.99092934903382723
3FKY,9593,19.397286764824681,0.99095289619095894
3FKY,9594,19.399146974025722,0.9910004114832911
3FKY,9595,19.399755492958775,0.99101595437764667
3FKY,9596,19.40155100610977,0.99106181425999207
3FKY,9597,19.402083365755178,0.99107541105173025
3FKY,9598,19.403861462296735,0.99112082337562268
3FKY,9599,19.404073805304254,0.99112624644569269
3FKY,9600,19.405094494996892,0.9911523136275362
3FKY,9601,19.405725066732725,0.99116841732540295
3FKY,9602,19.406609464768302,0.99119100286165607
3FKY,9603,19.409286521544615,0.99125936573290252
3FKY,9604,19.409972123744357,0.99127687290915767
3FKY,9605,19.410259849141763,0.99128422002108052
3FKY,9606,19.410866898652529,0.99129972094431884
3FKY,9607,19.411256476615492,0.99130966863471048
3FKY,9608,19.413229751298399,0.9913600537440882
3FKY,9609,19.414040020944256,0.99138074222788031
3FKY,9610,19.414657063107057,0.99139649677603492
3FKY,9611,19.415050016518581,0.9914065296770308
3FKY,9612,19.415634508976257,0.99142145277219174
3FKY,9613,19.417021976922744,0.99145687630966273
3FKY,9614,19.417750565821336,0.99147547745504283
3FKY,9615,19.418161026969038,0.99148595652702398
3FKY,9616,19.419206717803995,0.99151265251071163
3FKY,9617,19.420343149590185,0.99154166425219026
3FKY,9618,19.42132351972543,0.99156669124476937
3FKY,9619,19.423394496051273,0.99161955727113194
3FKY,9620,19.424251510564027,0.99164143354455692
3FKY,9621,19.424815418885469,0.99165582768472493
3FKY,9622,19.425230449587708,0.99166642148979611
3FKY,9623,19.426556768644467,0.99170027549286599
3FKY,9624,19.426828812447027,0.99170721920843685
3FKY,9625,19.42858314560555,0.99175199608888154
3FKY,9626,19.429042559535233,0.99176372164768722
3FKY,9627,19.429700733206463,0.99178051988258831
3FKY,9628,19.430116098216491,0.99179112088796684
3FKY,9629,19.432175228097037,0.99184367262306639
3FKY,9630,19.434248788155596,0.99189658982193163
3FKY,9631,19.434788540502254,0.99191036382473941
3FKY,9632,19.435173844943389,0.9919201963365093
3FKY,9633,19.435959418135877,0.99194024292954708
3FKY,9634,19.437099987286263,0.99196934774032575
3FKY,9635,19.437993200974823,0.99199213998869495
3FKY,9636,19.440817731998422,0.99206421046342574
3FKY,9637,19.441215588224797,0.99207436170575469
3FKY,9638,19.441804463317681,0.99208938657535173
3FKY,9639,19.443033666813939,0.99212074838824715
3FKY,9640,19.444575238953721,0.99216007855185973
3FKY,9641,19.444923449485316,0.99216896223888906
3FKY,9642,19.445803314825906,0.99219140936266004
3FKY,9643,19.446729084932105,0.99221502706050968
3FKY,9644,19.44737596415337,0.99223152952587845
3FKY,9645,19.448856859152215,0.99226930744358954
3FKY,9646,19.449271639719615,0.99227988831821323
3FKY,9647,19.450356763469681,0.99230756882664806
3FKY,9648,19.45183265831318,0.9923452163068579
3FKY,9649,19.452710166935109,0.99236759933055541
3FKY,9650,19.453284096584461,0.99238223855004004
3FKY,9651,19.454081730019755,0.99240258342179377
3FKY,9652,19.454772215240443,0.99242019497617417
3FKY,9653,19.456405509233594,0.99246185261951048
3FKY,9654,19.456565432515063,0.99246593141582196
3FKY,9655,19.457592180141663,0.99249211791312075
3FKY,9656,19.458501148439609,0.99251529995247689
3FKY,9657,19.4593219598441,0.99253623320113993
3FKY,9658,19.461298229282576,0.99258663241927181
3FKY,9659,19.463139039917259,0.99263357483807246
3FKY,9660,19.46380191121764,0.99265047814192531
3FKY,9661,19.464721142818657,0.99267391819025563
3FKY,9662,19.465230916317264,0.99268691697763478
3FKY,9663,19.466967628860985,0.99273120038159757
3FKY,9664,19.467598849644762,0.99274729501684666
3FKY,9665,19.468463907211149,0.99276935151250734
3FKY,9666,19.469161915925806,0.99278714838264492
3FKY,9667,19.470190857550062,0.99281338234507699
3FKY,9668,19.470862132999468,0.99283049685386793
3FKY,9669,19.472756371431661,0.99287878983475519
3FKY,9670,19.473052346933507,0.99288633541987514
3FKY,9671,19.47360355963216,0.99290038785689794
3FKY,9672,19.474309271107135,0.99291837874510047
3FKY,9673,19.475708226953198,0.99295404173078705
3FKY,9674,19.476017830011227,0.9929619341366106
3FKY,9675,19.476525149453259,0.99297486659586265
3FKY,9676,19.478092793609189,0.9930148275209516
3FKY,9677,19.478858026443874,0.9930343335397428
3FKY,9678,19.480328794340238,0.9930718227869898
3FKY,9679,19.480889277538758,0.99308610889257709
3FKY,9680,19.48211546244821,0.99311736229231273
3FKY,9681,19.484009689656713,0.99316564103822635
3FKY,9682,19.484416528743751,0.99317600996381927
3FKY,9683,19.485251155607305,0.99319728138603958
3FKY,9684,19.486303124618182,0.99322409137303735
3FKY,9685,19.488171780841824,0.99327171328147545
3FKY,9686,19.488648024852882,0.99328384979228235
3FKY,9687,19.489090329624851,0.99329512126923192
3FKY,9688,19.490314115339022,0.99332630695509028
3FKY,9689,19.491158919359911,0.99334783449333364
3FKY,9690,19.49244177903088,0.99338052379913233
3FKY,9691,19.493166844292823,0.99339899913998508
3FKY,9692,19.493847808885803,0.99341635044166843
3FKY,9693,19.494602159305252,0.99343557129530469
3FKY,9694,19.495817769781326,0.99346654427573933
3FKY,9695,19.496897902861722,0.99349406456826639
3FKY,9696,19.497009616545522,0.99349691083446112
3FKY,9697,19.498207705678471,0.99352743550441158
3FKY,9698,19.499298158847651,0.99355521703207927
3FKY,9699,19.499621186473348,0.99356344667324248
3FKY,9700,19.500182376104195,0.99357774370719221
3FKY,9701,19.501534445789179,0.99361218859174505
3FKY,9702,19.502171155871505,0.99362840879576053
3FKY,9703,19.502623145583669,0.99363992308339411
3FKY,9704,19.504341574467293,0.99368369826993075
3FKY,9705,19.505260901424148,0.99370711637514075
3FKY,9706,19.506044889788733,0.99372708655120934
3FKY,9707,19.50754854782857,0.99376538741989873
3FKY,9708,19.50856807326711,0.99379135572269262
3FKY,9709,19.509346661524141,0.99381118666457946
3FKY,9710,19.509968494114958,0.99382702469522821
3FKY,9711,19.510766571377893,0.99384735129495905
3FKY,9712,19.511630483760037,0.99386935421128253
3FKY,9713,19.512491529460831,0.99389128363164281
3FKY,9714,19.513236519866659,0.99391025692375756
3FKY,9715,19.514003312694506,0.99392978509810204
3FKY,9716,19.515589845254691,0.99397018864552411
3FKY,9717,19.516523385109497,0.99399396193898892
3FKY,9718,19.518054494820696,0.99403295156664584
3FKY,9719,19.519109527462646,0.99405981702702195
3FKY,9720,19.519786759811151,0.99407706175901656
3FKY,9721,19.521259203016392,0.99411455434105012
3FKY,9722,19.522055694380192,0.99413483468189423
3FKY,9723,19.523597099484544,0.99417408091410486
3FKY,9724,19.523711703299487,0.99417699881838772
3FKY,9725,19.524986857354023,0.99420946467711091
3FKY,9726,19.526252789219225,0.99424169468707313
3FKY,9727,19.528127145055272,0.99428941295702378
3FKY,9728,19.528678984299411,0.99430346151472171
3FKY,9729,19.529212495227686,0.99431704328694959
3FKY,9730,19.530311268198741,0.99434501454603841
3FKY,9731,19.53161849195622,0.99437829127313704
3FKY,9732,19.532355486486562,0.9943970517370726
3FKY,9733,19.533183603693185,0.99441813133961288
3FKY,9734,19.534423683281954,0.99444969654887461
3FKY,9735,19.535164212316126,0.99446854563053111
3FKY,9736,19.535434351298299,0.99447542153362267
3FKY,9737,19.537080995493863,0.99451733287905886
3FKY,9738,19.53764563935167,0.99453170411615255
3FKY,9739,19.539168224602086,0.99457045570963987
3FKY,9740,19.539816048115821,0.99458694312556883
3FKY,9741,19.540052115176152,0.99459295107636503
3FKY,9742,19.540979462624783,0.99461655189091835
3FKY,9743,19.542802403860854,0.99466294376308995
3FKY,9744,19.543415117351763,0.9946785361693159
3FKY,9745,19.544142258821473,0.99469704023528538
3FKY,9746,19.54608582630755,0.99474649783591595
3FKY,9747,19.546295142091932,0.99475182410911123
3FKY,9748,19.546986808712454,0.99476942413358682
3FKY,9749,19.548313931276649,0.99480319298385866
3FKY,9750,19.54879385979914,0.99481540456123396
3FKY,9751,19.549659743555516,0.99483743622639087
3FKY,9752,19.550497730393189,0.99485875761394149
3FKY,9753,19.552626167388489,0.99491291062285558
3FKY,9754,19.553257120608912,0.9949289631580871
3FKY,9755,19.55566905406155,0.99499032450665881
3FKY,9756,19.556676967946476,0.99501596545095217
3FKY,9757,19.557949983520494,0.99504834953670718
3FKY,9758,19.558807459421164,0.9950701621660637
3FKY,9759,19.558968242915231,0.99507425215286494
3FKY,9760,19.56019373229104,0.99510542541844982
3FKY,9761,19.561453453593437,0.99513746843748563
3FKY,9762,19.561823690197983,0.99514688579941446
3FKY,9763,19.563018827223502,0.99517728477301459
3FKY,9764,19.563847376741194,0.99519835884487018
3FKY,9765,19.564421435009987,0.99521295969625556
3FKY,9766,19.5651123702639,0.99523053296440323
3FKY,9767,19.56593004224294,0.99525132925736348
3FKY,9768,19.567770002555491,0.99529812437247756
3FKY,9769,19.568569180730819,0.99531844892702448
3FKY,9770,19.569049408860398,0.99533066180217611
3FKY,9771,19.569645852174553,0.99534582998389898
3FKY,9772,19.570920880214125,0.99537825451475481
3FKY,9773,19.571635960481515,0.99539643886211338
3FKY,9774,19.573340292556573,0.99543977834456498
3FKY,9775,19.574246715630128,0.99546282702006272
3FKY,9776,19.574813997762529,0.99547725169223622
3FKY,9777,19.575356122874211,0.99549103648426029
3FKY,9778,19.575814030910031,0.99550267971252604
3FKY,9779,19.576501194713281,0.99552015197200283
3FKY,9780,19.576973097400231,0.99553215068921153
3FKY,9781,19.578950449227381,0.99558242576500733
3FKY,9782,19.579320926365213,0.99559184503351517
3FKY,9783,19.579727655887009,0.99560218590523386
3FKY,9784,19.581483051921925,0.99564681464038629
3FKY,9785,19.581982175762302,0.99565950387065882
3FKY,9786,19.582871734646339,0.99568211873392143
3FKY,9787,19.583912134498735,0.995708567708945
3FKY,9788,19.585763666705816,0.99575563549848012
3FKY,9789,19.586349103444338,0.99577051741948541
3FKY,9790,19.586976894678944,0.99578647575327184
3FKY,9791,19.588651292443878,0.99582903737537776
3FKY,9792,19.58889188274377,0.99583515280587653
3FKY,9793,19.590130656258179,0.9958666399036924
3FKY,9794,19.591195035374543,0.99589369345620238
3FKY,9795,19.5918747589924,0.9959109697528139
3FKY,9796,19.592066745830643,0.9959158493606155
3FKY,9797,19.593278342511194,0.99594664319411663
3FKY,9798,19.593876959265643,0.99596185723290787
3FKY,9799,19.596301639338886,0.99602347888567933
3FKY,9800,19.596393286387141,0.99602580796049112
3FKY,9801,19.597028509001493,0.99604195105838811
3FKY,9802,19.598719504110932,0.99608492353594835
3FKY,9803,19.599262355239887,0.99609871836782293
3FKY,9804,19.599750787930617,0.99611113016519781
3FKY,9805,19.601161082577562,0.99614696697098326
3FKY,9806,19.601685909703459,0.99616030295266123
3FKY,9807,19.603029853888668,0.99619445207906765
3FKY,9808,19.603820570059561,0.99621454333856474
3FKY,9809,19.605230269049827,0.99625036129009636
3FKY,9810,19.605904763827841,0.99626749855085839
3FKY,9811,19.60654812073501,0.99628384439988293
3FKY,9812,19.607776862146608,0.99631506244067791
3FKY,9813,19.608729375834642,0.99633926182381705
3FKY,9814,19.610075896054113,0.99637347025989176
3FKY,9815,19.611296640027732,0.9964044823270336
3FKY,9816,19.611980631285519,0.99642185817997264
3FKY,9817,19.612877974966587,0.99644465349696354
3FKY,9818,19.613331795666102,0.99645618175391759
3FKY,9819,19.614355918085671,0.99648219670653781
3FKY,9820,19.615430821576279,0.99650950087909296
3FKY,9821,19.616049071065607,0.99652520501124131
3FKY,9822,19.61643027922711,0.99653488794214951
3FKY,9823,19.617413000125705,0.99655984924708052
3FKY,9824,19.61779103676475,0.9965694512858676
3FKY,9825,19.620042649979986,0.99662663979809241
3FKY,9826,19.620566657897935,0.99663994855518567
3FKY,9827,19.621213969284629,0.99665638872935269
3FKY,9828,19.621896623653196,0.99667372623765049
3FKY,9829,19.623069168525863,0.99670350488830017
3FKY,9830,19.623818257969678,0.99672252874594702
3FKY,9831,19.625042122240163,0.99675360919256673
3FKY,9832,19.626026195517401,0.99677859936300217
3FKY,9833,19.627175273303234,0.99680777896792927
3FKY,9834,19.627578504603527,0.99681801839430728
3FKY,9835,19.628350315616622,0.99683761703102458
3FKY,9836,19.628616151790865,0.99684436733344328
3FKY,9837,19.629912635430401,0.99687728791896146
3FKY,9838,19.631251328666714,0.9969112791586584
3FKY,9839,19.631403149685116,0.99691513402737009
3FKY,9840,19.632015801661087,0.9969306896465232
3FKY,9841,19.633421633845284,0.99696638369275892
3FKY,9842,19.63398482905701,0.99698068284747188
3FKY,9843,19.635742762135099,0.9970253142890052
3FKY,9844,19.637367102609343,0.99706655222688023
3FKY,9845,19.638773354498149,0.99710225206418457
3FKY,9846,19.639071435311788,0.99710981913360941
3FKY,9847,19.640139539729251,0.99713693352457533
3FKY,9848,19.641472889738523,0.99717078027939265
3FKY,9849,19.641845957349783,0.99718025030123447
3FKY,9850,19.643690179630056,0.99722706308231102
3FKY,9851,19.644826426288493,0.9972559038836798
3FKY,9852,19.645667685527332,0.99727725662416533
3FKY,9853,19.646007785662597,0.99728588887498504
3FKY,9854,19.646767796660988,0.99730517882239167
3FKY,9855,19.647856615406333,0.99733281363592241
3FKY,9856,19.648631080595926,0.99735246951875978
3FKY,9857,19.648972124852385,0.99736112507990404
3FKY,9858,19.64949417915129,0.99737437445501587
3FKY,9859,19.649661733596385,0.99737862683301814
3FKY,9860,19.651844714791526,0.99743402723504526
3FKY,9861,19.652474051712844,0.99744999817933877
3FKY,9862,19.653363127878524,0.99747256019844988
3FKY,9863,19.653950288954213,0.99748746026118396
3FKY,9864,19.654875003409359,0.9975109257785596
3FKY,9865,19.656503585456854,0.99755225126995384
3FKY,9866,19.657357702743919,0.99757392392815236
3FKY,9867,19.658183713048665,0.99759488294251419
3FKY,9868,19.658677157213937,0.99760740328245145
3FKY,9869,19.660956955590226,0.99766524740353424
3FKY,9870,19.661708188884536,0.99768430731483371
3FKY,9871,19.662691157650443,0.99770924615142953
3FKY,9872,19.663831108421743,0.99773816698763751
3FKY,9873,19.664724569036466,0.99776083372092284
3FKY,9874,19.665524594489959,0.99778112960511234
3FKY,9875,19.666054779498587,0.99779457966663465
3FKY,9876,19.667167092867949,0.99782279693161946
3FKY,9877,19.667908926686923,0.9978416153947105
3FKY,9878,19.668926705231932,0.99786743330583072
3FKY,9879,19.669502334667939,0.99788203495832339
3FKY,9880,19.670454112359113,0.99790617767312173
3FKY,9881,19.672115808215217,0.99794832671381106
3FKY,9882,19.672477770951403,0.99795750768978864
3FKY,9883,19.673815011086916,0.99799142528193852
3FKY,9884,19.674515153078428,0.99800918313640541
3FKY,9885,19.675558214309621,0.99803563794056194
3FKY,9886,19.676509351593438,0.99805976069793434
3FKY,9887,19.677676765139431,0.99808936786000457
3FKY,9888,19.678753328747348,0.99811667016828975
3FKY,9889,19.679100820348765,0.99812548260735046
3FKY,9890,19.680142978213272,0.99815191142032433
3FKY,9891,19.680929504390484,0.99817185702651845
3FKY,9892,19.682308422525839,0.99820682420547036
3FKY,9893,19.683208863613721,0.99822965730359103
3FKY,9894,19.684732769701942,0.99826829883862434
3FKY,9895,19.685275626630474,0.99828206364642658
3FKY,9896,19.687132444005652,0.99832914410918905
3FKY,9897,19.687483541926596,0.99833804610965005
3FKY,9898,19.688363435278795,0.99836035523802169
3FKY,9899,19.689306888731814,0.99838427533793228
3FKY,9900,19.690604719074162,0.99841717929086604
3FKY,9901,19.690931838139196,0.99842547258460757
3FKY,9902,19.691440524995492,0.99843836894316962
3FKY,9903,19.692568249341829,0.99846695870365687
3FKY,9904,19.69393365295608,0.99850157294863662
3FKY,9905,19.695089617771156,0.99853087678832697
3FKY,9906,19.695929374069568,0.99855216416683612
3FKY,9907,19.697794579089219,0.99859944450534899
3FKY,9908,19.698738436242419,0.99862336911108418
3FKY,9909,19.698806168846946,0.99862508595462229
3FKY,9910,19.700384707880382,0.99866509693512584
3FKY,9911,19.701065855404895,0.99868236137916877
3FKY,9912,19.702209166028609,0.99871133919175992
3FKY,9913,19.702440807039508,0.99871721015329218
3FKY,9914,19.703357382295845,0.99874044049428945
3FKY,9915,19.704209827936175,0.99876204500334764
3FKY,9916,19.704636907945932,0.99877286880689886
3FKY,9917,19.706096069124268,0.99880984851943477
3FKY,9918,19.706699113671249,0.9988251311564037
3FKY,9919,19.707020952912796,0.99883328726129772
3FKY,9920,19.708635036390742,0.99887419063527783
3FKY,9921,19.709286701806906,0.99889070437109129
3FKY,9922,19.71025461631821,0.99891523161432949
3FKY,9923,19.711146409144998,0.99893782937826792
3FKY,9924,19.712395471876647,0.99896947939551961
3FKY,9925,19.713903168485245,0.99900768160438369
3FKY,9926,19.714083732933666,0.99901225667144189
3FKY,9927,19.714791742641079,0.99903019572543672
3FKY,9928,19.716347249014408,0.99906960692504021
3FKY,9929,19.717202685907132,0.99909128010109705
3FKY,9930,19.718670887885104,0.99912847707348607
3FKY,9931,19.719180259707059,0.99914138171115197
3FKY,9932,19.721010323041021,0.99918774392200771
3FKY,9933,19.721926848302537,0.99921096205722038
3FKY,9934,19.722064661863378,0.99921445321153846
3FKY,9935,19.723618853490954,0.99925382383955852
3FKY,9936,19.725210642514007,0.99929414527318816
3FKY,9937,19.725641019659758,0.9993050468301834
3FKY,9938,19.726432462137158,0.99932509394875779
3FKY,9939,19.727753656262507,0.99935855870067458
3FKY,9940,19.728040356424817,0.99936582043013977
3FKY,9941,19.730471062819724,0.99942738483355997
3FKY,9942,19.73104860593957,0.99944201216263207
3FKY,9943,19.731967900517564,0.99946529452687949
3FKY,9944,19.732037418954523,0.99946705515218104
3FKY,9945,19.732795459175534,0.99948625309243833
3FKY,9946,19.734970803046181,0.99954134326910804
3FKY,9947,19.735630059738281,0.99955803822201872
3FKY,9948,19.736238153462129,0.99957343728163373
3FKY,9949,19.737185062101211,0.99959741584743689
3FKY,9950,19.73889481491635,0.99964071045808267
3FKY,9951,19.739463068992208,0.99965509945567255
3FKY,9952,19.739999955181137,0.99966869398368441
3FKY,9953,19.741565959682223,0.99970834582337686
3FKY,9954,19.74247802749688,0.99973143900851169
3FKY,9955,19.743480755687195,0.99975682706179314
3FKY,9956,19.74376299269915,0.99976397289830088
3FKY,9957,19.744521373788437,0.99978317376721226
3FKY,9958,19.745624326022238,0.99981109791043821
3FKY,9959,19.746110608825578,0.99982340919374102
3FKY,9960,19.747392473160946,0.99985586158894568
3FKY,9961,19.748871469813036,0.99989330338755888
3FKY,9962,19.750262787646136,0.99992852425790213
3FKY,9963,19.751845951627267,0.99996860015759004
3FKY,9964,19.752244991356473,0.99997870111688947
3FKY,9965,19.754260209030971,1.0000297110997218
3FKY,9966,19.754830619304517,1.000044149076575
3FKY,9967,19.755946675345879,1.0000723975989865
3FKY,9968,19.756817219089601,1.000094431399561
3FKY,9969,19.757263962725329,1.0001057384661733
3FKY,9970,19.757762502605626,1.0001183563430929
3FKY,9971,19.758949859415896,1.0001484073041009
3FKY,9972,19.759707347775944,1.0001675781993522
3FKY,9973,19.761194999383136,1.0002052273627504
3FKY,9974,19.762268756919884,1.0002324009044445
3FKY,9975,19.763343662680988,1.0002596027648147
3FKY,9976,19.764076004931578,1.000278135195237
3FKY,9977,19.764605111416646,1.000291524389499
3FKY,9978,19.764937288768788,1.0002999301429147
3FKY,9979,19.766407427879408,1.0003371311894782
3FKY,9980,19.76721409987374,1.000357542984561
3FKY,9981,19.768327441261622,1.000385713969302
3FKY,9982,19.769540161262462,1.0004163986380432
3FKY,9983,19.770479192509242,1.0004401576909938
3FKY,9984,19.772367932994818,1.0004879442591315
3FKY,9985,19.772976209416214,1.0005033336284772
3FKY,9986,19.774027333557886,1.0005299264696523
3FKY,9987,19.776204334129343,1.0005850010945088
3FKY,9988,19.776408620561266,1.0005901690581984
3FKY,9989,19.776985769902758,1.0006047694276332
3FKY,9990,19.779079362279045,1.0006577300532769
3FKY,9991,19.779797003500203,1.0006758832420204
3FKY,9992,19.780770207510674,1.0007005005271199
3FKY,9993,19.782384636166494,1.0007413363131998
3FKY,9994,19.783344372363263,1.0007656113450794
3FKY,9995,19.784282489297791,1.0007893389823359
3FKY,9996,19.785997672859388,1.0008327193834676
3FKY,9997,19.786324980132068,1.0008409974212618
3FKY,9998,19.787734637773291,1.0008766487621104
3FKY,9999,19.787942203929848,1.0008818981647878
3FKY,10000,19.789720731423174,1.0009268764641592
3FKY,10001,19.791157010650846,1.0009631979569473
3FKY,10002,19.79159931949124,1.0009743830634448
3FKY,10003,19.792051348265453,1.000985813838507
3FKY,10004,19.792825341227239,1.0010053860492605
3FKY,10005,19.79420454455704,1.0010402614621452
3FKY,10006,19.794377299054155,1.0010446297566442
3FKY,10007,19.794798780783484,1.001055287322915
3FKY,10008,19.797970320076903,1.0011354790705866
3FKY,10009,19.798670840253706,1.0011531907195041
3FKY,10010,19.799384076363914,1.0011712235506587
3FKY,10011,19.800061425271164,1.0011883487408115
3FKY,10012,19.802282057604454,1.0012444902051776
3FKY,10013,19.802426572490685,1.0012481436848415
3FKY,10014,19.804337572102988,1.0012964543968552
3FKY,10015,19.805118912295082,1.0013162062679994
3FKY,10016,19.806169756041761,1.0013427704335884
3FKY,10017,19.806493146470284,1.0013509452435037
3FKY,10018,19.806826639698116,1.001359375366665
3FKY,10019,19.808508812640618,1.0014018966628391
3FKY,10020,19.809788506369298,1.0014342430409227
3FKY,10021,19.810733079057947,1.0014581180095894
3FKY,10022,19.811709254068923,1.0014827911588093
3FKY,10023,19.812698164819775,1.0015077855883103
3FKY,10024,19.81319860354742,1.001520433792835
3FKY,10025,19.813944997506596,1.0015392980301729
3FKY,10026,19.8168149775024,1.001611830119862
3FKY,10027,19.818046717003817,1.0016429578688797
3FKY,10028,19.818785411913094,1.0016616252398314
3FKY,10029,19.819496679730939,1.0016795991789884
3FKY,10030,19.819754023501936,1.0016861022494949
3FKY,10031,19.821105084894391,1.0017202428436687
3FKY,10032,19.822914001399379,1.0017659513683042
3FKY,10033,19.823294382723102,1.0017755627511371
3FKY,10034,19.823724492309694,1.0017864305445441
3FKY,10035,19.824966317946505,1.0018178077105846
3FKY,10036,19.826372589268626,1.0018533387336315
3FKY,10037,19.828100532813895,1.0018969954410002
3FKY,10038,19.828494157620312,1.0019069401543879
3FKY,10039,19.829135936489635,1.0019231541314872
3FKY,10040,19.829610953390393,1.0019351548455562
3FKY,10041,19.831584165177397,1.0019850040604927
3FKY,10042,19.831752136249033,1.001989247396202
3FKY,10043,19.832638099427299,1.0020116285670078
3FKY,10044,19.833316545503337,1.0020287671100598
3FKY,10045,19.835455574936869,1.0020828002122275
3FKY,10046,19.836260441843372,1.002103130854465
3FKY,10047,19.83679095771295,1.0021165312648117
3FKY,10048,19.837714244633982,1.0021398523332936
3FKY,10049,19.839081748192822,1.0021743927591953
3FKY,10050,19.840396168198435,1.0022075912778978
3FKY,10051,19.841158625839167,1.0022268482899008
3FKY,10052,19.841360887112049,1.0022319566398028
3FKY,10053,19.842941719763942,1.0022718815586167
3FKY,10054,19.844402461808865,1.0023087721002315
3FKY,10055,19.845010605274023,1.0023241301555088
3FKY,10056,19.846826356056269,1.002369983726243
3FKY,10057,19.846944056342181,1.0023729559661529
3FKY,10058,19.847270005426306,1.0023811869866208
3FKY,10059,19.848307705391857,1.0024073910269531
3FKY,10060,19.849863566502194,1.0024466784094672
3FKY,10061,19.850287250603305,1.0024573766808205
3FKY,10062,19.850683309347595,1.0024673772925092
3FKY,10063,19.851756020483165,1.0024944630954131
3FKY,10064,19.852376509760226,1.0025101300269297
3FKY,10065,19.852575060289361,1.0025151432408135
3FKY,10066,19.855068298590737,1.002578093026252
3FKY,10067,19.855876237143882,1.0025984911745125
3FKY,10068,19.857225535944011,1.0026325562025031
3FKY,10069,19.857599766253767,1.0026420039907549
3FKY,10070,19.858108188851531,1.0026548394440675
3FKY,10071,19.858600346106837,1.0026672641119079
3FKY,10072,19.859529016696392,1.0026907082796044
3FKY,10073,19.86040078726602,1.0027127155149387
3FKY,10074,19.86179166787397,1.002747826318322
3FKY,10075,19.862378052161489,1.0027626283875339
3FKY,10076,19.863536291947238,1.0027918651344501
3FKY,10077,19.864195147438789,1.0028084958450885
3FKY,10078,19.865102150444681,1.002831389799034
3FKY,10079,19.866385131054173,1.0028637730318197
3FKY,10080,19.86760084871565,1.0028944575408869
3FKY,10081,19.868660274405833,1.0029211965013978
3FKY,10082,19.869033669179689,1.0029306204829036
3FKY,10083,19.870371755488954,1.0029643912530635
3FKY,10084,19.870688172205746,1.0029723768468981
3FKY,10085,19.871134208042243,1.0029836336063209
3FKY,10086,19.871909484976207,1.0030031992356359
3FKY,10087,19.873736179544309,1.003049297935765
3FKY,10088,19.874543679988456,1.003069675446036
3FKY,10089,19.875019469226981,1.0030816819330397
3FKY,10090,19.876149170911788,1.0031101892501189
3FKY,10091,19.877900757735386,1.0031543878488267
3FKY,10092,19.878851763143881,1.0031783841915451
3FKY,10093,19.879674169769135,1.0031991351893017
3FKY,10094,19.879838611253025,1.0032032843320862
3FKY,10095,19.880905802860951,1.0032302110033549
3FKY,10096,19.881277265553781,1.0032395833342405
3FKY,10097,19.882221491874766,1.0032634066017558
3FKY,10098,19.882531318752314,1.0032712235541472
3FKY,10099,19.883647667016724,1.0032993885888308
3FKY,10100,19.884259746717422,1.0033148307872108
3FKY,10101,19.885837411445639,1.003354632696952
3FKY,10102,19.886691905482948,1.0033761895296669
3FKY,10103,19.887241723152059,1.0033900598643446
3FKY,10104,19.88767345492284,1.003400951093564
3FKY,10105,19.888350425106356,1.0034180286754915
3FKY,10106,19.889751328683452,1.0034533676332946
3FKY,10107,19.891321904205252,1.0034929852272965
3FKY,10108,19.891895189810452,1.0035074459036935
3FKY,10109,19.89300266799566,1.0035353805757325
3FKY,10110,19.89406173080069,1.0035620933065303
3FKY,10111,19.895254166899569,1.0035921692596503
3FKY,10112,19.896223590306391,1.0036166196607452
3FKY,10113,19.896788101580693,1.0036308572590436
3FKY,10114,19.897897105664168,1.0036588269796907
3FKY,10115,19.898672397704328,1.0036783798278119
3FKY,10116,19.900151014456675,1.0037156694536902
3FKY,10117,19.901046771747289,1.0037382591192321
3FKY,10118,19.902044715627596,1.0037634251797818
3FKY,10119,19.902481598121156,1.0037744422453101
3FKY,10120,19.902975010468538,1.0037868847046019
3FKY,10121,19.904181548345864,1.0038173095165324
3FKY,10122,19.905882774727782,1.0038602071357317
3FKY,10123,19.906626328217012,1.003878955784006
3FKY,10124,19.907195754651006,1.0038933135942323
3FKY,10125,19.907897282218393,1.0039110019878785
3FKY,10126,19.908509115494624,1.0039264285653184
3FKY,10127,19.910282652973358,1.003971144658439
3FKY,10128,19.910695258627239,1.0039815473742553
3FKY,10129,19.910876766927977,1.0039861235722976
3FKY,10130,19.911656710385962,1.0040057873156356
3FKY,10131,19.912528071293117,1.0040277553978347
3FKY,10132,19.913263422604111,1.0040462941365469
3FKY,10133,19.913715385741455,1.0040576882844736
3FKY,10134,19.915328726526699,1.0040983601124016
3FKY,10135,19.916110744747478,1.0041180739598512
3FKY,10136,19.916704092442444,1.0041330313658139
3FKY,10137,19.917592854630985,1.0041554353115327
3FKY,10138,19.918719494997706,1.0041838349795613
3FKY,10139,19.919836096312242,1.0042119807967875
3FKY,10140,19.920926611776093,1.0042394683147864
3FKY,10141,19.921723757996592,1.0042595606956288
3FKY,10142,19.921882383241307,1.0042635588587248
3FKY,10143,19.923569233549184,1.004306075082904
3FKY,10144,19.924333442000343,1.0043253359849422
3FKY,10145,19.925401666170021,1.0043522585974791
3FKY,10146,19.926172002848364,1.0043716730594299
3FKY,10147,19.926583621162344,1.0043820467438391
3FKY,10148,19.927864841665198,1.0044143356251447
3FKY,10149,19.928793415534507,1.0044377365777506
3FKY,10150,19.930209590926118,1.0044734245069078
3FKY,10151,19.930903054949308,1.0044908994892929
3FKY,10152,19.932766468040139,1.0045378551575506
3FKY,10153,19.933138080960322,1.0045472190736564
3FKY,10154,19.933716085810552,1.0045617834877849
3FKY,10155,19.935454263672447,1.0046055803639644
3FKY,10156,19.935929490658825,1.004617554328314
3FKY,10157,19.936558714839109,1.0046334082334361
3FKY,10158,19.937061820908774,1.0046460842921285
3FKY,10159,19.938097085071437,1.004672167889477
3FKY,10160,19.938588110002868,1.0046845390812458
3FKY,10161,19.939303436867924,1.0047025612047769
3FKY,10162,19.940859337228844,1.0047417598304602
3FKY,10163,19.941987931205958,1.0047701921421146
3FKY,10164,19.943013159865419,1.0047960197065804
3FKY,10165,19.943623470985585,1.0048113943515196
3FKY,10166,19.94457377098157,1.0048353333536506
3FKY,10167,19.944877857139094,1.0048429934659775
3FKY,10168,19.945503556455787,1.0048587550226025
3FKY,10169,19.9466171459596,1.004886806070318
3FKY,10170,19.947571003013497,1.0049108328740208
3FKY,10171,19.948219619279527,1.0049271706079135
3FKY,10172,19.948805862312572,1.0049419370190371
3FKY,10173,19.949837550318012,1.0049679228636352
3FKY,10174,19.951516180410668,1.0050102022533354
3FKY,10175,19.952545869949109,1.0050361360001807
3FKY,10176,19.952693393507108,1.0050398514717203
3FKY,10177,19.953775645369763,1.0050671082305123
3FKY,10178,19.95505756588755,1.005099392733404
3FKY,10179,19.956126239185508,1.0051263059231743
3FKY,10180,19.956547263278075,1.0051369086863005
3FKY,10181,19.956821344616497,1.0051438108903672
3FKY,10182,19.958561503200272,1.0051876322853928
3FKY,10183,19.958979132966117,1.0051981489270709
3FKY,10184,19.959584276717848,1.0052133873008462
3FKY,10185,19.961243519816627,1.0052551681989588
3FKY,10186,19.962806467883212,1.0052945227328096
3FKY,10187,19.963361377719892,1.0053084948149347
3FKY,10188,19.964407590347243,1.0053348368883519
3FKY,10189,19.965709567083145,1.0053676177566018
3FKY,10190,19.966106810436706,1.0053776192448081
3FKY,10191,19.966447014097596,1.0053861845523295
3FKY,10192,19.967708564343749,1.0054179459657075
3FKY,10193,19.968815440940382,1.005445812412388
3FKY,10194,19.969630507542071,1.0054663318303192
3FKY,10195,19.970368510898542,1.0054849108088291
3FKY,10196,19.971009121822242,1.0055010376883013
3FKY,10197,19.971472324533142,1.0055126982935076
3FKY,10198,19.972525034988259,1.0055391985876436
3FKY,10199,19.973118193199841,1.0055541300848712
3FKY,10200,19.97357741162735,1.005565689780451
3FKY,10201,19.975442512399809,1.0056126377438981
3FKY,10202,19.975541556456406,1.0056151308008474
3FKY,10203,19.976241385446126,1.0056327461544845
3FKY,10204,19.977290043963325,1.0056591412977078
3FKY,10205,19.978012915168044,1.0056773358440481
3FKY,10206,19.978753115028344,1.0056959662086302
3FKY,10207,19.980379694067132,1.0057369049667755
3FKY,10208,19.980611785773213,1.0057427462600808
3FKY,10209,19.981905158093898,1.0057752972848875
3FKY,10210,19.982695046604267,1.0057951763328064
3FKY,10211,19.983726252197737,1.0058211279931988
3FKY,10212,19.984500957753653,1.0058406240485014
3FKY,10213,19.985944752052347,1.0058769572232233
3FKY,10214,19.986798955800701,1.0058984526965984
3FKY,10215,19.987490821123266,1.0059158626939757
3FKY,10216,19.988476818671234,1.0059406736707841
3FKY,10217,19.989041675197434,1.0059548870634658
3FKY,10218,19.989948518721349,1.0059777053992143
3FKY,10219,19.991267456039068,1.0060108920692548
3FKY,10220,19.992265733420833,1.0060360096708416
3FKY,10221,19.99249667874874,1.0060418203840509
3FKY,10222,19.993272747898136,1.0060613464706529
3FKY,10223,19.994456560541771,1.0060911307517959
3FKY,10224,19.995387629223259,1.0061145554704134
3FKY,10225,19.996678927809658,1.0061470422956895
3FKY,10226,19.996864149725148,1.0061517020707345
3FKY,10227,19.997464756043541,1.0061668118531362
3FKY,10228,19.999214896845277,1.0062108398108183
3FKY,10229,20.000609333840838,1.0062459180169092
3FKY,10230,20.00163514747446,1.0062717224193942
3FKY,10231,20.002208630204297,1.0062861481229346
3FKY,10232,20.003511463382537,1.0063189195447639
3FKY,10233,20.004557688578299,1.0063452354854552
3FKY,10234,20.005340733596849,1.0063649311449303
3FKY,10235,20.005733271923908,1.0063748043801315
3FKY,10236,20.007810616925269,1.0064270527374759
3FKY,10237,20.008264323049048,1.0064384637693247
3FKY,10238,20.009669375009601,1.006473801005203
3FKY,10239,20.010565412106963,1.0064963358045151
3FKY,10240,20.011020560505024,1.0065077823224056
3FKY,10241,20.011753418735307,1.006526212685728
3FKY,10242,20.012711371733978,1.0065503033599625
3FKY,10243,20.01339563980568,1.0065675110320036
3FKY,10244,20.01401987218599,1.006583208696338
3FKY,10245,20.01466922801481,1.0065995378839838
3FKY,10246,20.015691772578148,1.0066252510178597
3FKY,10247,20.017150965662736,1.006661943075567
3FKY,10248,20.017448488870365,1.0066694242645211
3FKY,10249,20.017780061234788,1.0066777615503439
3FKY,10250,20.018897534796615,1.0067058595732314
3FKY,10251,20.019548151934245,1.0067222184851545
3FKY,10252,20.019769399083994,1.0067277813930771
3FKY,10253,20.02110638850872,1.0067613972129912
3FKY,10254,20.022516152138508,1.0067968415733197
3FKY,10255,20.023533735712817,1.0068224249441713
3FKY,10256,20.024295072198061,1.0068415655057288
3FKY,10257,20.025245280658037,1.0068654539377708
3FKY,10258,20.025446100466137,1.0068705025156404
3FKY,10259,20.026295084948632,1.0068918455700815
3FKY,10260,20.026783785434894,1.0069041310560016
3FKY,10261,20.02789366066694,1.0069320317535162
3FKY,10262,20.02977680986324,1.006979369698966
3FKY,10263,20.03070060144551,1.007002590834889
3FKY,10264,20.031382749738011,1.0070197374954906
3FKY,10265,20.032340872382061,1.0070438206276537
3FKY,10266,20.032665532598735,1.0070519810753618
3FKY,10267,20.033334195961956,1.0070687879537197
3FKY,10268,20.035412942187914,1.0071210355256528
3FKY,10269,20.03543170442012,1.0071215070865425
3FKY,10270,20.036853823559806,1.0071572493000858
3FKY,10271,20.037794773370226,1.0071808975560783
3FKY,10272,20.038719945410875,1.0072041487386882
3FKY,10273,20.039899701842142,1.0072337972912537
3FKY,10274,20.040997247048754,1.0072613790034062
3FKY,10275,20.042182126113097,1.0072911545995407
3FKY,10276,20.04249572536461,1.0072990350916571
3FKY,10277,20.042998196534132,1.0073116616517157
3FKY,10278,20.045187390278755,1.0073666718890704
3FKY,10279,20.046164413914266,1.0073912216484766
3FKY,10280,20.047719851953566,1.0074303040434853
3FKY,10281,20.048023632105025,1.0074379367362125
3FKY,10282,20.048620284143549,1.0074529278754254
3FKY,10283,20.049364867376934,1.0074716355366822
3FKY,10284,20.050767117967844,1.0075068661538353
3FKY,10285,20.051585946810793,1.0075274381163504
3FKY,10286,20.05283486432381,1.0075588146636367
3FKY,10287,20.054152657158376,1.0075919205058379
3FKY,10288,20.055407107150977,1.0076234340265804
3FKY,10289,20.055994386054305,1.0076381869470803
3FKY,10290,20.057657389782648,1.0076799617724601
3FKY,10291,20.05814703056015,1.007692261269336
3FKY,10292,20.059363710744758,1.0077228229312132
3FKY,10293,20.059889272558333,1.0077360241766022
3FKY,10294,20.061402730461669,1.0077740387753706
3FKY,10295,20.061705146321728,1.0077816345977622
3FKY,10296,20.062389338790741,1.0077988193465406
3FKY,10297,20.063274991035996,1.0078210636919618
3FKY,10298,20.064755929354192,1.0078582583496334
3FKY,10299,20.065359456090054,1.0078734158933647
3FKY,10300,20.066937695785636,1.0079130522268018
3FKY,10301,20.067722512776154,1.0079327617501541
3FKY,10302,20.068474796844594,1.0079516538952935
3FKY,10303,20.069956080744507,1.0079888524124117
3FKY,10304,20.070223302088131,1.0079955628216881
3FKY,10305,20.070846698953115,1.0080112172662077
3FKY,10306,20.072319646432156,1.0080482042544532
3FKY,10307,20.072892852389661,1.0080625975861948
3FKY,10308,20.073676126049268,1.0080822654333546
3FKY,10309,20.073952589514455,1.0080892072848362
3FKY,10310,20.074942311532524,1.0081140582897028
3FKY,10311,20.075548365463568,1.0081292754411972
3FKY,10312,20.076352560211095,1.0081494672719353
3FKY,10313,20.078766473814674,1.0082100737132456
3FKY,10314,20.079240093138161,1.0082219645073793
3FKY,10315,20.080468604683148,1.0082528071431711
3FKY,10316,20.080962787955396,1.0082652136914385
3FKY,10317,20.081719486362864,1.0082842104273577
3FKY,10318,20.081997490752165,1.0082911895724014
3FKY,10319,20.08317071363539,1.0083206421460347
3FKY,10320,20.083706560739014,1.0083340937593119
3FKY,10321,20.085103312994363,1.0083691562222337
3FKY,10322,20.086710029130838,1.0084094878692629
3FKY,10323,20.08811002346749,1.0084446290887972
3FKY,10324,20.088281478564703,1.0084489326943324
3FKY,10325,20.089608005095808,1.0084822285285822
3FKY,10326,20.089782151956904,1.0084865995355705
3FKY,10327,20.090034956137551,1.0084929447717836
3FKY,10328,20.090256576989951,1.0084985072919623
3FKY,10329,20.091741185488445,1.0085357690807761
3FKY,10330,20.092548081683379,1.0085560205735828
3FKY,10331,20.093414282177879,1.0085777600340269
3FKY,10332,20.094991053469091,1.0086173318369425
3FKY,10333,20.096469767934881,1.0086544413235403
3FKY,10334,20.09755500236556,1.0086816752547636
3FKY,10335,20.098030468856784,1.0086936068429673
3FKY,10336,20.099508280575755,1.0087306908705356
3FKY,10337,20.100941685423866,1.0087666592550446
3FKY,10338,20.101542100192212,1.0087817250635693
3FKY,10339,20.102063617029021,1.0087948109561697
3FKY,10340,20.103786883666881,1.0088380499295395
3FKY,10341,20.104490072167817,1.0088556932998374
3FKY,10342,20.105561716137849,1.0088825808187387
3FKY,10343,20.106853546124256,1.0089149918464591
3FKY,10344,20.107488450099151,1.0089309207206754
3FKY,10345,20.108526561063837,1.0089569649662253
3FKY,10346,20.109373741431881,1.0089782186251539
3FKY,10347,20.110652139831462,1.0090102896298769
3FKY,10348,20.111550248129141,1.0090328197395453
3FKY,10349,20.112394973759631,1.0090540102227341
3FKY,10350,20.113462299347322,1.0090807841320031
3FKY,10351,20.114460598590618,1.0091058258694428
3FKY,10352,20.115714794524049,1.0091372857410335
3FKY,10353,20.118428814353599,1.0092053600366235
3FKY,10354,20.119261577556134,1.0092262468662709
3FKY,10355,20.12035454525472,1.0092536593213424
3FKY,10356,20.120592716376535,1.0092596327340959
3FKY,10357,20.121913947807268,1.0092927690257882
3FKY,10358,20.12272006444849,1.0093129857792897
3FKY,10359,20.123656282725563,1.0093364648683716
3FKY,10360,20.123892568119398,1.0093423905003913
3FKY,10361,20.125496887381381,1.0093826231532237
3FKY,10362,20.126401594851163,1.0094053104374576
3FKY,10363,20.126890844689857,1.0094175791080835
3FKY,10364,20.127686114902357,1.0094375213785802
3FKY,10365,20.128547449774363,1.0094591198482616
3FKY,10366,20.130128015810335,1.009498752253017
3FKY,10367,20.131805154843214,1.0095408045066516
3FKY,10368,20.132836094987631,1.0095666532273879
3FKY,10369,20.133812783003773,1.0095911410762111
3FKY,10370,20.134536075786592,1.0096092753321437
3FKY,10371,20.135642935184848,1.0096370256650322
3FKY,10372,20.137113012471872,1.0096738811400385
3FKY,10373,20.137538982937613,1.0096845601529305
3FKY,10374,20.138050170689638,1.0096973754007499
3FKY,10375,20.139163399451022,1.0097252829840442
3FKY,10376,20.139950126188673,1.0097450050078494
3FKY,10377,20.140566059979385,1.0097604452475133
3FKY,10378,20.143014748715064,1.0098218266871142
3FKY,10379,20.143841016662144,1.0098425379575378
3FKY,10380,20.144163779330622,1.0098506282260822
3FKY,10381,20.14489465698016,1.0098689479381078
3FKY,10382,20.145071488048949,1.0098733802227278
3FKY,10383,20.145527709511462,1.0098848153596616
3FKY,10384,20.14664731057956,1.0099128774790875
3FKY,10385,20.14830470064263,1.0099544175209261
3FKY,10386,20.149417115157856,1.0099822975947976
3FKY,10387,20.149850745553298,1.009993165320259
3FKY,10388,20.151057292981513,1.0100234034205291
3FKY,10389,20.152882055671792,1.0100691333113712
3FKY,10390,20.153391132017852,1.0100818907684681
3FKY,10391,20.154328011823356,1.010105368562388
3FKY,10392,20.155387601842101,1.0101319207624597
3FKY,10393,20.156377904848256,1.0101567360726469
3FKY,10394,20.157488591558511,1.0101845672686005
3FKY,10395,20.158519919580183,1.01021040923599
3FKY,10396,20.159546152826948,1.0102361228875478
3FKY,10397,20.160552588145151,1.0102613398397704
3FKY,10398,20.161170405794969,1.0102768193883152
3FKY,10399,20.163214623180043,1.0103280359855851
3FKY,10400,20.163538523739284,1.0103361508746984
3FKY,10401,20.164281101663537,1.0103547549112224
3FKY,10402,20.165609146294955,1.0103880259737752
3FKY,10403,20.167068766330601,1.0104245920876465
3FKY,10404,20.167672810838955,1.0104397241046703
3FKY,10405,20.169442645254023,1.0104840592092412
3FKY,10406,20.170118433126976,1.0105009874696083
3FKY,10407,20.171426661086908,1.0105337573369455
3FKY,10408,20.172694307641759,1.010565509664942
3FKY,10409,20.173644339978971,1.0105893056585527
3FKY,10410,20.174407524887144,1.0106084211738056
3FKY,10411,20.175665548351208,1.0106399301359907
3FKY,10412,20.176698652082209,1.0106658049333923
3FKY,10413,20.177146999230505,1.0106770338916604
3FKY,10414,20.177851288411492,1.0106946727255623
3FKY,10415,20.179750345263642,1.010742232831384
3FKY,10416,20.181806783897596,1.0107937318933156
3FKY,10417,20.18213864049012,1.0108020422787107
3FKY,10418,20.183705616712643,1.0108412817282828
3FKY,10419,20.184004647697968,1.0108487697423931
3FKY,10420,20.185581143096542,1.0108882457370163
3FKY,10421,20.185904139142586,1.0108963334803889
3FKY,10422,20.187171334313266,1.0109280631180486
3FKY,10423,20.189312581918355,1.010981676124556
3FKY,10424,20.189838299897364,1.0109948387268375
3FKY,10425,20.190489053287411,1.0110111316512174
3FKY,10426,20.191883692790228,1.0110460483813313
3FKY,10427,20.193780838155725,1.0110935441054076
3FKY,10428,20.194117983720105,1.0111019844337319
3FKY,10429,20.195405363053521,1.0111342129037986
3FKY,10430,20.195691063325135,1.0111413650330181
3FKY,10431,20.196453083269382,1.0111604409491664
3FKY,10432,20.197731924882664,1.0111924538371442
3FKY,10433,20.197864306339859,1.011195767647618
3FKY,10434,20.199179387941516,1.0112286865563791
3FKY,10435,20.20067004533788,1.0112659991541446
3FKY,10436,20.201961415074546,1.0112983222759488
3FKY,10437,20.202190702335997,1.0113040612524802
3FKY,10438,20.203570903666151,1.0113386065003644
3FKY,10439,20.205151086392654,1.0113781556611889
3FKY,10440,20.206352118657399,1.0114082143264562
3FKY,10441,20.207571551082047,1.0114387325851866
3FKY,10442,20.208512020981619,1.0114622687288906
3FKY,10443,20.210135793044977,1.0115029038628125
3FKY,10444,20.210918896478262,1.0115225005575565
3FKY,10445,20.211553864794137,1.0115383899809256
3FKY,10446,20.212617211372383,1.0115649985669368
3FKY,10447,20.213517313430739,1.0115875216670238
3FKY,10448,20.214185592620016,1.0116042435786776
3FKY,10449,20.215051989662943,1.0116259224519144
3FKY,10450,20.216336271803357,1.0116580567365858
3FKY,10451,20.21826134560931,1.0117062224882631
3FKY,10452,20.219298172369989,1.0117321631618867
3FKY,10453,20.21951238130368,1.01173752243529
3FKY,10454,20.221217871148667,1.0117801909144601
3FKY,10455,20.222432150352972,1.0118105690353403
3FKY,10456,20.223708459631673,1.0118424980049283
3FKY,10457,20.224253557642729,1.0118561342185277
3FKY,10458,20.224901468233224,1.0118723421604658
3FKY,10459,20.225632382738866,1.0118906261924534
3FKY,10460,20.226549079394985,1.0119135571502
3FKY,10461,20.227612095546412,1.011940147606091
3FKY,10462,20.229241087014934,1.0119808941033082
3FKY,10463,20.230381025152379,1.0120094067736423
3FKY,10464,20.231961740685737,1.0120489430468349
3FKY,10465,20.232250081621501,1.0120561547572786
3FKY,10466,20.233143596323483,1.012078502174548
3FKY,10467,20.234386497288543,1.0121095871619994
3FKY,10468,20.235275711770566,1.0121318258549057
3FKY,10469,20.236697549497364,1.0121673841036887
3FKY,10470,20.236819375554127,1.0121704307513768
3FKY,10471,20.237624755126681,1.0121905715962227
3FKY,10472,20.238170157734583,1.0122042107377904
3FKY,10473,20.238896628807396,1.0122223776588692
3FKY,10474,20.240515541310167,1.0122628607623749
3FKY,10475,20.241642506105737,1.0122910410902604
3FKY,10476,20.242184364744372,1.0123045902618362
3FKY,10477,20.242409988898647,1.0123102319388035
3FKY,10478,20.244337351785784,1.0123584238964751
3FKY,10479,20.245083245974911,1.0123770736872106
3FKY,10480,20.246432993717509,1.0124108209155751
3FKY,10481,20.248249814913507,1.0124562444273808
3FKY,10482,20.24917318108578,1.0124793293161434
3FKY,10483,20.25015383510117,1.0125038458702251
3FKY,10484,20.251855614710344,1.0125463893050586
3FKY,10485,20.253344284992195,1.0125836036731635
3FKY,10486,20.25440144394063,1.0126100301199343
3FKY,10487,20.255551255352714,1.0126387718738759
3FKY,10488,20.256474312861918,1.0126618448863545
3FKY,10489,20.257129239167902,1.0126782152949054
3FKY,10490,20.258355232860886,1.0127088592796956
3FKY,10491,20.259076104845867,1.0127268772022506
3FKY,10492,20.260227596778382,1.0127556576425063
3FKY,10493,20.26206710381155,1.0128016326657752
3FKY,10494,20.263353688283864,1.0128337871878932
3FKY,10495,20.263513333740896,1.012837777001151
3FKY,10496,20.264585768756518,1.0128645785806207
3FKY,10497,20.2652988188329,1.0128823982592527
3FKY,10498,20.266217620028947,1.0129053593569171
3FKY,10499,20.267890619157733,1.0129471667342085
3FKY,10500,20.268671912182011,1.0129666902490992
3FKY,10501,20.269258817062109,1.01298135600502
3FKY,10502,20.269901443563075,1.0129974139060676
3FKY,10503,20.272908633286217,1.0130725539467125
3FKY,10504,20.273206348013261,1.0130799925811245
3FKY,10505,20.274880383603016,1.0131218186476405
3FKY,10506,20.27578752794642,1.0131444830833791
3FKY,10507,20.277106827575658,1.0131774440570702
3FKY,10508,20.27780568287039,1.0131949036070569
3FKY,10509,20.27935832106979,1.0132336921974903
3FKY,10510,20.280200037393886,1.0132547196500323
3FKY,10511,20.280672944280791,1.0132665334472539
3FKY,10512,20.281646213117646,1.0132908464696013
3FKY,10513,20.282539300915868,1.0133131559931836
3FKY,10514,20.283637619272042,1.0133405915464193
3FKY,10515,20.284271322686674,1.0133564208663273
3FKY,10516,20.285282846032796,1.0133816872632002
3FKY,10517,20.286576050364083,1.0134139887280429
3FKY,10518,20.287748129824582,1.0134432638645192
3FKY,10519,20.28845335458622,1.0134608779207648
3FKY,10520,20.290264137349226,1.013506103559966
3FKY,10521,20.290506177553294,1.0135121485402312
3FKY,10522,20.292379105063109,1.0135589238884042
3FKY,10523,20.293266290000883,1.0135810800973422
3FKY,10524,20.295241267044428,1.0136304006609729
3FKY,10525,20.296690224053478,1.0136665835434782
3FKY,10526,20.297477803725108,1.0136862501847324
3FKY,10527,20.298881522985113,1.0137213014932267
3FKY,10528,20.299000525056709,1.0137242729564069
3FKY,10529,20.300355682894445,1.0137581104220728
3FKY,10530,20.30178928343156,1.0137939053248066
3FKY,10531,20.302973543675026,1.0138234736129108
3FKY,10532,20.303224623516332,1.0138297423953957
3FKY,10533,20.30371117920998,1.0138418902607571
3FKY,10534,20.304878865398699,1.0138710433584783
3FKY,10535,20.305618743763315,1.0138895151361502
3FKY,10536,20.307388898245424,1.013933707386077
3FKY,10537,20.308473228016808,1.0139607769378216
3FKY,10538,20.308953778663053,1.0139727733252097
3FKY,10539,20.310337588420047,1.0140073177318618
3FKY,10540,20.311840125423263,1.0140448246253972
3FKY,10541,20.312761408487766,1.0140678213535292
3FKY,10542,20.313121006602273,1.0140767973675566
3FKY,10543,20.313329126894196,1.0140819922713442
3FKY,10544,20.314649705469176,1.0141149546966444
3FKY,10545,20.315993631644858,1.0141484987919771
3FKY,10546,20.317395380861949,1.0141834849553291
3FKY,10547,20.318038670403197,1.0141995403712041
3FKY,10548,20.318777972151217,1.0142179917750205
3FKY,10549,20.319669463258496,1.0142402410560634
3FKY,10550,20.320463536504732,1.0142600586316866
3FKY,10551,20.321863148368752,1.0142949876077314
3FKY,10552,20.322254891637748,1.0143047638107399
3FKY,10553,20.323517520767751,1.0143362728843268
3FKY,10554,20.324040097303353,1.0143493135631245
3FKY,10555,20.326267630131234,1.0144048988325096
3FKY,10556,20.32690843170537,1.014420888662632
3FKY,10557,20.327455866295864,1.0144345485201243
3FKY,10558,20.329716227678507,1.0144909482229127
3FKY,10559,20.330008070981286,1.014498229960717
3FKY,10560,20.33175052847826,1.0145417046648264
3FKY,10561,20.332787899060463,1.0145675864080894
3FKY,10562,20.33483199201936,1.0146185833090089
3FKY,10563,20.335354786558312,1.0146316257980108
3FKY,10564,20.335822358763583,1.014643290478189
3FKY,10565,20.336964127662,1.0146717740052145
3FKY,10566,20.338429165205305,1.0147083208925207
3FKY,10567,20.339122624890457,1.0147256195075984
3FKY,10568,20.340335539146242,1.0147558754051529
3FKY,10569,20.341206786529035,1.0147776079358632
3FKY,10570,20.342221313110176,1.0148029138587467
3FKY,10571,20.343283636750602,1.0148294113349785
3FKY,10572,20.344235726571686,1.0148531586676426
3FKY,10573,20.344574920502691,1.0148616188182746
3FKY,10574,20.345700271929559,1.0148896867474977
3FKY,10575,20.346677876353898,1.0149140690178731
3FKY,10576,20.347233090998426,1.0149279162737594
3FKY,10577,20.348537845242362,1.0149604565771981
3FKY,10578,20.349474635236508,1.0149838192842526
3FKY,10579,20.349814012355818,1.0149922829142659
3FKY,10580,20.351702691497209,1.0150393828601165
3FKY,10581,20.35227111131983,1.0150535577054869
3FKY,10582,20.354143169019839,1.0151002403367015
3FKY,10583,20.354936459552057,1.0151200216057326
3FKY,10584,20.355243271249254,1.0151276720723328
3FKY,10585,20.356690403158236,1.0151637560807054
3FKY,10586,20.357317557020735,1.0151793936660529
3FKY,10587,20.358110021608386,1.0151991527990578
3FKY,10588,20.35989887841539,1.0152437543367501
3FKY,10589,20.36091480881808,1.0152690836405958
3FKY,10590,20.362217349622803,1.0153015578263702
3FKY,10591,20.362738309653444,1.0153145458064734
3FKY,10592,20.363835028140436,1.0153418873953786
3FKY,10593,20.364647797110337,1.0153621495450333
3FKY,10594,20.365999348192599,1.0153958425177103
3FKY,10595,20.366509631244753,1.0154085631319865
3FKY,10596,20.366795465841967,1.0154156885031123
3FKY,10597,20.367196510960014,1.0154256857925896
3FKY,10598,20.369587313123276,1.0154852818858902
3FKY,10599,20.370784956601348,1.0155151345144706
3FKY,10600,20.371254709187085,1.0155268433934161
3FKY,10601,20.373193426659792,1.0155751657187428
3FKY,10602,20.37386864773638,1.0155919949919132
3FKY,10603,20.374263008529319,1.0156018239481439
3FKY,10604,20.375120141395982,1.015623186599327
3FKY,10605,20.375689049764258,1.0156373654726945
3FKY,10606,20.3785567015575,1.0157088327942947
3FKY,10607,20.379179179384359,1.0157243454581235
3FKY,10608,20.380038444108894,1.0157457586586385
3FKY,10609,20.380544913570901,1.0157583798569061
3FKY,10610,20.381416188153835,1.0157800916169248
3FKY,10611,20.383184071825582,1.01582414503504
3FKY,10612,20.383561560303704,1.0158335513214627
3FKY,10613,20.384224096486026,1.0158500602375358
3FKY,10614,20.385102792562662,1.0158719549596222
3FKY,10615,20.387708467311871,1.0159368785301888
3FKY,10616,20.389679118528125,1.015985976958091
3FKY,10617,20.390043393058097,1.0159950525340002
3FKY,10618,20.390548428704651,1.0160076349138196
3FKY,10619,20.391900916751617,1.0160413298240139
3FKY,10620,20.392200686145785,1.0160487979108732
3FKY,10621,20.393802971928562,1.0160887143620303
3FKY,10622,20.394803265317059,1.0161136330680127
3FKY,10623,20.396135251276835,1.0161468137507934
3FKY,10624,20.397722803835148,1.0161863593574529
3FKY,10625,20.398182568684124,1.0161978117175976
3FKY,10626,20.39930846625883,1.0162258563451108
3FKY,10627,20.400460355967905,1.0162545476015716
3FKY,10628,20.402171422973044,1.0162971653448662
3FKY,10629,20.402558806256597,1.0163068136968973
3FKY,10630,20.40311182272071,1.0163205872288703
3FKY,10631,20.404139739587556,1.0163461882235896
3FKY,10632,20.40586783822387,1.0163892262859164
3FKY,10633,20.406198780790028,1.0163974681577554
3FKY,10634,20.407266569681408,1.0164240601688457
3FKY,10635,20.408720105516618,1.0164602576302622
3FKY,10636,20.411122901442219,1.0165200917274151
3FKY,10637,20.411389452707983,1.0165267291337408
3FKY,10638,20.411891464874749,1.0165392296460005
3FKY,10639,20.412181510128125,1.0165464519392295
3FKY,10640,20.413341370086609,1.0165753326048368
3FKY,10641,20.414087712174545,1.0165939161872042
3FKY,10642,20.416003701517006,1.0166416219048373
3FKY,10643,20.416746570822422,1.0166601178112011
3FKY,10644,20.418008912414429,1.0166915467293807
3FKY,10645,20.419197750110911,1.0167211447094846
3FKY,10646,20.420153644572924,1.0167449425772936
3FKY,10647,20.420972697047063,1.0167653331954269
3FKY,10648,20.422527604511817,1.0168040420741897
3FKY,10649,20.423375084657202,1.0168251391762355
3FKY,10650,20.424968695345598,1.0168648092061556
3FKY,10651,20.426334456453869,1.0168988061050996
3FKY,10652,20.428495643140963,1.0169526006328964
3FKY,10653,20.429341668331379,1.0169736584392322
3FKY,10654,20.42948146501427,1.0169771379762416
3FKY,10655,20.431464181232315,1.017026486466742
3FKY,10656,20.432147090132393,1.0170434830615418
3FKY,10657,20.432607014584242,1.0170549297424045
3FKY,10658,20.433771506874916,1.0170839112558721
3FKY,10659,20.434443847226625,1.017100643872497
3FKY,10660,20.435185066469217,1.0171190903674967
3FKY,10661,20.436217989975514,1.0171447958587363
3FKY,10662,20.438291674797615,1.0171963999329869
3FKY,10663,20.439055742693721,1.0172154132600773
3FKY,10664,20.43987055000413,1.0172356888125578
3FKY,10665,20.441046653971267,1.0172649541084642
3FKY,10666,20.441591653470159,1.0172785151849648
3FKY,10667,20.442695057807654,1.0173059703459488
3FKY,10668,20.444517623590421,1.0173513182250589
3FKY,10669,20.445099697148585,1.0173658005693662
3FKY,10670,20.445446532458845,1.0173744299449092
3FKY,10671,20.446708594589598,1.0174058298442654
3FKY,10672,20.447660063631179,1.0174295015976924
3FKY,10673,20.448866589600186,1.0174595181620296
3FKY,10674,20.449672429048171,1.0174795657508624
3FKY,10675,20.450847861466766,1.0175088073263814
3FKY,10676,20.452569425591708,1.0175516336631671
3FKY,10677,20.453410386094568,1.0175725530870208
3FKY,10678,20.45479623424637,1.0176070259971295
3FKY,10679,20.455454945927304,1.0176234110109545
3FKY,10680,20.456900934400363,1.0176593780848375
3FKY,10681,20.458040826239397,1.0176877305089069
3FKY,10682,20.45878945984953,1.0177063507735828
3FKY,10683,20.460695453007187,1.0177537557329321
3FKY,10684,20.461498184063998,1.0177737202189099
3FKY,10685,20.462318746098774,1.0177941277690938
3FKY,10686,20.464252353609798,1.0178422153759865
3FKY,10687,20.464347661733957,1.0178445855705485
3FKY,10688,20.465656509033696,1.017877134417426
3FKY,10689,20.466888756510915,1.0179077774034173
3FKY,10690,20.467515045608646,1.0179233513305104
3FKY,10691,20.46780068115989,1.0179304541488674
3FKY,10692,20.469976256131286,1.017984551929275
3FKY,10693,20.470989273166822,1.0180097405988169
3FKY,10694,20.471784528320025,1.0180295141822762
3FKY,10695,20.474246838556567,1.0180907357411353
3FKY,10696,20.474617022297302,1.0180999394724475
3FKY,10697,20.475091216996763,1.0181117290653621
3FKY,10698,20.477101632892627,1.018161711205636
3FKY,10699,20.478044015212003,1.0181851394859915
3FKY,10700,20.47970427890769,1.0182264134855774
3FKY,10701,20.48013568117619,1.0182371378316273
3FKY,10702,20.481610977847236,1.0182738117783037
3FKY,10703,20.483554855558079,1.018322132020427
3FKY,10704,20.484233387079037,1.0183389981832554
3FKY,10705,20.484715176298323,1.0183509737807013
3FKY,10706,20.485189352349522,1.0183627600038676
3FKY,10707,20.485950722561725,1.0183816845022731
3FKY,10708,20.487777299669133,1.018427084182147
3FKY,10709,20.488129343824948,1.0184358340274258
3FKY,10710,20.488585773056371,1.0184471781889224
3FKY,10711,20.490955896592808,1.0185060835679927
3FKY,10712,20.491908530101139,1.0185297586896371
3FKY,10713,20.493026885316517,1.0185575516725349
3FKY,10714,20.493868474889414,1.0185784660698833
3FKY,10715,20.495244791677226,1.0186126680827505
3FKY,10716,20.496144625632368,1.0186350286891959
3FKY,10717,20.496976690488221,1.0186557048168758
3FKY,10718,20.499443813513693,1.0187170083291683
3FKY,10719,20.499905320529365,1.0187284755280963
3FKY,10720,20.501120312657982,1.0187586641733706
3FKY,10721,20.502027496237726,1.0187812041832314
3FKY,10722,20.502195537705486,1.018785379310255
3FKY,10723,20.503919216105778,1.0188282045150474
3FKY,10724,20.505096389867784,1.0188574506460935
3FKY,10725,20.506582698512052,1.0188943758369524
3FKY,10726,20.508009676570865,1.0189298257860548
3FKY,10727,20.508674272963145,1.0189463357158508
3FKY,10728,20.510612680934212,1.0189944881952477
3FKY,10729,20.511755911731246,1.0190228864119759
3FKY,10730,20.51247900175332,1.0190408477896074
3FKY,10731,20.51320788106824,1.0190589526514549
3FKY,10732,20.513554502944476,1.0190675623880705
3FKY,10733,20.514973851414847,1.0191028168089209
3FKY,10734,20.516352989303265,1.0191370712929042
3FKY,10735,20.516799752100972,1.0191481675645164
3FKY,10736,20.519400928494651,1.0192127707230918
3FKY,10737,20.519457628392868,1.0192141788836089
3FKY,10738,20.520313106787597,1.0192354247332271
3FKY,10739,20.521379476977103,1.019261907471267
3FKY,10740,20.521984798340249,1.0192769400001038
3FKY,10741,20.524307084384326,1.0193346095110067
3FKY,10742,20.52491098350443,1.0193496056505402
3FKY,10743,20.525503370902516,1.0193643157144261
3FKY,10744,20.526701019809629,1.019394054881557
3FKY,10745,20.527989537756383,1.0194260494753491
3FKY,10746,20.528999826141909,1.0194511347771575
3FKY,10747,20.530232803991094,1.0194817485870207
3FKY,10748,20.532462375654283,1.0195371046546065
3FKY,10749,20.533428067325296,1.0195610800282362
3FKY,10750,20.53424748426637,1.0195814233748008
3FKY,10751,20.534914070962706,1.0195979721647583
3FKY,10752,20.535956054949207,1.0196238400909443
3FKY,10753,20.536577841230464,1.0196392760247579
3FKY,10754,20.538313783313651,1.0196823697996613
3FKY,10755,20.539083865360436,1.0197014860653446
3FKY,10756,20.540668435206204,1.0197408197832987
3FKY,10757,20.542316444373931,1.0197817266437119
3FKY,10758,20.542507606545207,1.019786471562234
3FKY,10759,20.544459079240628,1.0198349086428435
3FKY,10760,20.545698268510932,1.0198656650968136
3FKY,10761,20.545799129262967,1.0198681684016508
3FKY,10762,20.546667332402826,1.0198897164413872
3FKY,10763,20.547906185488149,1.0199204628991114
3FKY,10764,20.548562894073427,1.0199367610359316
3FKY,10765,20.550296319890382,1.0199797797968597
3FKY,10766,20.550774714850444,1.019991651896869
3FKY,10767,20.551550879346426,1.0200109133077513
3FKY,10768,20.552072801727991,1.0200238652048685
3FKY,10769,20.553005976939218,1.0200470222409102
3FKY,10770,20.554206574448347,1.020076814672036
3FKY,10771,20.557259674268607,1.020152572417405
3FKY,10772,20.55897331967482,1.0201950912980016
3FKY,10773,20.55942659476813,1.0202063376396642
3FKY,10774,20.560256541572965,1.0202269293726427
3FKY,10775,20.560906201666128,1.0202430477387963
3FKY,10776,20.562875996270932,1.0202919176937626
3FKY,10777,20.563376340259584,1.0203043306904276
3FKY,10778,20.564649199204666,1.0203359082722396
3FKY,10779,20.565171076769872,1.0203488549322113
3FKY,10780,20.566401722899975,1.0203793839654991
3FKY,10781,20.567468673917233,1.0204058514223937
3FKY,10782,20.569298160519391,1.0204512332180771
3FKY,10783,20.569446126064349,1.0204549035268573
3FKY,10784,20.57140255723256,1.0205034318707107
3FKY,10785,20.571885588978397,1.0205154128880325
3FKY,10786,20.573157953212938,1.0205469716683331
3FKY,10787,20.573695496029046,1.0205603041890619
3FKY,10788,20.574829161996057,1.020588421610813
3FKY,10789,20.577031400214597,1.0206430397724093
3FKY,10790,20.577709562778999,1.0206598584326154
3FKY,10791,20.577891378444679,1.0206643674753038
3FKY,10792,20.579069075307672,1.0206935739669623
3FKY,10793,20.579541327166108,1.0207052854216954
3FKY,10794,20.582004493025231,1.0207663677156504
3FKY,10795,20.583310431621367,1.0207987512731544
3FKY,10796,20.584730112090551,1.0208339541397438
3FKY,10797,20.585821288558165,1.0208610104873519
3FKY,10798,20.587088329626408,1.0208924265990698
3FKY,10799,20.5875519661728,1.0209039221628537
3FKY,10800,20.58979914258564,1.0209596375926906
3FKY,10801,20.590252372031792,1.0209708743809049
3FKY,10802,20.590576897106118,1.0209789201624082
3FKY,10803,20.592281520725063,1.021021180968694
3FKY,10804,20.593232740509109,1.0210447627250598
3FKY,10805,20.593845978402019,1.0210599652599266
3FKY,10806,20.595218025327558,1.0210939783057227
3FKY,10807,20.596260083458432,1.0211198101716972
3FKY,10808,20.598307265022669,1.0211705564163964
3FKY,10809,20.600154566654282,1.0212163458038033
3FKY,10810,20.600864768634981,1.0212339491576579
3FKY,10811,20.601850419939961,1.0212583794072196
3FKY,10812,20.602110956809124,1.0212648369489972
3FKY,10813,20.603761743781703,1.0213057516135648
3FKY,10814,20.604587345183987,1.0213262134841832
3FKY,10815,20.605415886266627,1.0213467478002993
3FKY,10816,20.606490243256168,1.0213733737301181
3FKY,10817,20.607191360590591,1.021390749238458
3FKY,10818,20.608068911761439,1.0214124968189506
3FKY,10819,20.610216825968045,1.0214657247380514
3FKY,10820,20.610612310357464,1.021475525018513
3FKY,10821,20.61126960926763,1.0214918129721715
3FKY,10822,20.612500260063005,1.0215223079628217
3FKY,10823,20.613590966715101,1.0215493344376239
3FKY,10824,20.615179695659087,1.0215887000612045
3FKY,10825,20.616957642316873,1.021632752334366
3FKY,10826,20.618469277487151,1.0216702047005124
3FKY,10827,20.61883195823518,1.0216791902968643
3FKY,10828,20.61992100859381,1.0217061715875371
3FKY,10829,20.62157044686904,1.0217470351670932
3FKY,10830,20.621967994951678,1.0217568838742555
3FKY,10831,20.622912519200991,1.0217802827832168
3FKY,10832,20.62345471273834,1.0217937144220346
3FKY,10833,20.624355474406936,1.0218160283983859
3FKY,10834,20.625240830809432,1.0218379602753696
3FKY,10835,20.626434806168277,1.0218675364558114
3FKY,10836,20.627539964248246,1.0218949117644474
3FKY,10837,20.629484606524535,1.0219430797286631
3FKY,10838,20.630615050436337,1.021971079301337
3FKY,10839,20.631017365507297,1.0219810439185295
3FKY,10840,20.633830583952534,1.0220507195401787
3FKY,10841,20.635552920175698,1.022093374689365
3FKY,10842,20.636229647848079,1.0221101339495218
3FKY,10843,20.638149929268909,1.0221576885046839
3FKY,10844,20.638401769697882,1.0221639250095629
3FKY,10845,20.640039558646155,1.0222044818217448
3FKY,10846,20.640961635884821,1.0222273146500582
3FKY,10847,20.642000249529755,1.0222530325865724
3FKY,10848,20.642738447880379,1.0222713113082771
3FKY,10849,20.643112634753148,1.0222805765221101
3FKY,10850,20.644603556544208,1.0223174922938816
3FKY,10851,20.645871024743222,1.0223488742242668
3FKY,10852,20.646220930524592,1.0223575375610077
3FKY,10853,20.647525776665894,1.0223898436720265
3FKY,10854,20.648953231301928,1.022425184223599
3FKY,10855,20.649411510572573,1.0224365299238563
3FKY,10856,20.649889692876044,1.0224483682327679
3FKY,10857,20.650801905708779,1.0224709514096266
3FKY,10858,20.653208677737041,1.0225305322142892
3FKY,10859,20.653539768100394,1.0225387282445992
3FKY,10860,20.654620352623734,1.0225654772930566
3FKY,10861,20.6563097704007,1.0226072961438011
3FKY,10862,20.657616274872808,1.0226396354119256
3FKY,10863,20.658443889663829,1.0226601204282053
3FKY,10864,20.659801444735997,1.0226937215705199
3FKY,10865,20.660690518822904,1.0227157266393285
3FKY,10866,20.661803227981476,1.0227432661311255
3FKY,10867,20.662455998794808,1.0227594218285097
3FKY,10868,20.664391629332624,1.0228073260565569
3FKY,10869,20.664763959937936,1.0228165404762761
3FKY,10870,20.665900772569398,1.0228446737463737
3FKY,10871,20.666603056684956,1.0228620531355515
3FKY,10872,20.668422405972017,1.0229070751062059
3FKY,10873,20.669117570894546,1.0229242772691127
3FKY,10874,20.671032449401491,1.0229716602872978
3FKY,10875,20.671636220241336,1.0229865999365377
3FKY,10876,20.67293484175401,1.0230187321666191
3FKY,10877,20.674133219745904,1.023048383142086
3FKY,10878,20.674872911212194,1.0230666845959344
3FKY,10879,20.677648618930611,1.0231353582656413
3FKY,10880,20.678339945577537,1.0231524616326069
3FKY,10881,20.679282181779278,1.0231757720218828
3FKY,10882,20.680952264242134,1.0232170876100819
3FKY,10883,20.681890727986247,1.0232403032056077
3FKY,10884,20.682708054845701,1.0232605217033264
3FKY,10885,20.683444928985075,1.0232787496717937
3FKY,10886,20.683845136877618,1.0232886494310536
3FKY,10887,20.685327373885738,1.0233253140145442
3FKY,10888,20.686918678617534,1.0233646750328118
3FKY,10889,20.688790567377819,1.023410974376131
3FKY,10890,20.689675529800063,1.0234328623295854
3FKY,10891,20.691962956044051,1.0234894355340118
3FKY,10892,20.692538350387188,1.0235036658402115
3FKY,10893,20.693731042689507,1.0235331621575121
3FKY,10894,20.695276192466082,1.0235713737906096
3FKY,10895,20.695817219257556,1.0235847530736835
3FKY,10896,20.697793388294976,1.0236336211176504
3FKY,10897,20.697947098463764,1.023637422068834
3FKY,10898,20.699016391695817,1.0236638632039332
3FKY,10899,20.700403184180413,1.0236981543400054
3FKY,10900,20.701244316930445,1.0237189524203427
3FKY,10901,20.701714130795903,1.0237305689836278
3FKY,10902,20.703577827057355,1.0237766492232467
3FKY,10903,20.705334255584042,1.0238200753496398
3FKY,10904,20.705568027462817,1.0238258550116348
3FKY,10905,20.707411682606693,1.0238714354995768
3FKY,10906,20.70766797370505,1.0238777715962089
3FKY,10907,20.7102970333912,1.0239427656443643
3FKY,10908,20.711400060361182,1.0239700327918708
3FKY,10909,20.711450017157592,1.0239712677212205
3FKY,10910,20.713489969904128,1.0240216939725431
3FKY,10911,20.714746724782042,1.0240527588665005
3FKY,10912,20.716185973453655,1.0240883335465214
3FKY,10913,20.717154706259887,1.0241122775381646
3FKY,10914,20.717994178914147,1.0241330261775219
3FKY,10915,20.718757885938775,1.0241519018073688
3FKY,10916,20.720234939677631,1.0241884073846863
3FKY,10917,20.723196711399467,1.0242616040419548
3FKY,10918,20.723447550565893,1.0242678029926542
3FKY,10919,20.724207666426718,1.0242865873928315
3FKY,10920,20.725393901252623,1.0243159015903804
3FKY,10921,20.725534398806179,1.0243193735059211
3FKY,10922,20.727422957505905,1.0243660416197602
3FKY,10923,20.729039452130809,1.0244059850782414
3FKY,10924,20.730145636915559,1.0244333179220844
3FKY,10925,20.731708402196883,1.0244719312217476
3FKY,10926,20.73212535769277,1.0244822332442844
3FKY,10927,20.73255382011051,1.0244928194687821
3FKY,10928,20.734582091995225,1.0245429314612728
3FKY,10929,20.735518141359837,1.0245660573659181
3FKY,10930,20.73610106361917,1.0245804586979592
3FKY,10931,20.737613913696627,1.0246178333314777
3FKY,10932,20.738111980599403,1.0246301376681464
3FKY,10933,20.740933991583461,1.0246998503581002
3FKY,10934,20.741394255116731,1.0247112198884545
3FKY,10935,20.743265243588752,1.0247574361558351
3FKY,10936,20.743559907568372,1.0247647146153349
3FKY,10937,20.744704069389137,1.0247929759287118
3FKY,10938,20.746171356659012,1.0248292174459424
3FKY,10939,20.74637242086698,1.0248341835664885
3FKY,10940,20.748688746469259,1.0248913931680792
3FKY,10941,20.749528597132706,1.024912135370561
3FKY,10942,20.750275846601053,1.0249305902031505
3FKY,10943,20.750957723993697,1.0249474302505379
3FKY,10944,20.75237248028764,1.0249823690262003
3FKY,10945,20.752784701034582,1.0249925489923699
3FKY,10946,20.754456983887454,1.0250338456896446
3FKY,10947,20.756128415782108,1.0250751197102432
3FKY,10948,20.756738252428882,1.0250901784863673
3FKY,10949,20.758518655325851,1.0251341409424775
3FKY,10950,20.760879657608303,1.0251924368948595
3FKY,10951,20.761331937326741,1.0252036038403134
3FKY,10952,20.762723810875428,1.0252379689250533
3FKY,10953,20.762958311972046,1.0252437585977223
3FKY,10954,20.764168682678569,1.0252736413078229
3FKY,10955,20.765289423478656,1.0253013103783721
3FKY,10956,20.765861173904419,1.0253154255783492
3FKY,10957,20.766784863412354,1.0253382289324096
3FKY,10958,20.76791327481391,1.0253660856189142
3FKY,10959,20.76971895183496,1.0254106601438493
3FKY,10960,20.770011276749074,1.0254178762267712
3FKY,10961,20.772168601574574,1.0254711285329845
3FKY,10962,20.772832166611849,1.025487507693158
3FKY,10963,20.773889012417232,1.0255135938902138
3FKY,10964,20.775082442223912,1.0255430506017704
3FKY,10965,20.775831043293131,1.0255615274408039
3FKY,10966,20.776605841215417,1.0255806505153706
3FKY,10967,20.77879781888123,1.0256347495969813
3FKY,10968,20.779913980232465,1.0256622959089745
3FKY,10969,20.780762060911702,1.0256832256275108
3FKY,10970,20.782702972809524,1.0257311236374191
3FKY,10971,20.784130094121348,1.0257663408471216
3FKY,10972,20.784917341118231,1.0257857672994448
3FKY,10973,20.78684346806174,1.0258332957019018
3FKY,10974,20.787426727671154,1.025847687567873
3FKY,10975,20.788547140157057,1.0258753330548751
3FKY,10976,20.789925324783152,1.0259093378886592
3FKY,10977,20.791210176390415,1.0259410388417869
3FKY,10978,20.792866736374322,1.0259819094550109
3FKY,10979,20.794282982636165,1.0260168497622035
3FKY,10980,20.795189395383179,1.0260392113078689
3FKY,10981,20.796130876937614,1.0260624374983067
3FKY,10982,20.797089082285652,1.0260860757220669
3FKY,10983,20.798213865620255,1.0261138226079138
3FKY,10984,20.798648703406926,1.0261245492677658
3FKY,10985,20.799677533090573,1.0261499281843323
3FKY,10986,20.801776001396163,1.026201690736612
3FKY,10987,20.802295164895437,1.0262144964493687
3FKY,10988,20.803590195580945,1.0262464390443875
3FKY,10989,20.803798099993593,1.0262515670205701
3FKY,10990,20.804547994752419,1.0262700630118475
3FKY,10991,20.806680317363341,1.0263226544642379
3FKY,10992,20.807428588625324,1.0263411091343644
3FKY,10993,20.808915932196214,1.0263777906148561
3FKY,10994,20.809932943240572,1.0264028718059757
3FKY,10995,20.810877359779489,1.0264261621465212
3FKY,10996,20.811752165901517,1.0264477353468924
3FKY,10997,20.81227910549557,1.0264607297484465
3FKY,10998,20.813805993780136,1.0264983820908435
3FKY,10999,20.81552566235349,1.026540786650314
3FKY,11000,20.816652066901522,1.0265685612207738
3FKY,11001,20.818250117640481,1.0266079642227355
3FKY,11002,20.81921542966662,1.0266317651070771
3FKY,11003,20.8205634377059,1.0266650008809404
3FKY,11004,20.821898980149289,1.0266979282486441
3FKY,11005,20.822143025523726,1.0267039449944364
3FKY,11006,20.82371749802736,1.0267427615219087
3FKY,11007,20.824639375598647,1.026765488507323
3FKY,11008,20.825950941275945,1.026797821580322
3FKY,11009,20.827882280911282,1.026845431635713
3FKY,11010,20.828792765289432,1.0268678755043306
3FKY,11011,20.829814492033041,1.0268930609655382
3FKY,11012,20.830419489522065,1.0269079738014768
3FKY,11013,20.83300545125045,1.0269717138118042
3FKY,11014,20.834165690691304,1.0270003106578143
3FKY,11015,20.835384609011331,1.0270303529259488
3FKY,11016,20.836580236827306,1.0270598203071633
3FKY,11017,20.837851842645595,1.0270911593105712
3FKY,11018,20.840886883944481,1.0271659547023984
3FKY,11019,20.84199192102826,1.0271931858234145
3FKY,11020,20.843174296176343,1.0272223219653704
3FKY,11021,20.844442252000764,1.0272535660719502
3FKY,11022,20.846430314263156,1.0273025526394706
3FKY,11023,20.847266055757302,1.0273231449124047
3FKY,11024,20.848257520360093,1.0273475735933919
3FKY,11025,20.848924468211187,1.0273640061843667
3FKY,11026,20.84958457032576,1.0273802698478991
3FKY,11027,20.85102873739817,1.0274158504864437
3FKY,11028,20.851105535614543,1.0274177425665212
3FKY,11029,20.853402804128844,1.0274743388323733
3FKY,11030,20.854389689009796,1.0274986510969837
3FKY,11031,20.855428021492667,1.0275242301707859
3FKY,11032,20.855985177958022,1.027537955325313
3FKY,11033,20.857579614837217,1.0275772321344678
3FKY,11034,20.858531752914988,1.0276006860601647
3FKY,11035,20.859544950860645,1.027625643479823
3FKY,11036,20.861809750174462,1.0276814285577911
3FKY,11037,20.863574990788457,1.0277249067278003
3FKY,11038,20.865051573279565,1.0277612737874873
3FKY,11039,20.866856103881872,1.0278057162027363
3FKY,11040,20.868099412983508,1.0278363356012912
3FKY,11041,20.868746519603548,1.0278522717564669
3FKY,11042,20.869897900387269,1.0278806259518201
3FKY,11043,20.870302767540203,1.0278905961271962
3FKY,11044,20.87150194296667,1.0279201262076192
3FKY,11045,20.872634127814749,1.0279480058449559
3FKY,11046,20.873814327067805,1.0279770670145361
3FKY,11047,20.875272363703814,1.0280129685040484
3FKY,11048,20.876958583332989,1.0280544870196484
3FKY,11049,20.878310283428213,1.028087767702035
3FKY,11050,20.878643354522595,1.0280959681968926
3FKY,11051,20.880025628353607,1.0281300002603762
3FKY,11052,20.882784728482839,1.0281979268990207
3FKY,11053,20.883367753949734,1.028212279903185
3FKY,11054,20.885680656903993,1.028269217304381
3FKY,11055,20.886603844393193,1.0282919427975721
3FKY,11056,20.888048512172563,1.0283275042167919
3FKY,11057,20.889272154885372,1.0283576240010437
3FKY,11058,20.889798554810618,1.0283705809859049
3FKY,11059,20.89225220124856,1.0284309737110258
3FKY,11060,20.893149448745383,1.0284530571896489
3FKY,11061,20.893620263949686,1.028464644925849
3FKY,11062,20.894177746503079,1.0284783655559888
3FKY,11063,20.896165344082554,1.0285272823528695
3FKY,11064,20.897009353624384,1.0285480535819582
3FKY,11065,20.898124503624754,1.0285754969840588
3FKY,11066,20.899003629892778,1.0285971314189644
3FKY,11067,20.9006499172453,1.0286376437115954
3FKY,11068,20.902398102387544,1.028680661786431
3FKY,11069,20.905543836712084,1.0287580652094785
3FKY,11070,20.906016379104493,1.0287696920069938
3FKY,11071,20.908050726822502,1.0288197451669505
3FKY,11072,20.908189412127793,1.0288231572962232
3FKY,11073,20.909020323714831,1.0288436003047612
3FKY,11074,20.909746819195536,1.0288614740195952
3FKY,11075,20.911607966696796,1.0289072617656196
3FKY,11076,20.913729102894241,1.0289594432406075
3FKY,11077,20.914639111220744,1.0289818292883264
3FKY,11078,20.915142623307766,1.0289942153894529
3FKY,11079,20.915926609754969,1.029013500698045
3FKY,11080,20.918229416704893,1.0290701454326063
3FKY,11081,20.919421881017634,1.0290994765942298
3FKY,11082,20.920643286667303,1.0291295187621101
3FKY,11083,20.921743475123201,1.0291565786740675
3FKY,11084,20.921924541823707,1.029161032069241
3FKY,11085,20.924547250566114,1.0292255362941154
3FKY,11086,20.924734347049895,1.029230137685154
3FKY,11087,20.927043320747615,1.0292869221518595
3FKY,11088,20.928697793576855,1.0293276085871923
3FKY,11089,20.929791274765122,1.0293544983556366
3FKY,11090,20.930477695132907,1.0293713777427966
3FKY,11091,20.931402904769246,1.0293941286280699
3FKY,11092,20.932899189426497,1.0294309211718464
3FKY,11093,20.934353208403426,1.0294666731737476
3FKY,11094,20.934670870536557,1.0294744838124514
3FKY,11095,20.936641857971406,1.0295229448923431
3FKY,11096,20.937139022379128,1.0295351684172538
3FKY,11097,20.938712858749223,1.0295738625636237
3FKY,11098,20.940529772378724,1.0296185311690311
3FKY,11099,20.941775576353866,1.0296491579916505
3FKY,11100,20.941952766432891,1.0296535139553815
3FKY,11101,20.942903186232066,1.0296768783472796
3FKY,11102,20.944648674993633,1.0297197867243073
3FKY,11103,20.94644846074539,1.0297640279817679
3FKY,11104,20.948640583660303,1.0298179108695882
3FKY,11105,20.948898859226134,1.0298242591570286
3FKY,11106,20.950741400618419,1.0298695467904213
3FKY,11107,20.95210226315481,1.0299029940107041
3FKY,11108,20.953224347694388,1.0299305717387111
3FKY,11109,20.953324212189248,1.0299330260954258
3FKY,11110,20.956433546041673,1.0300094408637037
3FKY,11111,20.95814010684877,1.0300513787715733
3FKY,11112,20.958542581651152,1.0300612691466899
3FKY,11113,20.960183004811366,1.0301015797573441
3FKY,11114,20.960814241354278,1.0301170909020783
3FKY,11115,20.962440662168799,1.0301570552698727
3FKY,11116,20.962622432190301,1.0301615216215534
3FKY,11117,20.964403495285513,1.0302052838870657
3FKY,11118,20.965766917352781,1.0302387830939896
3FKY,11119,20.968524363527113,1.0303065300693577
3FKY,11120,20.97003248468447,1.0303435808200831
3FKY,11121,20.971112863948278,1.0303701222072492
3FKY,11122,20.971155783024617,1.0303711765745494
3FKY,11123,20.973223009711667,1.030421959619773
3FKY,11124,20.973715857313742,1.0304340664382696
3FKY,11125,20.974217489851096,1.0304463889129369
3FKY,11126,20.975868341212465,1.0304869406129711
3FKY,11127,20.97635334713522,1.0304988540501734
3FKY,11128,20.978074741252883,1.0305411363822055
3FKY,11129,20.980264411379789,1.0305949183971859
3FKY,11130,20.982077614400325,1.0306394516168185
3FKY,11131,20.982677698484999,1.0306541895736916
3FKY,11132,20.983685613946601,1.0306789433213657
3FKY,11133,20.985397201780184,1.0307209774425481
3FKY,11134,20.987629696453606,1.0307758017061537
3FKY,11135,20.988883221298003,1.0308065837382936
3FKY,11136,20.989824052641858,1.0308296865462276
3FKY,11137,20.991625079181993,1.03087391063776
3FKY,11138,20.992116611897899,1.0308859798626282
3FKY,11139,20.992519089914946,1.0308958623095468
3FKY,11140,20.99558603623338,1.0309711650110855
3FKY,11141,20.996704987128982,1.0309986372315945
3FKY,11142,20.997525319137047,1.0310187773660153
3FKY,11143,20.998265612899218,1.0310369521278191
3FKY,11144,20.9997305640915,1.0310729168236028
3FKY,11145,21.002253067980476,1.0311348416024508
3FKY,11146,21.003482852876495,1.0311650301609694
3FKY,11147,21.003640909567387,1.0311689100466757
3FKY,11148,21.005689034445638,1.0312191849305417
3FKY,11149,21.007172701245604,1.0312556026517183
3FKY,11150,21.008671052962047,1.0312923795200872
3FKY,11151,21.01017217875469,1.0313292231627378
3FKY,11152,21.0120929258247,1.0313763640736953
3FKY,11153,21.012765678698582,1.0313928749434504
3FKY,11154,21.01447220056248,1.0314347556454919
3FKY,11155,21.015597425101927,1.0314623694763592
3FKY,11156,21.016240497485494,1.0314781506096982
3FKY,11157,21.016732337864124,1.0314902203144589
3FKY,11158,21.018912158884014,1.0315437111647296
3FKY,11159,21.02153795851434,1.0316081422467489
3FKY,11160,21.022977156336854,1.0316434551430806
3FKY,11161,21.023330529865845,1.0316521255124997
3FKY,11162,21.024736624118773,1.0316866247053962
3FKY,11163,21.026939489304365,1.031740670733704
3FKY,11164,21.028243114288014,1.0317726530882811
3FKY,11165,21.030018474311131,1.0318162071134573
3FKY,11166,21.030509374729441,1.0318282498050138
3FKY,11167,21.031843104197119,1.0318609679360777
3FKY,11168,21.032590721481338,1.0318793075137191
3FKY,11169,21.034434724731195,1.0319245408165836
3FKY,11170,21.034997132274992,1.0319383362495171
3FKY,11171,21.036644536893792,1.0319787447812325
3FKY,11172,21.037110325209234,1.031990169630369
3FKY,11173,21.0388361407113,1.0320324993058647
3FKY,11174,21.040758939854708,1.0320796584228102
3FKY,11175,21.040932318233239,1.0320839106441675
3FKY,11176,21.041833573419765,1.032106014251625
3FKY,11177,21.042438673991057,1.0321208542950759
3FKY,11178,21.044129160579505,1.0321623122137029
3FKY,11179,21.044535401275915,1.0321722747146393
3FKY,11180,21.047957766120234,1.0322561997439574
3FKY,11181,21.049422768239015,1.0322921232103344
3FKY,11182,21.04958452823977,1.032296089667174
3FKY,11183,21.05143669142933,1.0323415047858968
3FKY,11184,21.053210731097597,1.0323850024394077
3FKY,11185,21.054392023511095,1.0324139655149234
3FKY,11186,21.055385111107594,1.0324383135324948
3FKY,11187,21.0556278284031,1.0324442642646174
3FKY,11188,21.056637913319708,1.0324690282821127
3FKY,11189,21.056936149906353,1.03247633996572
3FKY,11190,21.059226881748025,1.032532498708149
3FKY,11191,21.060223074587523,1.0325569200538018
3FKY,11192,21.06178693633985,1.0325952564544372
3FKY,11193,21.062550170345965,1.0326139658041453
3FKY,11194,21.063657031018568,1.0326410979596516
3FKY,11195,21.065983147285962,1.0326981150517087
3FKY,11196,21.067014159639442,1.0327233859227487
3FKY,11197,21.067951217674459,1.032746353367936
3FKY,11198,21.069629817385586,1.0327874948435158
3FKY,11199,21.070622583601502,1.0328118261788186
3FKY,11200,21.071497035615245,1.0328332573208621
3FKY,11201,21.072899298262346,1.0328676231611345
3FKY,11202,21.07412758277075,1.0328977243066078
3FKY,11203,21.076417885866711,1.032953849633178
3FKY,11204,21.077762682829686,1.0329868033127301
3FKY,11205,21.078816003625054,1.0330126137581856
3FKY,11206,21.079876276792756,1.0330385939124604
3FKY,11207,21.08041676798215,1.0330518374598132
3FKY,11208,21.081563838759614,1.0330799433428206
3FKY,11209,21.082967955531398,1.0331143464054582
3FKY,11210,21.0842624415884,1.0331460623287556
3FKY,11211,21.085548462980483,1.0331775698970564
3FKY,11212,21.086388364602449,1.0331981469969829
3FKY,11213,21.087386234599194,1.0332225936973041
3FKY,11214,21.089342833732704,1.0332705265116771
3FKY,11215,21.090017726473423,1.0332870595351116
3FKY,11216,21.090599058528934,1.033301300365981
3FKY,11217,21.091338264440022,1.0333194083328137
3FKY,11218,21.093060089138248,1.0333615858026772
3FKY,11219,21.094402182015802,1.0333944602447558
3FKY,11220,21.095011455994175,1.0334093840098924
3FKY,11221,21.097426273904635,1.0334685312656706
3FKY,11222,21.097993383878148,1.0334824212626121
3FKY,11223,21.098910139861303,1.0335048746041202
3FKY,11224,21.100645089972222,1.0335473659585437
3FKY,11225,21.103285386404359,1.0336120271585083
3FKY,11226,21.103543193643141,1.0336183406742472
3FKY,11227,21.105091022274404,1.0336562450847195
3FKY,11228,21.106346958543611,1.033687000390481
3FKY,11229,21.107642234123979,1.033718718076889
3FKY,11230,21.10830873817148,1.0337350385228949
3FKY,11231,21.109333820141,1.033760138835232
3FKY,11232,21.110203565789597,1.0337814350809837
3FKY,11233,21.110712814865355,1.0337939041475137
3FKY,11234,21.114226492499022,1.0338799331560522
3FKY,11235,21.114440430811353,1.0338851709981263
3FKY,11236,21.115122506267603,1.03390187004367
3FKY,11237,21.115886227023321,1.0339205676661316
3FKY,11238,21.117355706026785,1.033956542905748
3FKY,11239,21.118574462477405,1.033986379099318
3FKY,11240,21.119283874636267,1.0340037457153921
3FKY,11241,21.120912646485507,1.0340436174206236
3FKY,11242,21.121204502713791,1.0340507617858448
3FKY,11243,21.122163916313127,1.0340742469781132
3FKY,11244,21.123826203047749,1.034114936324436
3FKY,11245,21.125419467953019,1.0341539346563071
3FKY,11246,21.126046016734108,1.0341692702827543
3FKY,11247,21.127388348834536,1.0342021249058371
3FKY,11248,21.128741437661326,1.0342352417518967
3FKY,11249,21.129899354013556,1.0342635809100775
3FKY,11250,21.131118660828843,1.0342934217157433
3FKY,11251,21.131623549856357,1.0343057779068423
3FKY,11252,21.131784575595642,1.0343097186720858
3FKY,11253,21.132939222703019,1.0343379757841922
3FKY,11254,21.136197581825325,1.0344177118456097
3FKY,11255,21.136768225771295,1.0344316755734386
3FKY,11256,21.137342720449027,1.034445733338744
3FKY,11257,21.139034271992479,1.0344871241439495
3FKY,11258,21.140731038941304,1.0345286409019343
3FKY,11259,21.140867130588003,1.0345319707413676
3FKY,11260,21.143357788320017,1.0345929093289306
3FKY,11261,21.144594483208312,1.0346231660427969
3FKY,11262,21.144726200187375,1.0346263885502274
3FKY,11263,21.146381246810346,1.0346668790580733
3FKY,11264,21.147055555052162,1.0346833754702525
3FKY,11265,21.148866371071662,1.0347276743353795
3FKY,11266,21.149872944078467,1.0347522977959374
3FKY,11267,21.151079799074633,1.0347818199157508
3FKY,11268,21.152050931472157,1.0348055751713836
3FKY,11269,21.152526566627628,1.0348172096730532
3FKY,11270,21.154861806605112,1.0348743300320982
3FKY,11271,21.155838878999123,1.0348982284501846
3FKY,11272,21.15726199411953,1.0349330357333759
3FKY,11273,21.157719163598724,1.0349442171717207
3FKY,11274,21.159076477560788,1.0349774136069418
3FKY,11275,21.160447990847533,1.0350109562399117
3FKY,11276,21.161332501011742,1.035032587826934
3FKY,11277,21.162623239642929,1.0350641533291178
3FKY,11278,21.163034860849113,1.0350742194792055
3FKY,11279,21.165063969861595,1.0351238396801821
3FKY,11280,21.165455341886094,1.0351334100892424
3FKY,11281,21.166266714880816,1.0351532507029291
3FKY,11282,21.168166764264903,1.0351997113798432
3FKY,11283,21.169475456246996,1.0352317107645534
3FKY,11284,21.170140612411465,1.0352479744019452
3FKY,11285,21.171149158654941,1.0352726337332145
3FKY,11286,21.17267846491935,1.0353100247203937
3FKY,11287,21.174074682881265,1.0353441605673277
3FKY,11288,21.174457979446959,1.0353535315096494
3FKY,11289,21.17558107893133,1.0353809888736121
3FKY,11290,21.178037667530351,1.0354410446368851
3FKY,11291,21.178187422144038,1.0354447055473519
3FKY,11292,21.179356114416347,1.0354732750256415
3FKY,11293,21.182017050047932,1.0355383204684783
3FKY,11294,21.182269564991014,1.0355444928768973
3FKY,11295,21.182796582658451,1.0355573750387199
3FKY,11296,21.185181100273574,1.0356156590170649
3FKY,11297,21.186085081233372,1.0356377538683299
3FKY,11298,21.187296628573737,1.0356673654323312
3FKY,11299,21.189218552144776,1.0357143376444731
3FKY,11300,21.189965265764577,1.0357325869061627
3FKY,11301,21.191328405149786,1.0357659004382738
3FKY,11302,21.19308828802696,1.0358089083326929
3FKY,11303,21.193809475770987,1.0358265321524189
3FKY,11304,21.194788887083998,1.0358504657568233
3FKY,11305,21.196330234443412,1.0358881301176772
3FKY,11306,21.197691392765108,1.0359213902409456
3FKY,11307,21.199037147779283,1.0359542729321243
3FKY,11308,21.199269664232485,1.0359599542220586
3FKY,11309,21.201040065792036,1.0360032110619743
3FKY,11310,21.202013128876498,1.0360269854831836
3FKY,11311,21.202430112492408,1.0360371732929896
3FKY,11312,21.204141535595895,1.0360789860042248
3FKY,11313,21.205237844145589,1.0361057696296603
3FKY,11314,21.206985496924958,1.0361484646428938
3FKY,11315,21.207740159878668,1.0361669004527494
3FKY,11316,21.208436810148182,1.0361839187681652
3FKY,11317,21.209175881066127,1.0362019730626713
3FKY,11318,21.21082320066796,1.0362422132560589
3FKY,11319,21.212972251357698,1.0362947072261748
3FKY,11320,21.214830930392253,1.0363401062639177
3FKY,11321,21.215794418240634,1.0363636390878599
3FKY,11322,21.216634438392596,1.0363841558242894
3FKY,11323,21.217666285535888,1.0364093572065307
3FKY,11324,21.218520285437986,1.0364302144622657
3FKY,11325,21.219787442708231,1.0364611614947781
3FKY,11326,21.221610134905163,1.0365056744078027
3FKY,11327,21.221941628671615,1.0365137697838367
3FKY,11328,21.222510680078202,1.0365276663837579
3FKY,11329,21.224396620959308,1.0365737209364634
3FKY,11330,21.22519268393377,1.036593160127997
3FKY,11331,21.226871027499651,1.036634142678684
3FKY,11332,21.229279631822898,1.0366929542352616
3FKY,11333,21.229702528978279,1.0367032798875122
3FKY,11334,21.231038028285305,1.0367358873801678
3FKY,11335,21.232325600206774,1.0367673237088773
3FKY,11336,21.233258577673883,1.0367901019467443
3FKY,11337,21.234901428428945,1.0368302102148719
3FKY,11338,21.23606310477334,1.0368585702395241
3FKY,11339,21.236628662984181,1.0368723769411423
3FKY,11340,21.238807009819286,1.0369255541610023
3FKY,11341,21.23928156014178,1.0369371383946944
3FKY,11342,21.24063471056844,1.0369701693985836
3FKY,11343,21.242429728657275,1.0370139849651376
3FKY,11344,21.243167050059341,1.0370319821053033
3FKY,11345,21.244110831877848,1.0370550182433989
3FKY,11346,21.24516735744913,1.0370808056611898
3FKY,11347,21.246638847993747,1.0371167203741742
3FKY,11348,21.247879707922586,1.037147005112381
3FKY,11349,21.248806285109758,1.037169618810579
3FKY,11350,21.249688816250366,1.0371911570789036
3FKY,11351,21.249794259000947,1.0371937303907708
3FKY,11352,21.252970728689125,1.0372712485844224
3FKY,11353,21.253540332745317,1.0372851485224455
3FKY,11354,21.254628255790621,1.0373116963812758
3FKY,11355,21.255294039587127,1.0373279427230804
3FKY,11356,21.255593395406027,1.0373352474694137
3FKY,11357,21.257691905866892,1.0373864529356991
3FKY,11358,21.259870427464946,1.0374396080690254
3FKY,11359,21.260584647848557,1.0374570341933844
3FKY,11360,21.262309880806043,1.0374991266096594
3FKY,11361,21.263404465882186,1.0375258315267555
3FKY,11362,21.264507114769497,1.0375527324840921
3FKY,11363,21.265227892846294,1.0375703166895938
3FKY,11364,21.266289004801941,1.0375962031870098
3FKY,11365,21.267756793844896,1.0376320097647325
3FKY,11366,21.268935897708644,1.0376607729992977
3FKY,11367,21.270943840659299,1.0377097532226325
3FKY,11368,21.272065605562844,1.0377371156904907
3FKY,11369,21.272753255925608,1.037753888733371
3FKY,11370,21.27381147227598,1.0377797000249964
3FKY,11371,21.274562230837521,1.0377980116266119
3FKY,11372,21.274992694087736,1.0378085108237414
3FKY,11373,21.277332368167649,1.037865574695725
3FKY,11374,21.278356085424569,1.0378905418321429
3FKY,11375,21.278944721490397,1.0379048976305352
3FKY,11376,21.280504543494992,1.0379429379857228
3FKY,11377,21.281099711835129,1.0379574523609594
3FKY,11378,21.283617740859178,1.0380188573099218
3FKY,11379,21.28394226242402,1.0380267708663471
3FKY,11380,21.285943513177688,1.0380755706376201
3FKY,11381,21.287093651089748,1.0381036152939738
3FKY,11382,21.2876114573377,1.0381162410962084
3FKY,11383,21.289334340490662,1.0381582494915405
3FKY,11384,21.290335638615847,1.0381826629764761
3FKY,11385,21.291555831705306,1.0382124127461012
3FKY,11386,21.292837242029783,1.0382436541475983
3FKY,11387,21.293220798795922,1.0382530052636705
3FKY,11388,21.293903086678696,1.0382696392378565
3FKY,11389,21.295154139501225,1.0383001388385968
3FKY,11390,21.297473201604337,1.038356673225159
3FKY,11391,21.298490976174904,1.0383814836893301
3FKY,11392,21.299919257599058,1.038416300149392
3FKY,11393,21.30142011025276,1.0384528843821208
3FKY,11394,21.302468849374804,1.0384784472966202
3FKY,11395,21.304115085399562,1.038518572871161
3FKY,11396,21.305933082224367,1.0385628831648128
3FKY,11397,21.30692546813588,1.0385870699293243
3FKY,11398,21.30897407190032,1.0386369974105263
3FKY,11399,21.309544801570027,1.0386509065029899
3FKY,11400,21.310292459825995,1.0386691271905077
3FKY,11401,21.312227940692306,1.038716294036802
3FKY,11402,21.313073272652819,1.0387368937454995
3FKY,11403,21.313704960289012,1.0387522869359331
3FKY,11404,21.31422106181396,1.038764863313316
3FKY,11405,21.31491154735679,1.0387816888475352
3FKY,11406,21.317300144477329,1.0388398913279009
3FKY,11407,21.317729251363268,1.0388503469462123
3FKY,11408,21.318846740021165,1.0388775751808157
3FKY,11409,21.319216391726123,1.0388865817937658
3FKY,11410,21.320481611169239,1.0389174084427706
3FKY,11411,21.321184994326494,1.0389345457427908
3FKY,11412,21.323338734275481,1.0389870179278933
3FKY,11413,21.323607303111682,1.0389935609617749
3FKY,11414,21.325801244818287,1.039047009532738
3FKY,11415,21.32619022110887,1.0390564854441922
3FKY,11416,21.328139937586414,1.0391039814861227
3FKY,11417,21.32917354959238,1.0391291598969372
3FKY,11418,21.330367994110119,1.0391582553691352
3FKY,11419,21.331150056051452,1.0391773051734747
3FKY,11420,21.332284511689785,1.0392049381158153
3FKY,11421,21.333768824385693,1.0392410917272881
3FKY,11422,21.334076165823433,1.0392485775284042
3FKY,11423,21.335272816237033,1.0392777233838892
3FKY,11424,21.335949415447544,1.0392942024071106
3FKY,11425,21.337431953725027,1.039330309698187
3FKY,11426,21.3394304548805,1.0393789813048584
3FKY,11427,21.340117199750921,1.0393957058009189
3FKY,11428,21.341320107201636,1.0394249999047949
3FKY,11429,21.341990514710936,1.0394413258126893
3FKY,11430,21.34295744400368,1.0394648722312294
3FKY,11431,21.344207665645332,1.0394953165230205
3FKY,11432,21.346127978069116,1.0395420765364667
3FKY,11433,21.346364229553107,1.0395478291647413
3FKY,11434,21.348017400345931,1.0395880823155452
3FKY,11435,21.350819405157267,1.03965630493259
3FKY,11436,21.351234112827914,1.0396664017664095
3FKY,11437,21.352092887260017,1.0396873099242572
3FKY,11438,21.353780294620506,1.0397283911749085
3FKY,11439,21.354813853645457,1.0397535531753672
3FKY,11440,21.356831353753705,1.0398026674729113
3FKY,11441,21.357351580770974,1.0398153315740881
3FKY,11442,21.358131759557942,1.0398343234994798
3FKY,11443,21.358873534437773,1.0398523802352486
3FKY,11444,21.361325218026789,1.039912058379268
3FKY,11445,21.361568883986578,1.0399179894356192
3FKY,11446,21.363430044588164,1.0399632907017804
3FKY,11447,21.364375684281004,1.0399863071294382
3FKY,11448,21.36517094664547,1.0400056630489698
3FKY,11449,21.367136438637715,1.0400534996845281
3FKY,11450,21.368230884789671,1.0400801356349796
3FKY,11451,21.371235261749714,1.0401532507885938
3FKY,11452,21.371765811577756,1.0401661618275821
3FKY,11453,21.372356277562858,1.0401805307501288
3FKY,11454,21.373504139606467,1.0402084632743467
3FKY,11455,21.374943625265672,1.0402434912216825
3FKY,11456,21.375587953707051,1.0402591697055208
3FKY,11457,21.37706047951767,1.0402949998801216
3FKY,11458,21.378233942120371,1.0403235522277883
3FKY,11459,21.379189814646676,1.040346809658437
3FKY,11460,21.381397988851639,1.0404005349794925
3FKY,11461,21.382419062932943,1.0404253769785607
3FKY,11462,21.383626349643833,1.0404547486319236
3FKY,11463,21.384533103660996,1.0404768081859577
3FKY,11464,21.384757643821899,1.040482270737221
3FKY,11465,21.386402354811175,1.0405222819393709
3FKY,11466,21.387300229899065,1.0405441240709785
3FKY,11467,21.38782053703952,1.0405567810973249
3FKY,11468,21.388851425067898,1.0405818580938564
3FKY,11469,21.391505043447363,1.0406464062420639
3FKY,11470,21.392925522876777,1.0406809571600879
3FKY,11471,21.393498270816583,1.040694888024386
3FKY,11472,21.394470551202367,1.0407185362309157
3FKY,11473,21.395593714302048,1.0407458536004557
3FKY,11474,21.396314476060642,1.0407633834597421
3FKY,11475,21.397597494677129,1.0407945874033118
3FKY,11476,21.399219936514612,1.0408340450264164
3FKY,11477,21.399541273137743,1.0408418597234637
3FKY,11478,21.40105348598939,1.0408786349657742
3FKY,11479,21.402275145774521,1.0409083433496127
3FKY,11480,21.403527288624577,1.0409387921422755
3FKY,11481,21.404735147356007,1.0409681632186922
3FKY,11482,21.405043273063239,1.0409756556705958
3FKY,11483,21.405953285995913,1.0409977834287367
3FKY,11484,21.407915865003943,1.0410455036480513
3FKY,11485,21.409091039990564,1.0410740770471247
3FKY,11486,21.409687602861272,1.041088581675379
3FKY,11487,21.410348506241764,1.0411046504211234
3FKY,11488,21.412855749384136,1.041165607534446
3FKY,11489,21.413632806090618,1.0411844989281858
3FKY,11490,21.414350492143903,1.0412019466293678
3FKY,11491,21.414686720450621,1.0412101205918105
3FKY,11492,21.416153415161475,1.0412457762903768
3FKY,11493,21.417242643266345,1.0412722548955959
3FKY,11494,21.417645846019884,1.0412820563875846
3FKY,11495,21.420176280395239,1.041343566838058
3FKY,11496,21.421600928245745,1.041378195946334
3FKY,11497,21.42308331062193,1.0414142271931162
3FKY,11498,21.423463288398146,1.0414234628503221
3FKY,11499,21.426052586765238,1.0414863955928517
3FKY,11500,21.426864569568288,1.0415061300032729
3FKY,11501,21.42747900529173,1.0415210629857152
3FKY,11502,21.429087533936144,1.0415601549625051
3FKY,11503,21.430331696441083,1.0415903907642055
3FKY,11504,21.430741041968503,1.0416003385414463
3FKY,11505,21.43151795218203,1.0416192184907187
3FKY,11506,21.432293638927774,1.0416380683667041
3FKY,11507,21.434918395059903,1.0417018497391217
3FKY,11508,21.435929777945717,1.0417264252232934
3FKY,11509,21.437048853990827,1.0417536168563495
3FKY,11510,21.438508767378099,1.0417890891867299
3FKY,11511,21.439786062961211,1.0418201233597917
3FKY,11512,21.440582210769961,1.041839466722311
3FKY,11513,21.441073209694153,1.0418513959489455
3FKY,11514,21.442904046839381,1.0418958764537096
3FKY,11515,21.445077636064763,1.0419486817141133
3FKY,11516,21.446022690360124,1.0419716400648729
3FKY,11517,21.446816352606803,1.0419909202342981
3FKY,11518,21.447400628068849,1.0420051136131654
3FKY,11519,21.448471832785923,1.0420311351081537
3FKY,11520,21.449427573569071,1.0420543512273888
3FKY,11521,21.449749734145222,1.0420621767874996
3FKY,11522,21.452697230860597,1.0421337713136054
3FKY,11523,21.453272577184904,1.0421477458690711
3FKY,11524,21.453821954417368,1.0421610894877908
3FKY,11525,21.455458515726868,1.0422008383026147
3FKY,11526,21.455638049703968,1.0422051987330823
3FKY,11527,21.457252868173651,1.0422444178076904
3FKY,11528,21.458715718344106,1.0422799447562878
3FKY,11529,21.459688009120466,1.0423035572527437
3FKY,11530,21.460803493252122,1.0423306466020696
3FKY,11531,21.461209118300779,1.042340496965352
3FKY,11532,21.463110813113786,1.0423866772526813
3FKY,11533,21.46337119731896,1.0423930001991919
3FKY,11534,21.465196613632092,1.0424373259650312
3FKY,11535,21.465609876300014,1.0424473607754439
3FKY,11536,21.467761751356637,1.0424996108691984
3FKY,11537,21.46954266312958,1.042542851551405
3FKY,11538,21.470276591968794,1.0425606708812778
3FKY,11539,21.471127664699871,1.042581334009693
3FKY,11540,21.472022164544924,1.0426030510602236
3FKY,11541,21.472886315909761,1.0426240308677581
3FKY,11542,21.4738091515453,1.0426464349418649
3FKY,11543,21.475065821902213,1.0426769428896947
3FKY,11544,21.476394813232769,1.0427092055889355
3FKY,11545,21.477468982018245,1.0427352814663335
3FKY,11546,21.478252965591448,1.0427543125698724
3FKY,11547,21.479163169636003,1.0427764072239181
3FKY,11548,21.48023689397343,1.0428024706325763
3FKY,11549,21.480955165940458,1.0428199054849958
3FKY,11550,21.483066630143846,1.0428711560643684
3FKY,11551,21.483665530264847,1.0428856924273426
3FKY,11552,21.48419924561189,1.0428986464700689
3FKY,11553,21.484868863277317,1.042914898830875
3FKY,11554,21.48743846625678,1.0429772635845183
3FKY,11555,21.48848461925995,1.0430026528489922
3FKY,11556,21.490531292638014,1.0430523221247339
3FKY,11557,21.491520308455836,1.0430763230059328
3FKY,11558,21.493040687319581,1.0431132176305475
3FKY,11559,21.494246393810453,1.0431424752576488
3FKY,11560,21.4951010446085,1.043163213683892
3FKY,11561,21.495479508204891,1.0431723971151041
3FKY,11562,21.496994048726457,1.0432091466799824
3FKY,11563,21.498812994103147,1.0432532807647776
3FKY,11564,21.499145315863377,1.0432613438710281
3FKY,11565,21.500617761189389,1.0432970689886043
3FKY,11566,21.501585057868827,1.0433205373012693
3FKY,11567,21.503021582790129,1.0433553889393348
3FKY,11568,21.504143483889266,1.0433826066558203
3FKY,11569,21.504760840079129,1.0433975836319567
3FKY,11570,21.506610719914317,1.0434424601748111
3FKY,11571,21.507642962722311,1.0434675006859664
3FKY,11572,21.508749744027867,1.0434943487108164
3FKY,11573,21.50951408544142,1.0435128895109402
3FKY,11574,21.510574638898966,1.0435386150470236
3FKY,11575,21.51089227583282,1.0435463197501282
3FKY,11576,21.512952975577956,1.0435963033609472
3FKY,11577,21.514247345239511,1.0436276979137484
3FKY,11578,21.515038786989457,1.0436468936337335
3FKY,11579,21.515462319653317,1.0436571658990559
3FKY,11580,21.518186423342861,1.0437232332767785
3FKY,11581,21.519023384793336,1.0437435311680561
3FKY,11582,21.520264528455812,1.043773630512419
3FKY,11583,21.520991138848682,1.0437912513545105
3FKY,11584,21.522906755769274,1.0438377050628223
3FKY,11585,21.523427144868339,1.043850324140851
3FKY,11586,21.525510695389414,1.0439008472810476
3FKY,11587,21.526213494240945,1.0439178886032885
3FKY,11588,21.527837174708822,1.0439572582101406
3FKY,11589,21.529280354657299,1.0439922499494552
3FKY,11590,21.530406922874654,1.044019564218281
3FKY,11591,21.531136674143582,1.044037257059593
3FKY,11592,21.531955905619473,1.0440571189939687
3FKY,11593,21.532381608452571,1.0440674398370593
3FKY,11594,21.533030455288273,1.0440831704414018
3FKY,11595,21.5359406360548,1.0441537217767671
3FKY,11596,21.537053283771147,1.0441806943680363
3FKY,11597,21.53803053945532,1.0442043842370734
3FKY,11598,21.539273541982912,1.0442345153570078
3FKY,11599,21.540409279165935,1.0442620455411444
3FKY,11600,21.540877026928328,1.044273383500818
3FKY,11601,21.542403154902846,1.0443103751840046
3FKY,11602,21.543105399166773,1.0443273963814308
3FKY,11603,21.5442644190205,1.0443554884295447
3FKY,11604,21.545279784311585,1.0443800979915185
3FKY,11605,21.545580267047487,1.0443873807257913
3FKY,11606,21.547256897103036,1.0444280159091106
3FKY,11607,21.548371278803423,1.0444550234401784
3FKY,11608,21.548832495565485,1.0444662010271097
3FKY,11609,21.55021529671588,1.0444997124921775
3FKY,11610,21.551831540102615,1.0445388799454498
3FKY,11611,21.553046849163831,1.0445683303350333
3FKY,11612,21.554194109409217,1.0445961309467127
3FKY,11613,21.554618793523009,1.0446064217790845
3FKY,11614,21.556487625274148,1.0446517056079043
3FKY,11615,21.557322032174095,1.0446719235620403
3FKY,11616,21.558668132097921,1.0447045391819916
3FKY,11617,21.559201867514506,1.0447174711580745
3FKY,11618,21.559852657107836,1.0447332390453001
3FKY,11619,21.561791778568111,1.0447802203286636
3FKY,11620,21.564022749025096,1.0448342699535633
3FKY,11621,21.564859371723824,1.0448545380547087
3FKY,11622,21.565659096190398,1.0448739118882426
3FKY,11623,21.566954987878223,1.044905304925444
3FKY,11624,21.567805801518681,1.0449259154130897
3FKY,11625,21.567944517958729,1.0449292757032222
3FKY,11626,21.568782677365359,1.0449495791862982
3FKY,11627,21.570455081634687,1.0449900901481104
3FKY,11628,21.571605621559982,1.0450179589803585
3FKY,11629,21.572982979207868,1.0450513209036187
3FKY,11630,21.573939674494309,1.0450744930488325
3FKY,11631,21.574757692576501,1.0450943058818594
3FKY,11632,21.577013729236661,1.0451489463433459
3FKY,11633,21.578467067483107,1.0451841442020313
3FKY,11634,21.57896268792399,1.0451961471781992
3FKY,11635,21.579569014978748,1.0452108310686887
3FKY,11636,21.580733465997987,1.0452390308997022
3FKY,11637,21.583760078913649,1.0453123236597774
3FKY,11638,21.585557853410638,1.0453558563134917
3FKY,11639,21.58587431386831,1.0453635191356081
3FKY,11640,21.586839634630017,1.0453868932137731
3FKY,11641,21.587621464556253,1.0454058238995803
3FKY,11642,21.588526608944488,1.0454277400077994
3FKY,11643,21.590960526201595,1.0454866697567005
3FKY,11644,21.592829017045208,1.0455319072070033
3FKY,11645,21.594479460284344,1.0455718639466611
3FKY,11646,21.595540634638855,1.0455975538554938
3FKY,11647,21.596615671288042,1.0456235787122234
3FKY,11648,21.597529734380736,1.0456457061562605
3FKY,11649,21.599155457149081,1.0456850601486913
3FKY,11650,21.601000157488592,1.0457297131538628
3FKY,11651,21.601699378372501,1.0457466380678009
3FKY,11652,21.603741424935428,1.04579606503245
3FKY,11653,21.604954104733647,1.0458254163827445
3FKY,11654,21.605612030445343,1.0458413402812567
3FKY,11655,21.607158471183645,1.0458787681197435
3FKY,11656,21.608354737588805,1.0459077199210423
3FKY,11657,21.609663187622409,1.0459393858505304
3FKY,11658,21.610470935819251,1.0459589337664503
3FKY,11659,21.611461342937154,1.0459829016222939
3FKY,11660,21.611839064410752,1.0459920423386568
3FKY,11661,21.614160911686479,1.0460482284073369
3FKY,11662,21.614541291953017,1.0460574328903369
3FKY,11663,21.616568903743374,1.0461064958941841
3FKY,11664,21.617670978458605,1.0461331623098786
3FKY,11665,21.619067382638189,1.0461669495095218
3FKY,11666,21.619853800677642,1.0461859770897837
3FKY,11667,21.62166361770889,1.0462297647488876
3FKY,11668,21.623526711810868,1.0462748395070127
3FKY,11669,21.624443699413582,1.0462970239290623
3FKY,11670,21.625223771049097,1.046315895611531
3FKY,11671,21.626024909350434,1.0463352765896148
3FKY,11672,21.627430440704305,1.0463692780565834
3FKY,11673,21.627846159081237,1.0463793345644246
3FKY,11674,21.629362479376983,1.0464160145556163
3FKY,11675,21.630821314788953,1.0464513027662543
3FKY,11676,21.631191844429509,1.0464602654301998
3FKY,11677,21.632152287132541,1.0464834970204189
3FKY,11678,21.633002822991575,1.0465040697073034
3FKY,11679,21.635158564466021,1.0465562107818636
3FKY,11680,21.636122546634045,1.0465795258475816
3FKY,11681,21.637127102106032,1.0466038216747147
3FKY,11682,21.638042752413526,1.0466259667813209
3FKY,11683,21.64073824514049,1.0466911548590814
3FKY,11684,21.642190948127986,1.0467262854963466
3FKY,11685,21.643185406646595,1.0467503337527455
3FKY,11686,21.643679955941597,1.0467622928676517
3FKY,11687,21.643730730189869,1.0467635206749719
3FKY,11688,21.644723148875009,1.0467875187504851
3FKY,11689,21.647157149398254,1.0468463739672056
3FKY,11690,21.647645327683868,1.0468581779372006
3FKY,11691,21.650511880084117,1.0469274874265451
3FKY,11692,21.651133793169169,1.0469425238661334
3FKY,11693,21.652335105488984,1.0469715682459482
3FKY,11694,21.653784937142369,1.0470066200568326
3FKY,11695,21.655648838465744,1.0470516808865398
3FKY,11696,21.655891794374192,1.0470575543350964
3FKY,11697,21.656895867179951,1.047081827402226
3FKY,11698,21.658203900906916,1.0471134477617088
3FKY,11699,21.659876186604702,1.0471538721443296
3FKY,11700,21.660696093575172,1.0471736912934946
3FKY,11701,21.661253084884144,1.0471871549165699
3FKY,11702,21.662668982169969,1.0472213792805964
3FKY,11703,21.664308635408371,1.0472610107645317
3FKY,11704,21.665449527350631,1.047288585979111
3FKY,11705,21.666910216949248,1.0473238896029518
3FKY,11706,21.667394694561448,1.0473355987515049
3FKY,11707,21.667751769678574,1.0473442286755477
3FKY,11708,21.669585530488373,1.0473885465675925
3FKY,11709,21.670783856035346,1.0474175063993294
3FKY,11710,21.673148740598212,1.0474746560145427
3FKY,11711,21.675039490392638,1.047520345483145
3FKY,11712,21.675784028305866,1.047538336497994
3FKY,11713,21.677708386123275,1.0475848352508215
3FKY,11714,21.679144060979439,1.0476195244873419
3FKY,11715,21.680491609496407,1.0476520833419631
3FKY,11716,21.680578565847725,1.0476541843070362
3FKY,11717,21.682125730760486,1.0476915648795448
3FKY,11718,21.684375974908328,1.0477459299514047
3FKY,11719,21.684595325058286,1.047751229219549
3FKY,11720,21.685947440871537,1.0477838943189199
3FKY,11721,21.687938931525018,1.047832003905423
3FKY,11722,21.688189710715719,1.0478380619661529
3FKY,11723,21.689149788235529,1.0478612541884653
3FKY,11724,21.689783076983129,1.0478765520194977
3FKY,11725,21.692033561095943,1.0479309132907961
3FKY,11726,21.69275757710124,1.0479484015640992
3FKY,11727,21.695851961734515,1.0480231417114843
3FKY,11728,21.696805311355202,1.048046167345388
3FKY,11729,21.697107206224754,1.0480534587105412
3FKY,11730,21.698547276277999,1.0480882385856516
3FKY,11731,21.699429683665656,1.0481095494916426
3FKY,11732,21.699808054237334,1.0481186873373478
3FKY,11733,21.701944399167445,1.0481702796816232
3FKY,11734,21.702674853097726,1.0481879194295614
3FKY,11735,21.703604314941405,1.0482103645947738
3FKY,11736,21.705033630810131,1.0482448795771735
3FKY,11737,21.706297996016623,1.0482754103995484
3FKY,11738,21.706954002141401,1.0482912507306394
3FKY,11739,21.708616909522746,1.0483314032521343
3FKY,11740,21.710480497226673,1.0483763995684472
3FKY,11741,21.711467583708838,1.0484002319845507
3FKY,11742,21.711558947019398,1.0484024378514469
3FKY,11743,21.712733250493812,1.0484307897072889
3FKY,11744,21.714329461326294,1.0484693266756273
3FKY,11745,21.714996633523199,1.0484854336480369
3FKY,11746,21.717046439951847,1.0485349188379767
3FKY,11747,21.718735219014885,1.0485756865685132
3FKY,11748,21.719625370296349,1.0485971745008913
3FKY,11749,21.720191305029196,1.0486108357332111
3FKY,11750,21.721793257411207,1.0486495046756292
3FKY,11751,21.723084179163664,1.0486806647259976
3FKY,11752,21.723648830132625,1.0486942938842874
3FKY,11753,21.724723226393447,1.0487202264360922
3FKY,11754,21.725486877983137,1.0487386581975018
3FKY,11755,21.727326766100141,1.0487830650491166
3FKY,11756,21.728323788590206,1.0488071280256344
3FKY,11757,21.729880017085581,1.0488446862452789
3FKY,11758,21.730762083854099,1.0488659735615002
3FKY,11759,21.732032752104445,1.0488966384135701
3FKY,11760,21.733097628652782,1.0489223362339783
3FKY,11761,21.733210701669144,1.0489250648983466
3FKY,11762,21.735604293526308,1.0489828251023794
3FKY,11763,21.736884170138456,1.0490137087346665
3FKY,11764,21.73746779139444,1.049027791309336
3FKY,11765,21.738522343623519,1.049053236802566
3FKY,11766,21.740701192956386,1.0491058087216072
3FKY,11767,21.741231886244144,1.0491186130467374
3FKY,11768,21.742877732563343,1.0491583222807792
3FKY,11769,21.744084833300963,1.0491874449715175
3FKY,11770,21.746419321892471,1.0492437648948916
3FKY,11771,21.747204034790212,1.0492626955444735
3FKY,11772,21.747384929801516,1.0492670594616043
3FKY,11773,21.750047483856903,1.0493312889027258
3FKY,11774,21.750865996527565,1.0493510332935341
3FKY,11775,21.751818315599586,1.0493740049320972
3FKY,11776,21.753101440469514,1.0494049554027125
3FKY,11777,21.753769916609087,1.0494210794663577
3FKY,11778,21.754088598388385,1.0494287661834949
3FKY,11779,21.755468596486129,1.0494620515755253
3FKY,11780,21.756160776278726,1.049478746473272
3FKY,11781,21.75871698269513,1.0495403981023985
3FKY,11782,21.758814998391301,1.049542762012849
3FKY,11783,21.760272048551553,1.0495779020434464
3FKY,11784,21.761889183396242,1.049616901497606
3FKY,11785,21.762576337646763,1.0496334727386354
3FKY,11786,21.763588550172507,1.0496578825276754
3FKY,11787,21.765745833928779,1.0497099041366831
3FKY,11788,21.766433464219247,1.0497264853885033
3FKY,11789,21.767331695443371,1.0497481445955599
3FKY,11790,21.769458427310049,1.0497994250725093
3FKY,11791,21.770093373877064,1.0498147346329858
3FKY,11792,21.771747215445814,1.0498546103065627
3FKY,11793,21.77200853203248,1.0498609107563461
3FKY,11794,21.773575515499154,1.0498986905754979
3FKY,11795,21.774541280391436,1.0499219743961057
3FKY,11796,21.776105280266563,1.0499596800894284
3FKY,11797,21.777369190105226,1.0499901500724078
3FKY,11798,21.778823562534701,1.0500252105798791
3FKY,11799,21.779634446302637,1.0500447580194243
3FKY,11800,21.781034350267461,1.0500785037235503
3FKY,11801,21.782052615796783,1.0501030490740955
3FKY,11802,21.783938211021745,1.0501484999432109
3FKY,11803,21.785039216541268,1.0501750379519605
3FKY,11804,21.786454898626019,1.0502091597595893
3FKY,11805,21.786577002124034,1.0502121027356945
3FKY,11806,21.788302669546237,1.05025369442139
3FKY,11807,21.789676861322953,1.0502868137344554
3FKY,11808,21.790127495143398,1.0502976742055725
3FKY,11809,21.791336004305691,1.0503267992477272
3FKY,11810,21.793288316481068,1.0503738482187446
3FKY,11811,21.793992758204958,1.0503908241145892
3FKY,11812,21.794743961887189,1.0504089265950374
3FKY,11813,21.796968124245247,1.0504625225537156
3FKY,11814,21.797705334774879,1.0504802866179728
3FKY,11815,21.798387620754394,1.0504967269347827
3FKY,11816,21.798939454887851,1.0505100237045326
3FKY,11817,21.801132652429963,1.0505628684325687
3FKY,11818,21.803193152735819,1.0506125134212188
3FKY,11819,21.803731953587313,1.050625494717484
3FKY,11820,21.804485546141208,1.0506436507081736
3FKY,11821,21.805342532179477,1.0506642973336373
3FKY,11822,21.806962942815741,1.0507033353806616
3FKY,11823,21.807364812549558,1.0507130167820904
3FKY,11824,21.809148529873823,1.0507559870516381
3FKY,11825,21.809626364654974,1.0507674979321819
3FKY,11826,21.810285939334282,1.0507833866591145
3FKY,11827,21.813348272647083,1.050857153138693
3FKY,11828,21.813790249165741,1.050867799185043
3FKY,11829,21.814892605048211,1.0508943515551721
3FKY,11830,21.815993657661537,1.0509208718638694
3FKY,11831,21.8177647586663,1.050963529770411
3FKY,11832,21.8183878855499,1.0509785376999683
3FKY,11833,21.819814911264181,1.0510129066204417
3FKY,11834,21.820608039019902,1.0510320080641611
3FKY,11835,21.822954399254947,1.0510885150463218
3FKY,11836,21.824440971350473,1.0511243143294791
3FKY,11837,21.825140241679769,1.0511411535731241
3FKY,11838,21.825720624097169,1.0511551296525738
3FKY,11839,21.826288244186454,1.0511687982250706
3FKY,11840,21.828274548314546,1.0512166280117643
3FKY,11841,21.830706874696681,1.0512751949568293
3FKY,11842,21.831257408920919,1.0512884505817714
3FKY,11843,21.832196904639666,1.0513110711380258
3FKY,11844,21.833472884899809,1.0513417925670285
3FKY,11845,21.834912213858985,1.0513764458207209
3FKY,11846,21.835857281460651,1.0513991986272129
3FKY,11847,21.837199427160549,1.0514315103705056
3FKY,11848,21.837926336535521,1.0514490100747211
3FKY,11849,21.839761739333959,1.0514931944876209
3FKY,11850,21.84010551804883,1.0515014702087782
3FKY,11851,21.842888150740603,1.0515684536116721
3FKY,11852,21.843398919554662,1.0515807483510027
3FKY,11853,21.843840507375369,1.05159137771564
3FKY,11854,21.845994521743478,1.0516432249880487
3FKY,11855,21.847134910982135,1.0516706731997765
3FKY,11856,21.847681636159439,1.0516838321618203
3FKY,11857,21.848144001088496,1.0516949605542023
3FKY,11858,21.849566126886103,1.0517291881342883
3FKY,11859,21.850074336841285,1.0517414194100136
3FKY,11860,21.852431513978768,1.0517981485984729
3FKY,11861,21.854166574297771,1.0518399036088262
3FKY,11862,21.854452371903829,1.0518467812983179
3FKY,11863,21.855569368047004,1.0518736612623112
3FKY,11864,21.855961862561184,1.0518831062870817
3FKY,11865,21.856832023737404,1.0519040456247453
3FKY,11866,21.858278576679375,1.0519388541851629
3FKY,11867,21.858782008219247,1.0519509680427599
3FKY,11868,21.860294232338319,1.0519873552054355
3FKY,11869,21.861736122226919,1.0520220488125418
3FKY,11870,21.863289962270741,1.0520594347944208
3FKY,11871,21.863986964934949,1.0520762045117416
3FKY,11872,21.864537524196059,1.0520894506468665
3FKY,11873,21.86734998517035,1.0521571142178572
3FKY,11874,21.867759620977068,1.0521669690747588
3FKY,11875,21.868192642954686,1.0521773864465922
3FKY,11876,21.869673291733346,1.0522130061893364
3FKY,11877,21.871287664757176,1.0522518415419058
3FKY,11878,21.872193481424897,1.0522736312372061
3FKY,11879,21.872824294777637,1.0522888053776482
3FKY,11880,21.87539915968047,1.0523507411784456
3FKY,11881,21.876731188904465,1.0523827803790258
3FKY,11882,21.877086458494663,1.0523913254874788
3FKY,11883,21.878037396754721,1.0524141975528019
3FKY,11884,21.878975780405238,1.0524367671660921
3FKY,11885,21.880070766246412,1.0524631026982487
3FKY,11886,21.881176770533894,1.0524897025663855
3FKY,11887,21.882937497016965,1.0525320473916622
3FKY,11888,21.88374604457978,1.0525514920928341
3FKY,11889,21.885553520933218,1.0525949586603787
3FKY,11890,21.886642809919202,1.0526211532418297
3FKY,11891,21.88701301091033,1.052630055469316
3FKY,11892,21.888095548502534,1.0526560868312789
3FKY,11893,21.889692770707917,1.0526944934391402
3FKY,11894,21.890808220804544,1.0527213145834136
3FKY,11895,21.89190605607698,1.0527477115096937
3FKY,11896,21.892300455705488,1.0527571944993255
3FKY,11897,21.894201309039229,1.0528028976356929
3FKY,11898,21.894872713196683,1.0528190400565436
3FKY,11899,21.89646010681275,1.0528572044239406
3FKY,11900,21.896845463830036,1.0528664690293805
3FKY,11901,21.898719058887078,1.0529115121206334
3FKY,11902,21.899345223441117,1.0529265653105664
3FKY,11903,21.900852577370618,1.0529628016836055
3FKY,11904,21.902599791890921,1.0530048026787333
3FKY,11905,21.903470767805636,1.0530257392961297
3FKY,11906,21.904021716394244,1.0530389828455824
3FKY,11907,21.905964783247487,1.053085688418518
3FKY,11908,21.908032282479169,1.0531353827027692
3FKY,11909,21.909096151556639,1.0531609528806862
3FKY,11910,21.910980554489367,1.0532062431314317
3FKY,11911,21.911699737704023,1.053223527662227
3FKY,11912,21.912216585945654,1.0532359491887364
3FKY,11913,21.913125279778107,1.0532577876706
3FKY,11914,21.913910264189703,1.0532766527008011
3FKY,11915,21.914118410636998,1.0532816548950703
3FKY,11916,21.91666889875988,1.0533429465277293
3FKY,11917,21.917918419846611,1.053372972885072
3FKY,11918,21.918724828052902,1.0533923506558125
3FKY,11919,21.920465850692171,1.0534341857426552
3FKY,11920,21.921533320416888,1.0534598351840971
3FKY,11921,21.923266031636491,1.0535014678924741
3FKY,11922,21.924308646769209,1.053526518528457
3FKY,11923,21.925046318082689,1.0535442420007506
3FKY,11924,21.92556717129581,1.0535567559684911
3FKY,11925,21.927093651752227,1.0535934301807108
3FKY,11926,21.927802400686268,1.0536104576809886
3FKY,11927,21.92832856406471,1.053623098435003
3FKY,11928,21.929464642339564,1.0536503915049056
3FKY,11929,21.929825774399617,1.0536590671697277
3FKY,11930,21.930526990803379,1.0536759126550352
3FKY,11931,21.931959304724849,1.0537103206297713
3FKY,11932,21.933748188656978,1.0537532927828788
3FKY,11933,21.936005195990781,1.0538075075871463
3FKY,11934,21.937542055715959,1.0538444223748686
3FKY,11935,21.937813030140383,1.0538509309436781
3FKY,11936,21.938868144121525,1.0538762734762332
3FKY,11937,21.939299208779747,1.0538866269407134
3FKY,11938,21.941391338633089,1.0539368750159093
3FKY,11939,21.941962041300886,1.0539505815458605
3FKY,11940,21.943385192272657,1.0539847604964709
3FKY,11941,21.945575083778031,1.0540373516229218
3FKY,11942,21.946306036361445,1.0540549051594981
3FKY,11943,21.949374000910442,1.0541285779240077
3FKY,11944,21.950285198278458,1.0541504580290457
3FKY,11945,21.950892065727388,1.0541650301672167
3FKY,11946,21.95309227473992,1.0542178600311742
3FKY,11947,21.954042328895959,1.0542406712417987
3FKY,11948,21.955139763213047,1.0542670204993896
3FKY,11949,21.957251246461592,1.0543177150897722
3FKY,11950,21.957589312366871,1.0543258314859658
3FKY,11951,21.959223412668319,1.054365062616518
3FKY,11952,21.960981087632579,1.0544072588717319
3FKY,11953,21.963227057779264,1.0544611751032256
3FKY,11954,21.963985004104774,1.0544793695624415
3FKY,11955,21.964334963098839,1.054487770202613
3FKY,11956,21.965387558946077,1.0545130369851505
3FKY,11957,21.967862099672733,1.05457243411533
3FKY,11958,21.968395834795047,1.0545852450781299
3FKY,11959,21.969628552290548,1.0546148327516112
3FKY,11960,21.97102888345411,1.0546484424797034
3FKY,11961,21.971805571302166,1.0546670835136422
3FKY,11962,21.972231049090986,1.0546772951288139
3FKY,11963,21.974552851778846,1.054733017460487
3FKY,11964,21.975544429751285,1.0547568140363723
3FKY,11965,21.976479036834029,1.0547792428938496
3FKY,11966,21.977433127203266,1.0548021388225686
3FKY,11967,21.97839958508521,1.0548253310358728
3FKY,11968,21.979543978156286,1.05485279252328
3FKY,11969,21.979844113264953,1.0548599946125734
3FKY,11970,21.98075400587522,1.0548818282383261
3FKY,11971,21.982480937219428,1.0549232661415395
3FKY,11972,21.984548281696931,1.0549728701539709
3FKY,11973,21.985891770028413,1.0550051046595408
3FKY,11974,21.987231921622854,1.0550372581251135
3FKY,11975,21.988088431979023,1.055057807358885
3FKY,11976,21.988953472179436,1.0550785608328339
3FKY,11977,21.990194436162252,1.0551083325093751
3FKY,11978,21.99303056450211,1.0551763702471353
3FKY,11979,21.993189097676716,1.055180173273685
3FKY,11980,21.994582279482536,1.0552135934960294
3FKY,11981,21.995675048811801,1.0552398065587261
3FKY,11982,21.997712573174702,1.0552886804173394
3FKY,11983,21.99847575455231,1.0553069861771081
3FKY,11984,21.999177062530574,1.0553238075541604
3FKY,11985,22.000081355890174,1.0553454972860499
3FKY,11986,22.00317933514221,1.0554197998150188
3FKY,11987,22.004671915008259,1.0554555962698255
3FKY,11988,22.005217736909831,1.0554686863811074
3FKY,11989,22.006920789510779,1.0555095286017002
3FKY,11990,22.008563474214597,1.0555489215958274
3FKY,11991,22.010525343841692,1.0555959669930468
3FKY,11992,22.010827344694381,1.0556032087508795
3FKY,11993,22.01310321761401,1.0556577809080505
3FKY,11994,22.014115604544656,1.0556820555830591
3FKY,11995,22.015328474172009,1.0557111366301666
3FKY,11996,22.016705539483105,1.055744153635876
3FKY,11997,22.017403145624463,1.0557608792938098
3FKY,11998,22.019237771472806,1.0558048646321019
3FKY,11999,22.019761335103116,1.055817416786442
3FKY,12000,22.023407383486969,1.0559048246830904
3FKY,12001,22.024135263676467,1.0559222735237765
3FKY,12002,22.024783812222747,1.0559378203728556
3FKY,12003,22.025205924839895,1.0559479390315698
3FKY,12004,22.027225566612145,1.0559963514661119
3FKY,12005,22.028434511600032,1.0560253297860576
3FKY,12006,22.029342710813257,1.0560470987294654
3FKY,12007,22.030936656776316,1.0560853034908217
3FKY,12008,22.032754468669957,1.0561288723334936
3FKY,12009,22.033788677914934,1.0561536591895346
3FKY,12010,22.036251765467121,1.0562126895785588
3FKY,12011,22.036607835629976,1.0562212228878793
3FKY,12012,22.036959396893014,1.0562296480726665
3FKY,12013,22.0389667046556,1.0562777520250959
3FKY,12014,22.040318479040103,1.0563101452705097
3FKY,12015,22.041707470321349,1.0563434293282741
3FKY,12016,22.042120182361568,1.0563533188436787
3FKY,12017,22.043833188120871,1.0563943653525509
3FKY,12018,22.044728698481098,1.0564158226572555
3FKY,12019,22.045606583732997,1.0564368572240763
3FKY,12020,22.047359598361801,1.0564788590724692
3FKY,12021,22.048260907471597,1.0565004535923066
3FKY,12022,22.050233069702781,1.0565477032078121
3FKY,12023,22.05264014988191,1.0566053698461746
3FKY,12024,22.05373668001976,1.0566316384748284
3FKY,12025,22.054159970667879,1.0566417787098243
3FKY,12026,22.055901215744715,1.0566834904771987
3FKY,12027,22.05643926657643,1.0566963792265174
3FKY,12028,22.059257375015815,1.0567638830931798
3FKY,12029,22.060931775492918,1.0568039889848682
3FKY,12030,22.062527579301189,1.0568422108820799
3FKY,12031,22.063288176304983,1.0568604278358802
3FKY,12032,22.065171901717591,1.0569055433313108
3FKY,12033,22.066390197595958,1.0569347206678827
3FKY,12034,22.06831703979136,1.0569808655502888
3FKY,12035,22.071755675324365,1.0570632105334552
3FKY,12036,22.072131591775232,1.057072212213348
3FKY,12037,22.072946917100442,1.0570917356966754
3FKY,12038,22.073796333525102,1.0571120751295524
3FKY,12039,22.07571783525583,1.0571580843988408
3FKY,12040,22.076749259794813,1.0571827804486378
3FKY,12041,22.077793484432803,1.0572077823916219
3FKY,12042,22.078547623754545,1.0572258384340472
3FKY,12043,22.079548117468331,1.0572497923607431
3FKY,12044,22.082881433116746,1.0573295950419317
3FKY,12045,22.083937170914169,1.0573548691321801
3FKY,12046,22.084900162706571,1.0573779223801774
3FKY,12047,22.086958072271909,1.0574271853932853
3FKY,12048,22.087850371957465,1.0574485448854458
3FKY,12049,22.088186999231638,1.057456602814556
3FKY,12050,22.090100273940973,1.0575024001713953
3FKY,12051,22.09202168358766,1.0575483902553233
3FKY,12052,22.092553526614797,1.0575611198814348
3FKY,12053,22.095256923398555,1.0576258231279396
3FKY,12054,22.096254116078487,1.057649688992756
3FKY,12055,22.097637778510354,1.0576828033664378
3FKY,12056,22.099937700330514,1.057737843739758
3FKY,12057,22.10082328211757,1.0577590361973761
3FKY,12058,22.102240203426842,1.0577929430179065
3FKY,12059,22.10346097554692,1.0578221551315055
3FKY,12060,22.105610156244488,1.0578735813696631
3FKY,12061,22.106029394310145,1.0578836127320204
3FKY,12062,22.107355822141944,1.0579153503451664
3FKY,12063,22.109850371637897,1.0579750351800219
3FKY,12064,22.11094857304186,1.0580013097866392
3FKY,12065,22.11337367714901,1.0580593283959405
3FKY,12066,22.114483424164877,1.0580858771141155
3FKY,12067,22.115933515336629,1.0581205669553526
3FKY,12068,22.116299824182093,1.0581293298076653
3FKY,12069,22.117864715850832,1.0581667643807136
3FKY,12070,22.119410809034211,1.0582037479650868
3FKY,12071,22.120495584153417,1.0582296957408477
3FKY,12072,22.122366278909702,1.0582744411870693
3FKY,12073,22.123174169467156,1.0582937646652155
3FKY,12074,22.125326483265098,1.0583452429218434
3FKY,12075,22.12624664805805,1.0583672503237895
3FKY,12076,22.128210829571159,1.0584142257391669
3FKY,12077,22.129223076827902,1.0584384338564112
3FKY,12078,22.132049054313807,1.0585060148032399
3FKY,12079,22.132478082411939,1.0585162742830667
3FKY,12080,22.133268042083351,1.0585351645696375
3FKY,12081,22.134153743489293,1.0585563439251335
3FKY,12082,22.136955526315901,1.0586233388319675
3FKY,12083,22.138112428330587,1.0586510008894507
3FKY,12084,22.138944869628716,1.0586709044953271
3FKY,12085,22.139105241155583,1.0586747389229145
3FKY,12086,22.142997972896058,1.0587678085292653
3FKY,12087,22.144497811303289,1.0588036653210213
3FKY,12088,22.145253356909553,1.0588217277679686
3FKY,12089,22.146655816695144,1.0588552548484575
3FKY,12090,22.146792505637876,1.0588585224655451
3FKY,12091,22.148435884174386,1.0588978074565687
3FKY,12092,22.150295784976702,1.0589422666578407
3FKY,12093,22.150746938682722,1.058953050786867
3FKY,12094,22.15165608031278,1.0589747820726585
3FKY,12095,22.153420627239623,1.0590169589076492
3FKY,12096,22.155707830432384,1.0590716259609827
3FKY,12097,22.155972978390796,1.0590779631505105
3FKY,12098,22.158403521008122,1.0591360527576408
3FKY,12099,22.158740227419813,1.0591440997395625
3FKY,12100,22.160147817966614,1.0591777392319761
3FKY,12101,22.160848784789831,1.0591944909835895
3FKY,12102,22.162558466239002,1.0592353479531116
3FKY,12103,22.165659782825273,1.059309457385107
3FKY,12104,22.166510768359394,1.0593297917306934
3FKY,12105,22.167592096646242,1.0593556295657827
3FKY,12106,22.168424653753767,1.0593755227001822
3FKY,12107,22.169171909577717,1.0593933773260864
3FKY,12108,22.171874510192275,1.0594579496508976
3FKY,12109,22.172807042391177,1.0594802294149019
3FKY,12110,22.173126250233388,1.0594878557199536
3FKY,12111,22.17490814145463,1.0595304264914438
3FKY,12112,22.176045000520592,1.0595575860477595
3FKY,12113,22.17740101763771,1.0595899803782163
3FKY,12114,22.179910450481582,1.0596499264170363
3FKY,12115,22.180506429210041,1.0596641628264865
3FKY,12116,22.182225956265793,1.0597052368635138
3FKY,12117,22.182986160064246,1.0597233952089822
3FKY,12118,22.183621600005058,1.0597385731869233
3FKY,12119,22.185672890544772,1.0597875683757709
3FKY,12120,22.187715194160901,1.0598363466613114
3FKY,12121,22.188835089131373,1.0598630932282131
3FKY,12122,22.189865484837735,1.0598877016787724
3FKY,12123,22.191475188006116,1.0599261443104466
3FKY,12124,22.192832016447461,1.0599585467520194
3FKY,12125,22.193660825245818,1.0599783390607893
3FKY,12126,22.195805171176392,1.0600295452442845
3FKY,12127,22.197290383105376,1.0600650101030171
3FKY,12128,22.198469004801584,1.0600931531559292
3FKY,12129,22.199565356333299,1.0601193310964447
3FKY,12130,22.201250306919693,1.0601595619470729
3FKY,12131,22.201630549159589,1.0601686406186537
3FKY,12132,22.203653815227256,1.0602169468537466
3FKY,12133,22.205173439450167,1.0602532270038911
3FKY,12134,22.205853177160471,1.0602694549470661
3FKY,12135,22.20744851092995,1.0603075407002578
3FKY,12136,22.208848694746159,1.060340966468581
3FKY,12137,22.210376420847421,1.0603774357771862
3FKY,12138,22.211423998773128,1.0604024424424388
3FKY,12139,22.212397215386815,1.0604256735052002
3FKY,12140,22.213209135043623,1.0604450539568673
3FKY,12141,22.216189709694341,1.060516196978281
3FKY,12142,22.217510773140464,1.0605477277757169
3FKY,12143,22.218125858385733,1.0605624081499296
3FKY,12144,22.219439739333868,1.0605937661535529
3FKY,12145,22.21996461512617,1.0606062929479358
3FKY,12146,22.221078328695778,1.0606328725766629
3FKY,12147,22.222710608416644,1.0606718269809436
3FKY,12148,22.224216765796164,1.0607077702027221
3FKY,12149,22.224627533490416,1.0607175726285261
3FKY,12150,22.226917689246324,1.0607722224955249
3FKY,12151,22.228479883010873,1.0608094994283497
3FKY,12152,22.230090220271379,1.0608479237860808
3FKY,12153,22.230489969740322,1.0608574620174493
3FKY,12154,22.232165286852297,1.0608974350270142
3FKY,12155,22.234056641887918,1.0609425608842242
3FKY,12156,22.23598423798887,1.0609885494425406
3FKY,12157,22.236519926389668,1.0610013295342644
3FKY,12158,22.238139384089404,1.0610399645251474
3FKY,12159,22.239623365874575,1.0610753662664121
3FKY,12160,22.240042431619813,1.06108536324876
3FKY,12161,22.241790915760212,1.0611270730267703
3FKY,12162,22.242930157154049,1.0611542485453864
3FKY,12163,22.245519455020649,1.0612160111920761
3FKY,12164,22.248298143164309,1.0612822873758392
3FKY,12165,22.24891447197275,1.0612969872489135
3FKY,12166,22.249605043738949,1.061313457626579
3FKY,12167,22.25363499787062,1.0614095683416465
3FKY,12168,22.253852679810048,1.0614147596087893
3FKY,12169,22.255283872071384,1.0614488899723877
3FKY,12170,22.25667785118344,1.0614821318402687
3FKY,12171,22.257777405389266,1.0615083518973516
3FKY,12172,22.258007824660094,1.0615138464115377
3FKY,12173,22.260759886709451,1.0615794691235629
3FKY,12174,22.262163237626787,1.0616129303587332
3FKY,12175,22.263527945602515,1.0616454691873967
3FKY,12176,22.263878912832922,1.0616538371626445
3FKY,12177,22.265979360862033,1.0617039159500357
3FKY,12178,22.267259005217035,1.0617344240153055
3FKY,12179,22.26879987579926,1.0617711588248844
3FKY,12180,22.269208258816388,1.0617808945835199
3FKY,12181,22.269903633438187,1.0617974719515999
3FKY,12182,22.271630194269939,1.0618386311417172
3FKY,12183,22.27207798576536,1.0618493057064979
3FKY,12184,22.273288349007359,1.0618781581087813
3FKY,12185,22.276747030908748,1.0619606011711336
3FKY,12186,22.277716874644632,1.0619837177560136
3FKY,12187,22.278215755280993,1.061995608564885
3FKY,12188,22.279505975784609,1.0620263603244957
3FKY,12189,22.281110376882076,1.0620645991791908
3FKY,12190,22.282594214189544,1.062099963324237
3FKY,12191,22.283087546139114,1.0621117205940684
3FKY,12192,22.283790317614159,1.0621284690795256
3FKY,12193,22.284554518076067,1.0621466812439799
3FKY,12194,22.285080776257495,1.0621592226676921
3FKY,12195,22.286698918519093,1.0621977841955936
3FKY,12196,22.288569013653756,1.0622423482031873
3FKY,12197,22.289966487180259,1.0622756485081923
3FKY,12198,22.290773676355972,1.0622948824905076
3FKY,12199,22.29264830533214,1.0623395504533566
3FKY,12200,22.294039807389485,1.0623727054330285
3FKY,12201,22.295578491327682,1.0624093660748026
3FKY,12202,22.297327983833551,1.0624510478989484
3FKY,12203,22.298707648529657,1.062483917387371
3FKY,12204,22.299571546685517,1.0625044986026904
3FKY,12205,22.299839823172267,1.06251088984918
3FKY,12206,22.301443657514628,1.0625490977652177
3FKY,12207,22.301973487855683,1.0625617195357142
3FKY,12208,22.302622636279711,1.062577183531465
3FKY,12209,22.303684591381714,1.0626024809112291
3FKY,12210,22.304380926231797,1.0626190683356311
3FKY,12211,22.305796925137276,1.0626527981119114
3FKY,12212,22.307069468644951,1.0626831097980953
3FKY,12213,22.308614720495274,1.06271991617033
3FKY,12214,22.31031224275716,1.0627603480039991
3FKY,12215,22.311026946196399,1.0627773704549757
3FKY,12216,22.312176299017082,1.0628047445969273
3FKY,12217,22.313469332905512,1.0628355399488396
3FKY,12218,22.313916141009638,1.0628461810810692
3FKY,12219,22.315821772193647,1.0628915641857846
3FKY,12220,22.317733043966708,1.0629370796763158
3FKY,12221,22.319442922035115,1.0629777974765171
3FKY,12222,22.320088238119805,1.0629931641618469
3FKY,12223,22.320992078200099,1.0630146866148558
3FKY,12224,22.321924818123989,1.0630368967808816
3FKY,12225,22.322923498831482,1.0630606765976927
3FKY,12226,22.325281326137731,1.0631168172575027
3FKY,12227,22.325476138324362,1.0631214556684814
3FKY,12228,22.326598270105656,1.0631481728452055
3FKY,12229,22.328141527100897,1.0631849156235631
3FKY,12230,22.330290964609638,1.0632360885915053
3FKY,12231,22.332252068121761,1.0632827756286962
3FKY,12232,22.333127809113897,1.06330362330634
3FKY,12233,22.334722839970059,1.0633415931738419
3FKY,12234,22.335633195504414,1.0633632636697636
3FKY,12235,22.336730370749045,1.0633893807158177
3FKY,12236,22.337773787775561,1.0634142175117549
3FKY,12237,22.338831215375706,1.0634393872141445
3FKY,12238,22.339360909630482,1.0634519951789281
3FKY,12239,22.340226897259022,1.0634726073922818
3FKY,12240,22.341262957568972,1.0634972671459617
3FKY,12241,22.343164375606779,1.0635425221941497
3FKY,12242,22.344151679286941,1.063566019936657
3FKY,12243,22.34568425465568,1.0636024940700093
3FKY,12244,22.347406738885631,1.0636434863976205
3FKY,12245,22.348525963786081,1.0636701212860453
3FKY,12246,22.349526885911644,1.0636939402851164
3FKY,12247,22.349877453488666,1.0637022826349785
3FKY,12248,22.350647384817304,1.0637206042266814
3FKY,12249,22.35296482747826,1.0637757491083761
3FKY,12250,22.353816533182137,1.0637960152173658
3FKY,12251,22.355455407497427,1.0638350107063395
3FKY,12252,22.356013372422531,1.0638482866362529
3FKY,12253,22.357761415407548,1.0638898775977743
3FKY,12254,22.358430296077763,1.0639057917592782
3FKY,12255,22.361333026793965,1.063974851432798
3FKY,12256,22.361747808476181,1.063984719253104
3FKY,12257,22.362431840856846,1.064000992454132
3FKY,12258,22.363157243860627,1.0640182495946411
3FKY,12259,22.365181140871591,1.0640663960752752
3FKY,12260,22.365809521778655,1.0640813441838197
3FKY,12261,22.366371095396101,1.0640947028833607
3FKY,12262,22.368552134467233,1.0641465837972717
3FKY,12263,22.368971162183204,1.0641565510231683
3FKY,12264,22.370424563652033,1.0641911217139919
3FKY,12265,22.371968537951819,1.0642278455452154
3FKY,12266,22.373021078060447,1.064252879759698
3FKY,12267,22.373763633007126,1.0642705407559612
3FKY,12268,22.375921570102978,1.0643218636702261
3FKY,12269,22.377180901273601,1.0643518136062793
3FKY,12270,22.377911237052196,1.0643691823684898
3FKY,12271,22.378510977209963,1.0643834451086012
3FKY,12272,22.381403283076803,1.0644522258916853
3FKY,12273,22.38234681794161,1.0644746627601307
3FKY,12274,22.3832893256678,1.0644970747315055
3FKY,12275,22.384774543778416,1.0645323909016495
3FKY,12276,22.385511051215904,1.0645499034652182
3FKY,12277,22.385904758628623,1.0645592648629638
3FKY,12278,22.387319869741805,1.0645929120587263
3FKY,12279,22.389665331869853,1.0646486779336699
3FKY,12280,22.390826304165909,1.064676280213098
3FKY,12281,22.391059440734857,1.0646818229814963
3FKY,12282,22.394145289486705,1.0647551856085344
3FKY,12283,22.395781477440153,1.0647940821094977
3FKY,12284,22.396389308598444,1.0648085314965299
3FKY,12285,22.397074837714403,1.0648248276873016
3FKY,12286,22.39764719461947,1.0648384333914751
3FKY,12287,22.399516251914331,1.0648828622215512
3FKY,12288,22.400037444123896,1.0648952510030141
3FKY,12289,22.402895017160169,1.0649631731866289
3FKY,12290,22.403374516191775,1.0649745700636277
3FKY,12291,22.404023808017367,1.0649900024323604
3FKY,12292,22.406575759442493,1.0650506550496912
3FKY,12293,22.407502731421136,1.0650726856783979
3FKY,12294,22.408245105298395,1.065090328777673
3FKY,12295,22.410214726551072,1.0651371369601419
3FKY,12296,22.410485903348363,1.065143581333996
3FKY,12297,22.412625312961858,1.0651944219102416
3FKY,12298,22.414385935796759,1.0652362592400386
3FKY,12299,22.415889113101404,1.0652719776426856
3FKY,12300,22.416227224359417,1.0652800116557128
3FKY,12301,22.418027668003102,1.0653227917831558
3FKY,12302,22.420152258099478,1.0653732717063471
3FKY,12303,22.42060585501072,1.0653840487870643
3FKY,12304,22.422044530019146,1.0654182297728059
3FKY,12305,22.423576038321627,1.0654546151479343
3FKY,12306,22.424335499767846,1.065472657873372
3FKY,12307,22.424769181975577,1.0654829608386582
3FKY,12308,22.426397811766655,1.0655216512209815
3FKY,12309,22.42653777414424,1.065524976157787
3FKY,12310,22.42802912404418,1.0655604039212121
3FKY,12311,22.428691756694672,1.0655761447135854
3FKY,12312,22.429965887064931,1.0656064109382328
3FKY,12313,22.430834236580512,1.0656270375825159
3FKY,12314,22.432399871544259,1.0656642264320071
3FKY,12315,22.433200289958524,1.0656832384339872
3FKY,12316,22.43454450619128,1.0657151662737721
3FKY,12317,22.435937317573625,1.06574824733713
3FKY,12318,22.436933161627692,1.0657718992858658
3FKY,12319,22.437690415813126,1.0657898842175879
3FKY,12320,22.440156152011198,1.0658484438209621
3FKY,12321,22.442289120218394,1.0658990978094767
3FKY,12322,22.443075855582556,1.065917780688955
3FKY,12323,22.444137299370318,1.0659429866463883
3FKY,12324,22.445954788622526,1.0659861449259158
3FKY,12325,22.447678802317554,1.0660270819108331
3FKY,12326,22.447953115362374,1.0660335953736262
3FKY,12327,22.448832718970205,1.0660544809707742
3FKY,12328,22.449809078218149,1.0660776634864806
3FKY,12329,22.450068528707618,1.0660838237520647
3FKY,12330,22.453252660356146,1.0661594233183562
3FKY,12331,22.454415206210793,1.0661870238445137
3FKY,12332,22.456454122328434,1.0662354289475082
3FKY,12333,22.457681853601475,1.0662645749712285
3FKY,12334,22.45888611707008,1.0662931631013455
3FKY,12335,22.459780057393793,1.066314383943854
3FKY,12336,22.460949618873762,1.0663421469938643
3FKY,12337,22.462197477216836,1.0663717678577684
3FKY,12338,22.464180763904043,1.066418844156761
3FKY,12339,22.466027771954895,1.0664626838081193
3FKY,12340,22.466599525551491,1.0664762542977899
3FKY,12341,22.467574449776819,1.0664993935863027
3FKY,12342,22.468196715646812,1.066514162460874
3FKY,12343,22.470151744950272,1.0665605618473371
3FKY,12344,22.472380522553181,1.06661345573467
3FKY,12345,22.473395053723301,1.0666375319642292
3FKY,12346,22.475507124767347,1.0666876525915854
3FKY,12347,22.475682927512906,1.06669182438291
3FKY,12348,22.476571100347964,1.066712900435312
3FKY,12349,22.477441089115306,1.0667335445819928
3FKY,12350,22.479529453536887,1.0667830981906796
3FKY,12351,22.481141539278457,1.0668213488799199
3FKY,12352,22.482397875148109,1.0668511575798065
3FKY,12353,22.483109477074311,1.0668680411732685
3FKY,12354,22.483501874534209,1.0668773511506815
3FKY,12355,22.485118388653493,1.0669157035237522
3FKY,12356,22.486455361053331,1.0669474226283715
3FKY,12357,22.487768494017303,1.0669785752345855
3FKY,12358,22.488385307596072,1.0669932081307039
3FKY,12359,22.489862124826089,1.0670282423953552
3FKY,12360,22.489992373618858,1.0670313322084102
3FKY,12361,22.490777892001631,1.067049966394537
3FKY,12362,22.491145100113805,1.0670586772494104
3FKY,12363,22.493796123706378,1.0671215623173564
3FKY,12364,22.496230253092108,1.0671792991633542
3FKY,12365,22.496524591657483,1.0671862805774164
3FKY,12366,22.497880606367094,1.0672184432895331
3FKY,12367,22.499260881730251,1.0672511804339193
3FKY,12368,22.501708078118867,1.0673092201675987
3FKY,12369,22.50328136042128,1.0673465317652591
3FKY,12370,22.504439197201123,1.0673739899202654
3FKY,12371,22.505198844083601,1.0673920045989347
3FKY,12372,22.505759699586847,1.0674053048357892
3FKY,12373,22.506195386061457,1.0674156366754992
3FKY,12374,22.508318467619421,1.0674659818576109
3FKY,12375,22.510134443700434,1.0675090426841052
3FKY,12376,22.510379811062254,1.0675148607560583
3FKY,12377,22.511551793982839,1.0675426500006364
3FKY,12378,22.511977088987219,1.067552734121354
3FKY,12379,22.51364092932122,1.0675921843320542
3FKY,12380,22.515498067231128,1.067636215971328
3FKY,12381,22.516721979813447,1.0676652332206269
3FKY,12382,22.517782743178078,1.0676903817930508
3FKY,12383,22.519382335060698,1.0677283037891465
3FKY,12384,22.520754205071722,1.0677608260428719
3FKY,12385,22.522137008710885,1.067793606492373
3FKY,12386,22.52434532523797,1.0678459542884322
3FKY,12387,22.524703169580931,1.0678544366907106
3FKY,12388,22.525561156679625,1.0678747742862484
3FKY,12389,22.527202787921222,1.0679136861837253
3FKY,12390,22.527664299058898,1.0679246252146528
3FKY,12391,22.530056563046543,1.0679813263836739
3FKY,12392,22.530568617904091,1.0679934626585477
3FKY,12393,22.533716744083314,1.0680680737524262
3FKY,12394,22.534979907609969,1.0680980094648407
3FKY,12395,22.536147879750803,1.0681256884900694
3FKY,12396,22.537114375154786,1.0681485923045591
3FKY,12397,22.538479650803463,1.0681809454965601
3FKY,12398,22.539519614308571,1.0682055890484619
3FKY,12399,22.540183082793185,1.0682213106685361
3FKY,12400,22.541969237100947,1.0682636344218761
3FKY,12401,22.542764107638572,1.0682824687081609
3FKY,12402,22.544383461525396,1.0683208379226361
3FKY,12403,22.545399849800649,1.0683449196753629
3FKY,12404,22.547086413694224,1.0683848790081552
3FKY,12405,22.548783523620816,1.0684250866969121
3FKY,12406,22.549193233304763,1.0684347932541574
3FKY,12407,22.550370701750861,1.0684626885278388
3FKY,12408,22.552069992846633,1.0685029449598447
3FKY,12409,22.552815411116335,1.0685206035391945
3FKY,12410,22.553608004907481,1.0685393793625209
3FKY,12411,22.5550829153003,1.0685743177650668
3FKY,12412,22.556093796905923,1.0685982633657807
3FKY,12413,22.557300051520045,1.0686268362287195
3FKY,12414,22.557461754384136,1.0686306664679324
3FKY,12415,22.559084942455254,1.0686691139973108
3FKY,12416,22.561612274778927,1.0687289747221618
3FKY,12417,22.563243759430428,1.0687676152097636
3FKY,12418,22.564380880278716,1.068794546236137
3FKY,12419,22.566543604025657,1.0688457652785077
3FKY,12420,22.566996385294335,1.0688564880307954
3FKY,12421,22.567646361340177,1.0688718805557784
3FKY,12422,22.569119055980831,1.0689067556195113
3FKY,12423,22.57072081887787,1.0689446858727969
3FKY,12424,22.571520362552242,1.0689636188169396
3FKY,12425,22.574153598234915,1.0690259706436709
3FKY,12426,22.574607966215186,1.0690367291583784
3FKY,12427,22.576014902350728,1.0690700418735462
3FKY,12428,22.577042248213097,1.0690943661884054
3FKY,12429,22.578635388810028,1.0691320856463469
3FKY,12430,22.579557002631475,1.0691539053186956
3FKY,12431,22.58142068616154,1.0691980276061717
3FKY,12432,22.583157344479375,1.0692391409615851
3FKY,12433,22.583608550961667,1.0692498224888487
3FKY,12434,22.585601117198653,1.0692969917465316
3FKY,12435,22.586365075580762,1.0693150760890244
3FKY,12436,22.587098075857273,1.0693324273069973
3FKY,12437,22.588960166344968,1.0693765045208419
3FKY,12438,22.589409155756641,1.0693871321977744
3FKY,12439,22.590682773236807,1.0694172784255513
3FKY,12440,22.591802876083236,1.0694437902955507
3FKY,12441,22.593049580341724,1.0694732979391304
3FKY,12442,22.59495308192972,1.0695183494324407
3FKY,12443,22.59646421126088,1.069554113027986
3FKY,12444,22.59749163207648,1.0695784281079495
3FKY,12445,22.598914482349766,1.0696121005621417
3FKY,12446,22.600413669038765,1.0696475784084623
3FKY,12447,22.601463200613399,1.0696724145882484
3FKY,12448,22.602553459754553,1.0696982139370312
3FKY,12449,22.603878989863247,1.0697295797825856
3FKY,12450,22.605224738586063,1.0697614231177528
3FKY,12451,22.606348055905983,1.0697880025174336
3FKY,12452,22.607341548730869,1.0698115095214205
3FKY,12453,22.607899436844377,1.0698247094689144
3FKY,12454,22.608880826089631,1.0698479292968639
3FKY,12455,22.610131324027378,1.0698775155497409
3FKY,12456,22.610596844856758,1.0698885293669027
3FKY,12457,22.611351703146358,1.0699063884152595
3FKY,12458,22.612640023074565,1.0699368678422807
3FKY,12459,22.614831541201635,1.0699887133859556
3FKY,12460,22.61622305853659,1.0700216317151794
3FKY,12461,22.617245542430972,1.0700458193860523
3FKY,12462,22.618490400547387,1.0700752667582367
3FKY,12463,22.619331314577963,1.0700951582922471
3FKY,12464,22.620404993104628,1.0701205552534359
3FKY,12465,22.620551216236915,1.0701240139918335
3FKY,12466,22.622931285147352,1.0701803101863652
3FKY,12467,22.624258903224003,1.0702117112869376
3FKY,12468,22.625192360303313,1.0702337890574916
3FKY,12469,22.625505568639554,1.0702411968394683
3FKY,12470,22.626561482011855,1.0702661701777041
3FKY,12471,22.628463691281123,1.0703111577345659
3FKY,12472,22.629817619412869,1.0703431772019554
3FKY,12473,22.630201068890049,1.0703522453438208
3FKY,12474,22.631140520682131,1.0703744619802609
3FKY,12475,22.632542549256332,1.0704076170114365
3FKY,12476,22.632976048476362,1.0704178681496848
3FKY,12477,22.634934489185859,1.0704641789966791
3FKY,12478,22.637007218500131,1.0705131902207319
3FKY,12479,22.637344319396206,1.0705211610096426
3FKY,12480,22.639025729614822,1.0705609172586819
3FKY,12481,22.640205591615455,1.0705888137261348
3FKY,12482,22.640347545932848,1.0705921700222034
3FKY,12483,22.64129474612896,1.0706145648751368
3FKY,12484,22.642935780203743,1.0706533630792061
3FKY,12485,22.644480779739549,1.0706898894985022
3FKY,12486,22.646551350455059,1.0707388393613018
3FKY,12487,22.647198935132419,1.0707541482950598
3FKY,12488,22.649723848359397,1.0708138352781937
3FKY,12489,22.651142884811382,1.0708473787349793
3FKY,12490,22.652763025038677,1.0708856746369255
3FKY,12491,22.653929740292195,1.0709132519033893
3FKY,12492,22.654220899663969,1.0709201338314116
3FKY,12493,22.655279149030115,1.0709451465503028
3FKY,12494,22.657038715425031,1.070986734263498
3FKY,12495,22.657808959115911,1.0710049386231808
3FKY,12496,22.658750106154628,1.071027181785821
3FKY,12497,22.659372175071354,1.0710418835708468
3FKY,12498,22.660309676701115,1.0710640398141438
3FKY,12499,22.660710940233283,1.0710735228495336
3FKY,12500,22.663360763712248,1.0711361438505065
3FKY,12501,22.663878915341158,1.071148388454721
3FKY,12502,22.665706124331223,1.0711915666883622
3FKY,12503,22.666516010587756,1.0712107043135841
3FKY,12504,22.668539700097501,1.0712585226346794
3FKY,12505,22.670541158041726,1.0713058135405886
3FKY,12506,22.671694102192941,1.0713330546209792
3FKY,12507,22.671980138551348,1.0713398128111185
3FKY,12508,22.672684543196908,1.0713564556203241
3FKY,12509,22.674049480845234,1.0713887039575272
3FKY,12510,22.674825099262748,1.0714070284677886
3FKY,12511,22.675759300779273,1.0714290991950661
3FKY,12512,22.677917465543587,1.0714800845994032
3FKY,12513,22.678736094427514,1.0714994236024549
3FKY,12514,22.679165855233599,1.0715095759820352
3FKY,12515,22.679546249350601,1.0715185620759793
3FKY,12516,22.68069379590052,1.0715456702434403
3FKY,12517,22.683366939074858,1.0716088144890676
3FKY,12518,22.684231151224711,1.0716292278725654
3FKY,12519,22.685805382247896,1.0716664114715453
3FKY,12520,22.687389786736158,1.0717038340668181
3FKY,12521,22.688709162843821,1.0717349958683671
3FKY,12522,22.68929257501593,1.0717487749515655
3FKY,12523,22.689750017597738,1.0717595787493039
3FKY,12524,22.690975620977312,1.0717885242957104
3FKY,12525,22.691771365942827,1.0718073172920848
3FKY,12526,22.693335322682511,1.0718442520771392
3FKY,12527,22.696021287046634,1.0719076814990813
3FKY,12528,22.697212742605341,1.0719358166860531
3FKY,12529,22.698853542920208,1.0719745615500096
3FKY,12530,22.700056251189348,1.0720029606845594
3FKY,12531,22.700486574279715,1.0720131215721711
3FKY,12532,22.702136684890995,1.0720520834701113
3FKY,12533,22.702850052153082,1.0720689268373793
3FKY,12534,22.705417142739417,1.072129536413946
3FKY,12535,22.706609531035209,1.0721576878000072
3FKY,12536,22.707460344916583,1.0721777744205492
3FKY,12537,22.708127469047696,1.0721935240993294
3FKY,12538,22.709326083618883,1.0722218207923238
3FKY,12539,22.710189387269754,1.0722422010583856
3FKY,12540,22.711389566619815,1.0722705334056926
3FKY,12541,22.711990000898048,1.0722847074333681
3FKY,12542,22.715674294096686,1.0723716758375543
3FKY,12543,22.716774314399775,1.0723976406475766
3FKY,12544,22.718281661987518,1.0724332189642944
3FKY,12545,22.719353125095054,1.0724585082687055
3FKY,12546,22.720096535985576,1.0724760543407343
3FKY,12547,22.721441680688137,1.0725078018759757
3FKY,12548,22.72347774254165,1.0725558543573248
3FKY,12549,22.725372164102197,1.0726005620955426
3FKY,12550,22.725664474880244,1.0726074603697349
3FKY,12551,22.726504546386142,1.072627285062616
3FKY,12552,22.727857494820139,1.0726592122735299
3FKY,12553,22.729024665092165,1.072686754682042
3FKY,12554,22.730496058636422,1.0727214750197129
3FKY,12555,22.731443124787184,1.0727438222578358
3FKY,12556,22.73282959538459,1.072776536966737
3FKY,12557,22.733792270156613,1.0727992513404727
3FKY,12558,22.734206239097876,1.0728090188166439
3FKY,12559,22.734987907934784,1.0728274618218898
3FKY,12560,22.73662938350131,1.0728661904169383
3FKY,12561,22.737290520095435,1.0728817887259674
3FKY,12562,22.738822770990712,1.0729179385122634
3FKY,12563,22.740375578313561,1.0729545720356122
3FKY,12564,22.740809007018925,1.0729647971766516
3FKY,12565,22.741898477894029,1.0729904987665944
3FKY,12566,22.743038430235689,1.0730173906003022
3FKY,12567,22.743868250745095,1.0730369659028391
3FKY,12568,22.745567096004152,1.0730770402143597
3FKY,12569,22.747720387695995,1.073127832379307
3FKY,12570,22.748642486489313,1.0731495822477506
3FKY,12571,22.749084052284203,1.07315999745932
3FKY,12572,22.750979048715163,1.0732046935888815
3FKY,12573,22.752624205367439,1.0732434953898984
3FKY,12574,22.752716798132706,1.0732456791925455
3FKY,12575,22.753981838637934,1.0732755147589297
3FKY,12576,22.756125299422134,1.0733260656870518
3FKY,12577,22.75627840679136,1.0733296764479274
3FKY,12578,22.757291445387853,1.0733535668281724
3FKY,12579,22.759121726038988,1.0733967287917008
3FKY,12580,22.761616366264406,1.0734555549915121
3FKY,12581,22.762140717519909,1.0734679193270964
3FKY,12582,22.763837892878644,1.0735079381760442
3FKY,12583,22.76428300501092,1.0735184335299874
3FKY,12584,22.766039971271514,1.073559860252618
3FKY,12585,22.766826316768601,1.0735784006240114
3FKY,12586,22.767424305435831,1.0735924997235631
3FKY,12587,22.768956670873845,1.0736286282802767
3FKY,12588,22.770519400361486,1.0736654714776388
3FKY,12589,22.771785484311554,1.0736953199782853
3FKY,12590,22.773525493198004,1.0737363401194677
3FKY,12591,22.774683678585525,1.0737636430930189
3FKY,12592,22.77574800289484,1.0737887327805928
3FKY,12593,22.777431053762314,1.0738284067283363
3FKY,12594,22.77753125406424,1.0738307686674853
3FKY,12595,22.778878851434815,1.0738625339650729
3FKY,12596,22.779994873202689,1.0738888398972615
3FKY,12597,22.780795468311926,1.0739077104589998
3FKY,12598,22.782494265296112,1.073947751140909
3FKY,12599,22.783028621572569,1.0739603456213416
3FKY,12600,22.78444001121505,1.0739936105805108
3FKY,12601,22.785871167333088,1.0740273403625429
3FKY,12602,22.786795379814386,1.0740491218296784
3FKY,12603,22.788476581887604,1.0740887425897638
3FKY,12604,22.789633360209049,1.0741160034468267
3FKY,12605,22.790341355615784,1.0741326878593953
3FKY,12606,22.791280861739939,1.0741548275856625
3FKY,12607,22.792370947834986,1.0741805151994455
3FKY,12608,22.794769810180238,1.0742370416441498
3FKY,12609,22.796024948916294,1.0742666163662016
3FKY,12610,22.798260595750573,1.0743192926964835
3FKY,12611,22.798556594488186,1.0743262668277103
3FKY,12612,22.800062781470682,1.0743617539320511
3FKY,12613,22.800985597893458,1.0743834957282974
3FKY,12614,22.802730058385496,1.0744245944717412
3FKY,12615,22.805319434199891,1.0744855961604929
3FKY,12616,22.806931958091873,1.0745235829791737
3FKY,12617,22.807748089597311,1.0745428083775275
3FKY,12618,22.809202413338234,1.0745770666523868
3FKY,12619,22.811081518259954,1.0746213295211995
3FKY,12620,22.811938573464431,1.0746415171030927
3FKY,12621,22.812707258068851,1.0746596228293568
3FKY,12622,22.813623932276311,1.0746812139288042
3FKY,12623,22.8145950301898,1.0747040864365216
3FKY,12624,22.815900195180603,1.0747348265414209
3FKY,12625,22.817404002427462,1.0747702441093587
3FKY,12626,22.817982648977878,1.074783872043354
3FKY,12627,22.819473809041046,1.0748189901479703
3FKY,12628,22.820772586106362,1.0748495765322861
3FKY,12629,22.82301861273767,1.0749024687244162
3FKY,12630,22.823715986535248,1.0749188908091378
3FKY,12631,22.824849442145567,1.0749455814173197
3FKY,12632,22.825393113837546,1.0749583835609757
3FKY,12633,22.827723288033841,1.075013251758653
3FKY,12634,22.828231089164049,1.0750252084899825
3FKY,12635,22.828535138447915,1.0750323675982625
3FKY,12636,22.829707375616216,1.0750599685089997
3FKY,12637,22.831316398538366,1.075097852605057
3FKY,12638,22.832589530305317,1.075127827270649
3FKY,12639,22.833996542098749,1.0751609530408688
3FKY,12640,22.834921506557869,1.0751827292462859
3FKY,12641,22.835902150030666,1.0752058158070492
3FKY,12642,22.837126907546185,1.0752346486672226
3FKY,12643,22.839163022967572,1.0752825805516117
3FKY,12644,22.839755305560384,1.0752965229851692
3FKY,12645,22.840895309171518,1.0753233583563635
3FKY,12646,22.842723435049638,1.0753663905383077
3FKY,12647,22.843385986997561,1.0753819858969889
3FKY,12648,22.844529865421407,1.0754089103392062
3FKY,12649,22.845625677570091,1.075434702772319
3FKY,12650,22.847858064170104,1.0754872451584963
3FKY,12651,22.848230522559408,1.0754960112453091
3FKY,12652,22.850597922497936,1.0755517281035154
3FKY,12653,22.85189180739988,1.0755821785199022
3FKY,12654,22.853319281835685,1.0756157718455654
3FKY,12655,22.855231518395559,1.0756607716277355
3FKY,12656,22.856696894940196,1.0756952543849712
3FKY,12657,22.857797952271582,1.0757211633754116
3FKY,12658,22.858088411705396,1.0757279980750645
3FKY,12659,22.859381367581957,1.0757584216420695
3FKY,12660,22.861328818485671,1.0758042440127464
3FKY,12661,22.863437567420313,1.0758538594301057
3FKY,12662,22.863789499775077,1.0758621396006616
3FKY,12663,22.865389754640976,1.0758997891665838
3FKY,12664,22.86638897123019,1.0759232972979664
3FKY,12665,22.868111500157013,1.0759638212762772
3FKY,12666,22.868910475324476,1.0759826173378924
3FKY,12667,22.869491907637659,1.0759962954509446
3FKY,12668,22.872287406968894,1.0760620567503532
3FKY,12669,22.872958796218938,1.0760778499061228
3FKY,12670,22.874428272091016,1.0761124157236583
3FKY,12671,22.875159145382156,1.0761296073126934
3FKY,12672,22.876631428784275,1.0761642375038321
3FKY,12673,22.877465275011499,1.0761838502539689
3FKY,12674,22.879813943098284,1.0762390909409258
3FKY,12675,22.880556550691058,1.0762565564858293
3FKY,12676,22.883385455334025,1.0763230874957042
3FKY,12677,22.884997407057728,1.0763609960103058
3FKY,12678,22.885927897851925,1.076382877896501
3FKY,12679,22.886467600595115,1.0763955696119005
3FKY,12680,22.888044403559942,1.0764326490450864
3FKY,12681,22.889900502500822,1.0764762946480078
3FKY,12682,22.891081470054377,1.0765040638202454
3FKY,12683,22.892444706018289,1.0765361179459683
3FKY,12684,22.892883667424627,1.0765464391578152
3FKY,12685,22.895040686555731,1.0765971552799516
3FKY,12686,22.897971258101339,1.0766660554421601
3FKY,12687,22.900784920712951,1.0767322028299764
3FKY,12688,22.901732996793907,1.0767544905700146
3FKY,12689,22.902236202265861,1.0767663199319104
3FKY,12690,22.903117124971626,1.0767870283634033
3FKY,12691,22.904623450009893,1.076822437617619
3FKY,12692,22.905413894877508,1.0768410181768586
3FKY,12693,22.908186615319153,1.076906192479425
3FKY,12694,22.909653637066494,1.0769406740282825
3FKY,12695,22.910927294689074,1.0769706097631608
3FKY,12696,22.911612622148358,1.0769867171865495
3FKY,12697,22.913422730412208,1.0770292594572897
3FKY,12698,22.914285450081081,1.0770495350309357
3FKY,12699,22.915601266833498,1.0770804585236173
3FKY,12700,22.91648478620937,1.0771012219387039
3FKY,12701,22.917491733052515,1.0771248855103959
3FKY,12702,22.918895646802582,1.0771578770632375
3FKY,12703,22.920010340341971,1.0771840713080623
3FKY,12704,22.920589733365812,1.0771976862450292
3FKY,12705,22.922802671629398,1.0772496856584541
3FKY,12706,22.923820507895041,1.0772736018357578
3FKY,12707,22.925505341470878,1.0773131893335213
3FKY,12708,22.928018777830697,1.0773722432974031
3FKY,12709,22.928524818338641,1.077384132484043
3FKY,12710,22.928837540691383,1.0773914796848458
3FKY,12711,22.930118152100221,1.0774215662636764
3FKY,12712,22.93179544787683,1.0774609712415408
3FKY,12713,22.93417048216363,1.0775167658368634
3FKY,12714,22.935153909449237,1.0775398677848853
3FKY,12715,22.936057050515419,1.0775610832720079
3FKY,12716,22.937824304747149,1.0776025962421512
3FKY,12717,22.939698303410182,1.0776466149021862
3FKY,12718,22.940872803334248,1.0776742020057808
3FKY,12719,22.941747764001992,1.0776947529577199
3FKY,12720,22.943848355704581,1.0777440897576496
3FKY,12721,22.946071055208819,1.0777962920561319
3FKY,12722,22.94886909657092,1.0778620032332076
3FKY,12723,22.949085180122697,1.0778670777251302
3FKY,12724,22.950838487590211,1.077908251399095
3FKY,12725,22.952348435527366,1.0779437088960504
3FKY,12726,22.952897197370575,1.0779565949595955
3FKY,12727,22.953219366755359,1.0779641600916006
3FKY,12728,22.95514720281794,1.0780094281325459
3FKY,12729,22.957047639937986,1.0780540509509997
3FKY,12730,22.958672964940952,1.0780922125913608
3FKY,12731,22.960122210103588,1.0781262388451984
3FKY,12732,22.962613723697309,1.0781847335972516
3FKY,12733,22.963603877533238,1.0782079791487913
3FKY,12734,22.965176008358071,1.0782448865740693
3FKY,12735,22.966543494246885,1.0782769887168364
3FKY,12736,22.967444521469769,1.0782981400797311
3FKY,12737,22.968678760593587,1.0783271128257188
3FKY,12738,22.969736568667358,1.0783519433787772
3FKY,12739,22.971547430834626,1.0783944494877573
3FKY,12740,22.973283292821346,1.0784351935554963
3FKY,12741,22.973792709281657,1.0784471502616084
3FKY,12742,22.976889795275767,1.0785198402838196
3FKY,12743,22.977924037774716,1.0785441133362812
3FKY,12744,22.978946893274394,1.078568118605411
3FKY,12745,22.979474438234814,1.0785804992839605
3FKY,12746,22.981336510168575,1.0786241981465483
3FKY,12747,22.981796324331665,1.0786349887331166
3FKY,12748,22.983491881997832,1.0786747779224932
3FKY,12749,22.98529239962852,1.0787170285719947
3FKY,12750,22.985958566704181,1.0787326603192282
3FKY,12751,22.98686223356572,1.078753864685668
3FKY,12752,22.989649469080657,1.0788192639975467
3FKY,12753,22.991017782236366,1.0788513684589347
3FKY,12754,22.992068286331797,1.0788760155808206
3FKY,12755,22.992901301900574,1.0788955595462966
3FKY,12756,22.993487006051392,1.0789093009522865
3FKY,12757,22.995868886922828,1.0789651812734591
3FKY,12758,22.997813719339398,1.0790108060355823
3FKY,12759,22.998933873103681,1.0790370833877183
3FKY,12760,22.99995478716404,1.079061032147941
3FKY,12761,23.000111809814712,1.0790647155624493
3FKY,12762,23.00050115891057,1.0790738488026888
3FKY,12763,23.00417580144952,1.0791600437138054
3FKY,12764,23.004250556046763,1.0791617971369574
3FKY,12765,23.005170048759517,1.0791833642706186
3FKY,12766,23.008154633037972,1.0792533661275037
3FKY,12767,23.008815136853613,1.0792688572840476
3FKY,12768,23.010552826869013,1.0793096112146152
3FKY,12769,23.011544733730265,1.0793328736516343
3FKY,12770,23.0128337360104,1.0793631028924078
3FKY,12771,23.014609058957049,1.0794047357732413
3FKY,12772,23.016539517602247,1.0794500049000018
3FKY,12773,23.017938881578683,1.0794828187052914
3FKY,12774,23.018643558311336,1.0794993423525145
3FKY,12775,23.019832686085064,1.0795272251004402
3FKY,12776,23.021704023124283,1.0795711028786696
3FKY,12777,23.022578347039889,1.0795916027919512
3FKY,12778,23.024010059138661,1.0796251707161588
3FKY,12779,23.026127926164691,1.0796748243161398
3FKY,12780,23.026943180074852,1.0796939374152701
3FKY,12781,23.027791503383781,1.0797138254458003
3FKY,12782,23.030418553978905,1.0797754115070328
3FKY,12783,23.031375427194455,1.0797978426546886
3FKY,12784,23.031508744789818,1.0798009678662936
3FKY,12785,23.033807525154945,1.0798548541174269
3FKY,12786,23.03470060405111,1.0798757882645984
3FKY,12787,23.036588776945663,1.0799200465001446
3FKY,12788,23.037867447392202,1.0799500171416407
3FKY,12789,23.039250407702298,1.0799824312876247
3FKY,12790,23.041557115841044,1.0800364942859353
3FKY,12791,23.042574741941223,1.0800603438284244
3FKY,12792,23.04303656464641,1.0800711671391032
3FKY,12793,23.045782819172747,1.0801355263209429
3FKY,12794,23.046950042236244,1.0801628793326541
3FKY,12795,23.049020284838932,1.0802113922376355
3FKY,12796,23.049362578856201,1.080219413153918
3FKY,12797,23.051104336267393,1.080260226530412
3FKY,12798,23.051902745451116,1.0802789345759098
3FKY,12799,23.05345128996283,1.0803152186072214
3FKY,12800,23.055037304006174,1.0803523793259828
3FKY,12801,23.055460083473811,1.0803622849423529
3FKY,12802,23.057813875207238,1.0804174320291053
3FKY,12803,23.060398303437303,1.08047797946627
3FKY,12804,23.062234254407741,1.0805209896755323
3FKY,12805,23.063699474985555,1.0805553136795654
3FKY,12806,23.064522885333236,1.0805746022695495
3FKY,12807,23.065979257313497,1.0806087172984937
3FKY,12808,23.066640532100212,1.0806242070847631
3FKY,12809,23.066981425879675,1.080632192138083
3FKY,12810,23.069007186793154,1.0806796420916809
3FKY,12811,23.070008313445268,1.0807030909866813
3FKY,12812,23.07113735163853,1.0807295352800814
3FKY,12813,23.072633728254303,1.0807645823642049
3FKY,12814,23.073772743195441,1.0807912588119268
3FKY,12815,23.074588562055293,1.0808103653990599
3FKY,12816,23.075659910002354,1.0808354559986775
3FKY,12817,23.076882437577698,1.0808640864615546
3FKY,12818,23.077668718198641,1.0808825000243116
3FKY,12819,23.079783260025586,1.080932018000575
3FKY,12820,23.081479680048606,1.0809717428325591
3FKY,12821,23.081579969854744,1.0809740912593124
3FKY,12822,23.083417595938204,1.0810171209533972
3FKY,12823,23.084520782501819,1.0810429522522012
3FKY,12824,23.085404829993415,1.081063651927312
3FKY,12825,23.087822138728633,1.0811202503760335
3FKY,12826,23.088684274546978,1.0811404355581844
3FKY,12827,23.089374452821595,1.081156594427511
3FKY,12828,23.091499953356539,1.0812063564087455
3FKY,12829,23.093309493711548,1.081248719360697
3FKY,12830,23.09473471575399,1.0812820839101358
3FKY,12831,23.096045940071814,1.0813127788554686
3FKY,12832,23.096814269146009,1.0813307645561172
3FKY,12833,23.099056731195688,1.081383256304989
3FKY,12834,23.099501910939882,1.0813936768084653
3FKY,12835,23.100285890159135,1.0814120274850407
3FKY,12836,23.102255083129695,1.0814581191999257
3FKY,12837,23.103136254681704,1.0814787436160092
3FKY,12838,23.104674615461722,1.0815147490477186
3FKY,12839,23.106586107718222,1.081559485975337
3FKY,12840,23.107847007359211,1.0815889952969937
3FKY,12841,23.109266868165012,1.0816222238845012
3FKY,12842,23.110607231563424,1.0816535910807574
3FKY,12843,23.111508642770243,1.0816746854023365
3FKY,12844,23.112957385301296,1.081708587204002
3FKY,12845,23.115152513494735,1.0817599530374893
3FKY,12846,23.117166451915999,1.0818070768987635
3FKY,12847,23.117710816081164,1.0818198140467334
3FKY,12848,23.118839725961084,1.0818462280411112
3FKY,12849,23.119219205895249,1.0818551068874458
3FKY,12850,23.120922998812848,1.0818949703251701
3FKY,12851,23.12229821688139,1.081927145065517
3FKY,12852,23.123683295691652,1.0819595495416592
3FKY,12853,23.124474503165242,1.0819780597233664
3FKY,12854,23.125637486861937,1.0820052669799651
3FKY,12855,23.126779268414055,1.0820319775604885
3FKY,12856,23.129755782407273,1.0821016063588338
3FKY,12857,23.130736941176131,1.0821245573625256
3FKY,12858,23.132138368062833,1.0821573383215497
3FKY,12859,23.133703412205449,1.0821939452995017
3FKY,12860,23.135775139752365,1.0822424018906134
3FKY,12861,23.136712776646977,1.0822643319992364
3FKY,12862,23.137374991056017,1.0822798200660544
3FKY,12863,23.137824303933648,1.0822903286025618
3FKY,12864,23.139983461681844,1.0823408255940656
3FKY,12865,23.140594607280935,1.0823551182461315
3FKY,12866,23.141681516709212,1.082380536957037
3FKY,12867,23.143034174038934,1.0824121696750832
3FKY,12868,23.144341008948096,1.0824427299298551
3FKY,12869,23.145285849741072,1.0824648244368691
3FKY,12870,23.146369704926197,1.0824901691525373
3FKY,12871,23.148549766861407,1.0825411456140404
3FKY,12872,23.150664551529712,1.0825905934013984
3FKY,12873,23.15130280442477,1.0826055165543929
3FKY,12874,23.152636481551077,1.0826366989339145
3FKY,12875,23.153843759753279,1.082664925236571
3FKY,12876,23.155116653843713,1.0826946848492598
3FKY,12877,23.157812491843984,1.0827577094620948
3FKY,12878,23.15851277481023,1.0827740804178718
3FKY,12879,23.15940171857379,1.0827948614593617
3FKY,12880,23.160017784327874,1.0828092631352941
3FKY,12881,23.16215839500893,1.0828593023783502
3FKY,12882,23.163299851886705,1.0828859843038716
3FKY,12883,23.165703082012968,1.0829421584401018
3FKY,12884,23.165930659909431,1.0829474777928592
3FKY,12885,23.166857968468538,1.0829691522170519
3FKY,12886,23.169209961506976,1.083024124524145
3FKY,12887,23.170195427913264,1.0830471566548288
3FKY,12888,23.171240631056801,1.0830715844057819
3FKY,12889,23.17315552017994,1.0831163364150269
3FKY,12890,23.174115160324398,1.0831387630361231
3FKY,12891,23.17556079521254,1.0831725463921411
3FKY,12892,23.175830034159905,1.0831788381792478
3FKY,12893,23.17761703506023,1.0832205972930558
3FKY,12894,23.177901602020992,1.0832272469811275
3FKY,12895,23.178537502452865,1.0832421063925075
3FKY,12896,23.18088280118112,1.0832969084280608
3FKY,12897,23.182269168893662,1.0833293020477393
3FKY,12898,23.182835841903202,1.0833425425489158
3FKY,12899,23.184028938534365,1.0833704191149498
3FKY,12900,23.186241799152455,1.0834221204507932
3FKY,12901,23.18803835340626,1.0834640933788215
3FKY,12902,23.191177142271581,1.0835374210554516
3FKY,12903,23.19180657603901,1.0835521251476437
3FKY,12904,23.193371437297678,1.083588680733236
3FKY,12905,23.193994702238513,1.0836032400287592
3FKY,12906,23.196376911377804,1.0836588859685052
3FKY,12907,23.196947846060041,1.0836722219872528
3FKY,12908,23.197423411303898,1.083683330220254
3FKY,12909,23.200206162583818,1.083748327325494
3FKY,12910,23.201329924744325,1.0837745740882565
3FKY,12911,23.201852284271176,1.0837867741817246
3FKY,12912,23.202371201990648,1.0837988937532537
3FKY,12913,23.204376285590776,1.0838457221662283
3FKY,12914,23.20503666220511,1.0838611447155644
3FKY,12915,23.207354415758946,1.0839152721951086
3FKY,12916,23.209057012200063,1.0839550319282754
3FKY,12917,23.210432792862321,1.0839871586594811
3FKY,12918,23.210639479279163,1.0839919850434816
3FKY,12919,23.212081374844079,1.0840256544941553
3FKY,12920,23.214731134908469,1.084087525850538
3FKY,12921,23.217172714285347,1.0841445331046482
3FKY,12922,23.217720510287034,1.0841573229164121
3FKY,12923,23.219186141261471,1.0841915413806558
3FKY,12924,23.221095559618327,1.0842361194433978
3FKY,12925,23.221827397580171,1.0842532047462421
3FKY,12926,23.223212158052263,1.0842855322752378
3FKY,12927,23.224664155894267,1.0843194284398614
3FKY,12928,23.226347878376352,1.0843587327738007
3FKY,12929,23.228613737922728,1.0844116240996027
3FKY,12930,23.228999324692996,1.0844206244869115
3FKY,12931,23.229435271162608,1.0844308002830827
3FKY,12932,23.231207027199993,1.0844721553603853
3FKY,12933,23.232647304199677,1.0845057721262292
3FKY,12934,23.23430622071583,1.0845444907534862
3FKY,12935,23.234700867287138,1.084553701485736
3FKY,12936,23.237093641007981,1.084609545217093
3FKY,12937,23.239040305237022,1.0846549753044166
3FKY,12938,23.23995502959259,1.0846763219380817
3FKY,12939,23.242707285434648,1.0847405479307617
3FKY,12940,23.244142470606882,1.0847740375647241
3FKY,12941,23.244772262654255,1.0847887332549466
3FKY,12942,23.245388644346153,1.0848031158325571
3FKY,12943,23.246477899003992,1.0848285319058848
3FKY,12944,23.247650783111769,1.0848558986773467
3FKY,12945,23.248111158662869,1.084866640379041
3FKY,12946,23.248944079479237,1.0848860742140791
3FKY,12947,23.250962618705955,1.084933169633959
3FKY,12948,23.252229357998065,1.084962723437378
3FKY,12949,23.255837741152973,1.0850469048137361
3FKY,12950,23.255941114267941,1.0850493163491761
3FKY,12951,23.257447268440743,1.0850844519966234
3FKY,12952,23.258523722375354,1.0851095628761422
3FKY,12953,23.262233570936509,1.085196099573096
3FKY,12954,23.263346675933217,1.0852220627452793
3FKY,12955,23.264326700537772,1.0852449213033548
3FKY,12956,23.265500660150746,1.085272302659628
3FKY,12957,23.265577533845757,1.0852740956325002
3FKY,12958,23.266684849145321,1.0852999219054527
3FKY,12959,23.26799156844724,1.0853303981519367
3FKY,12960,23.269720311476835,1.0853707158240979
3FKY,12961,23.270924251686541,1.0853987931823175
3FKY,12962,23.274421822892485,1.0854803567010929
3FKY,12963,23.275121103212257,1.0854966632146414
3FKY,12964,23.276913288576512,1.0855384540559518
3FKY,12965,23.277226106179437,1.0855457482876225
3FKY,12966,23.277888018900306,1.0855611825027773
3FKY,12967,23.280127034889333,1.0856133893524309
3FKY,12968,23.281302718445875,1.0856408016104233
3FKY,12969,23.282857601925404,1.0856770542373426
3FKY,12970,23.283416251784445,1.0856900790495361
3FKY,12971,23.285675898176674,1.0857427606690242
3FKY,12972,23.286969311314799,1.0857729142805652
3FKY,12973,23.28727852987921,1.085780123033727
3FKY,12974,23.288727448231718,1.0858139007522103
3FKY,12975,23.290460916044509,1.0858543106120422
3FKY,12976,23.292895460072817,1.0859110611215756
3FKY,12977,23.293078739093502,1.085915333332488
3FKY,12978,23.29530470672842,1.0859672190163598
3FKY,12979,23.29559750296853,1.0859740436989191
3FKY,12980,23.29690009615096,1.0860044048564639
3FKY,12981,23.298582313251487,1.0860436131244255
3FKY,12982,23.299555739101123,1.0860663005967888
3FKY,12983,23.300301487830094,1.0860836813162227
3FKY,12984,23.30086286321956,1.0860967647730519
3FKY,12985,23.303873205274574,1.0861669213417546
3FKY,12986,23.304338176382355,1.0861777571739153
3FKY,12987,23.305817086319255,1.0862122214350711
3FKY,12988,23.308706002849828,1.0862795410916442
3FKY,12989,23.310639598942561,1.0863245968385635
3FKY,12990,23.311496648137872,1.0863445667982052
3FKY,12991,23.313163805563018,1.0863834119023668
3FKY,12992,23.31495826386605,1.0864252215906161
3FKY,12993,23.31561541362581,1.0864405323416495
3FKY,12994,23.316607113206135,1.0864636372682064
3FKY,12995,23.319285689191201,1.0865260411123632
3FKY,12996,23.320485648429276,1.0865539958749091
3FKY,12997,23.321093135757771,1.0865681478847691
3FKY,12998,23.322135462772923,1.0865924294798299
3FKY,12999,23.323104153474439,1.0866149951890243
3FKY,13000,23.325102791624612,1.0866615521062646
3FKY,13001,23.326091689066708,1.0866845870624107
3FKY,13002,23.326263063279217,1.0866885789307397
3FKY,13003,23.327969614347985,1.0867283293106731
3FKY,13004,23.33000164593512,1.0867756591520927
3FKY,13005,23.330568420465241,1.0867888600303433
3FKY,13006,23.332451833612367,1.0868327258951243
3FKY,13007,23.333607238148481,1.0868596351099191
3FKY,13008,23.333826519751849,1.0868647420734732
3FKY,13009,23.33543883024085,1.0869022912759652
3FKY,13010,23.337766809701826,1.0869565054504964
3FKY,13011,23.338388573644497,1.0869709846820901
3FKY,13012,23.339121653613017,1.0869880559206524
3FKY,13013,23.340898665191283,1.087029436089616
3FKY,13014,23.343170165962086,1.0870823288287925
3FKY,13015,23.343963042487317,1.0871007906472705
3FKY,13016,23.346000269268259,1.087148225235044
3FKY,13017,23.346801954234881,1.0871668910214021
3FKY,13018,23.347928537256205,1.0871931209304975
3FKY,13019,23.349149913915568,1.0872215571777335
3FKY,13020,23.349756880987542,1.0872356883859149
3FKY,13021,23.352191713193374,1.0872923735042082
3FKY,13022,23.352796888165468,1.0873064620719297
3FKY,13023,23.354662072481428,1.0873498827053656
3FKY,13024,23.355224468862307,1.0873629746943541
3FKY,13025,23.356360817824701,1.0873894272073714
3FKY,13026,23.358484756488224,1.0874388676138151
3FKY,13027,23.359153287292685,1.0874544290080355
3FKY,13028,23.359940749572218,1.0874727584850545
3FKY,13029,23.362539335339505,1.0875332426420641
3FKY,13030,23.364632969682177,1.0875819712050032
3FKY,13031,23.365258351563547,1.0875965263129082
3FKY,13032,23.368022372475263,1.0876608536701871
3FKY,13033,23.368738550999865,1.0876775207497709
3FKY,13034,23.370769308938904,1.0877247796501797
3FKY,13035,23.371475203412405,1.0877412064331999
3FKY,13036,23.373896653904843,1.0877975538232898
3FKY,13037,23.374803678643861,1.0878186596263855
3FKY,13038,23.375953809904296,1.0878454217518245
3FKY,13039,23.375969570549206,1.0878457884778767
3FKY,13040,23.377561985635502,1.0878828408991463
3FKY,13041,23.380092166085728,1.0879417107125224
3FKY,13042,23.381204691628842,1.0879675948821776
3FKY,13043,23.382412981145904,1.0879957064117998
3FKY,13044,23.383432027287583,1.0880194145241315
3FKY,13045,23.3850568833404,1.0880572157378066
3FKY,13046,23.385799249636349,1.0880744859672249
3FKY,13047,23.386595605274223,1.088093011886855
3FKY,13048,23.387549079473477,1.0881151924995556
3FKY,13049,23.388083536486359,1.0881276253430119
3FKY,13050,23.39125725713782,1.0882014513143246
3FKY,13051,23.391657776337166,1.0882107676948749
3FKY,13052,23.393346396072335,1.0882500453945141
3FKY,13053,23.396294701832023,1.0883186202947399
3FKY,13054,23.397531014505169,1.0883473745129928
3FKY,13055,23.398878535453775,1.0883787143533024
3FKY,13056,23.399820647894114,1.0884006249077769
3FKY,13057,23.400461561696329,1.0884155302828404
3FKY,13058,23.402087251891047,1.0884533371380622
3FKY,13059,23.403173947841054,1.088478608475818
3FKY,13060,23.404322981303089,1.0885053288470705
3FKY,13061,23.405787043900236,1.0885393741603699
3FKY,13062,23.406311701233079,1.088551574283426
3FKY,13063,23.407260861800626,1.0885736452480637
3FKY,13064,23.408429831445815,1.0886008268492837
3FKY,13065,23.410582578543416,1.0886508820732017
3FKY,13066,23.411449168407248,1.088671031189228
3FKY,13067,23.415177665789408,1.0887577183793413
3FKY,13068,23.416613955012913,1.088791110118249
3FKY,13069,23.417542701188975,1.088812701637748
3FKY,13070,23.418646565569279,1.0888383637537506
3FKY,13071,23.420130677155765,1.0888728647234307
3FKY,13072,23.420562052945236,1.0888828926612597
3FKY,13073,23.422817585165749,1.088935324180925
3FKY,13074,23.425742223507477,1.0890033058099806
3FKY,13075,23.425935066131338,1.0890077881828482
3FKY,13076,23.427589526380913,1.0890462431747487
3FKY,13077,23.428682478545753,1.0890716461630883
3FKY,13078,23.429768068285206,1.0890968774433882
3FKY,13079,23.431617123552961,1.0891398518463407
3FKY,13080,23.432708615076475,1.0891652187057053
3FKY,13081,23.432898723221079,1.0891696368624435
3FKY,13082,23.433816658258323,1.0891909696303619
3FKY,13083,23.43512576801573,1.0892213925579117
3FKY,13084,23.437733650515035,1.0892819956546256
3FKY,13085,23.437962061393886,1.0892873034044166
3FKY,13086,23.440833568799007,1.0893540285051733
3FKY,13087,23.443489206829138,1.0894157338205306
3FKY,13088,23.443844215063766,1.089423982381333
3FKY,13089,23.445917523418363,1.089472154129262
3FKY,13090,23.447708061099053,1.0895137542009921
3FKY,13091,23.448162337717434,1.0895243082863939
3FKY,13092,23.450061763479859,1.0895684360223399
3FKY,13093,23.451213726348087,1.0895951977208655
3FKY,13094,23.451899042516157,1.089611118256133
3FKY,13095,23.453661046772996,1.0896520501944109
3FKY,13096,23.455913067509471,1.0897043631383085
3FKY,13097,23.457130370293594,1.089732639226757
3FKY,13098,23.457746258591175,1.0897469450937582
3FKY,13099,23.460179215603606,1.0898034560368821
3FKY,13100,23.462046311425627,1.0898468215836217
3FKY,13101,23.463675488184812,1.0898846597642138
3FKY,13102,23.464195867884374,1.0898967454817206
3FKY,13103,23.465656750395937,1.0899306734782697
3FKY,13104,23.466585476526081,1.0899522419579368
3FKY,13105,23.467386609319917,1.089970846902256
3FKY,13106,23.468648870101884,1.0900001601141662
3FKY,13107,23.46925557638669,1.0900142492438236
3FKY,13108,23.470430744148171,1.0900415388518463
3FKY,13109,23.471878809441741,1.0900751647147953
3FKY,13110,23.473079061128111,1.0901030352538288
3FKY,13111,23.474428611286427,1.0901343717388126
3FKY,13112,23.475374399929184,1.0901563323654158
3FKY,13113,23.477491256409987,1.090205482858968
3FKY,13114,23.47920526512749,1.0902452781585799
3FKY,13115,23.480240203202403,1.0902693063124917
3FKY,13116,23.480937888291344,1.0902855041661104
3FKY,13117,23.482607318491869,1.0903242616298379
3FKY,13118,23.485552765825201,1.0903926397265806
3FKY,13119,23.487053533121777,1.0904274781544576
3FKY,13120,23.488963171133523,1.0904718063932854
3FKY,13121,23.489670786532201,1.0904882317421829
3FKY,13122,23.490347133659462,1.0905039310527544
3FKY,13123,23.491995982618086,1.0905422030439906
3FKY,13124,23.492743939036583,1.0905595636707457
3FKY,13125,23.493889719675053,1.0905861575586542
3FKY,13126,23.494802193635088,1.0906073358696871
3FKY,13127,23.495194287334513,1.0906164361480666
3FKY,13128,23.496997731257739,1.0906582921084509
3FKY,13129,23.498228935922157,1.0906868660990923
3FKY,13130,23.500044569141071,1.0907290022332616
3FKY,13131,23.501466049850517,1.0907619899747527
3FKY,13132,23.502405816062769,1.090783798210341
3FKY,13133,23.503725633637337,1.0908144251901375
3FKY,13134,23.504600750110527,1.090834732200229
3FKY,13135,23.505303789827916,1.0908510459086695
3FKY,13136,23.507626118382781,1.0909049327247211
3FKY,13137,23.509739827452144,1.0909539764649858
3FKY,13138,23.511673330780823,1.0909988370162358
3FKY,13139,23.512762387525008,1.0910241041647308
3FKY,13140,23.514476112173096,1.0910638630157097
3FKY,13141,23.515682169110946,1.0910918429771355
3FKY,13142,23.517753318266077,1.0911398910026249
3FKY,13143,23.518740047540117,1.0911627811223761
3FKY,13144,23.519816364753929,1.0911877489532531
3FKY,13145,23.520687298172646,1.0912079519825679
3FKY,13146,23.521207267457658,1.0912200135238741
3FKY,13147,23.523330518375136,1.0912692644314423
3FKY,13148,23.523930671043598,1.0912831851639528
3FKY,13149,23.526088544815867,1.0913332362671373
3FKY,13150,23.527452700231255,1.0913648761753363
3FKY,13151,23.528203509948035,1.0913822898925563
3FKY,13152,23.529416518526396,1.0914104229163284
3FKY,13153,23.53024421901139,1.0914296191635315
3FKY,13154,23.531203018072834,1.0914518554613104
3FKY,13155,23.5320432799199,1.0914713422925704
3FKY,13156,23.534033690273528,1.0915175012660574
3FKY,13157,23.535394112333449,1.0915490492583835
3FKY,13158,23.537284014815743,1.0915928743126015
3FKY,13159,23.538322040967213,1.0916169444104307
3FKY,13160,23.53900490293254,1.0916327785528244
3FKY,13161,23.539743098115299,1.091649895498592
3FKY,13162,23.541981562885791,1.0917017983960151
3FKY,13163,23.542898740472047,1.0917230641222149
3FKY,13164,23.543852618669433,1.0917451803512301
3FKY,13165,23.544747951562769,1.091765938765203
3FKY,13166,23.545882324386284,1.0917922387854091
3FKY,13167,23.546431045839029,1.0918049604648263
3FKY,13168,23.547046472301023,1.0918192284715631
3FKY,13169,23.549968311971927,1.0918869656670414
3FKY,13170,23.551224171614344,1.0919160790500231
3FKY,13171,23.552706430203639,1.0919504398227327
3FKY,13172,23.554643025712675,1.0919953311148836
3FKY,13173,23.554998211114892,1.0920035642971553
3FKY,13174,23.556087440753508,1.0920288122060455
3FKY,13175,23.557152926795936,1.0920535091830639
3FKY,13176,23.559005292943656,1.0920964439806919
3FKY,13177,23.559694215538105,1.0921124116415932
3FKY,13178,23.559996841241198,1.0921194257441975
3FKY,13179,23.561204837406649,1.0921474236080546
3FKY,13180,23.562291134926511,1.0921726002357204
3FKY,13181,23.564393867102837,1.0922213326620576
3FKY,13182,23.565773014350288,1.0922532942735781
3FKY,13183,23.567227958483326,1.0922870114572536
3FKY,13184,23.56798776516802,1.0923046189647057
3FKY,13185,23.568466292915822,1.0923157080619428
3FKY,13186,23.57032934737882,1.0923588802271225
3FKY,13187,23.571156047344857,1.0923780366232347
3FKY,13188,23.573018110552567,1.092421183356824
3FKY,13189,23.575512544900139,1.0924789803861534
3FKY,13190,23.576767786878015,1.092508063682232
3FKY,13191,23.576857967667944,1.0925101530938695
3FKY,13192,23.577799541489497,1.0925319683139281
3FKY,13193,23.579662377653239,1.0925751268762689
3FKY,13194,23.580167407364236,1.0925868272122883
3FKY,13195,23.580939895111889,1.0926047236718499
3FKY,13196,23.584013044105159,1.0926759173505307
3FKY,13197,23.584524391694025,1.0926877629631944
3FKY,13198,23.58530946018854,1.092705949202275
3FKY,13199,23.586183335373104,1.092726192306775
3FKY,13200,23.588622848507619,1.0927827010461404
3FKY,13201,23.590810840173919,1.0928333810713347
3FKY,13202,23.59213032108606,1.0928639428149243
3FKY,13203,23.593162922381147,1.0928878592726454
3FKY,13204,23.594879195881958,1.092927609355498
3FKY,13205,23.596141648623146,1.0929568477124552
3FKY,13206,23.596948935502741,1.0929755440355591
3FKY,13207,23.59823936890038,1.0930054291038915
3FKY,13208,23.599383407961984,1.0930319231514125
3FKY,13209,23.601169594546555,1.0930732869867048
3FKY,13210,23.602911582551453,1.093113625780352
3FKY,13211,23.603199476529447,1.0931202923280234
3FKY,13212,23.606215897017918,1.0931901388992367
3FKY,13213,23.606897080641616,1.0932059113943182
3FKY,13214,23.608216055321822,1.0932364510025574
3FKY,13215,23.609410823380376,1.0932641139878467
3FKY,13216,23.610160001521283,1.0932814596786204
3FKY,13217,23.611005769045075,1.0933010413687108
3FKY,13218,23.612493398699712,1.0933354829644801
3FKY,13219,23.613680860337748,1.0933629742928919
3FKY,13220,23.614709039568258,1.0933867774617283
3FKY,13221,23.616994293153443,1.0934396810482474
3FKY,13222,23.618607200300005,1.0934770182839637
3FKY,13223,23.619882096269283,1.0935065299867361
3FKY,13224,23.620831054089894,1.0935284962511498
3FKY,13225,23.62131857489516,1.0935397811026664
3FKY,13226,23.622632492965419,1.0935701943434515
3FKY,13227,23.624320311275216,1.0936092610060999
3FKY,13228,23.625780552445661,1.0936430589856827
3FKY,13229,23.626636657049957,1.0936628734501113
3FKY,13230,23.62806891415293,1.0936960221098877
3FKY,13231,23.628535232285611,1.0937068145231879
3FKY,13232,23.630120992667429,1.0937435143825032
3FKY,13233,23.630851449595575,1.0937604192124415
3FKY,13234,23.633288379254559,1.0938168147362528
3FKY,13235,23.633823079130892,1.0938291883932343
3FKY,13236,23.635256243226461,1.0938623530012082
3FKY,13237,23.635758249006138,1.0938739695942745
3FKY,13238,23.637266753122763,1.0939088761760916
3FKY,13239,23.639586949899087,1.0939625630425573
3FKY,13240,23.640373799754077,1.0939807693065497
3FKY,13241,23.641616289552463,1.0940095176270606
3FKY,13242,23.642531375258439,1.0940306900962415
3FKY,13243,23.64310263830335,1.0940439072834816
3FKY,13244,23.644342730073131,1.0940725984640838
3FKY,13245,23.646569541568354,1.0941241168358815
3FKY,13246,23.648882122171599,1.0941776169502542
3FKY,13247,23.650349711694084,1.0942115673646085
3FKY,13248,23.650888166463325,1.0942240234189735
3FKY,13249,23.651120039270719,1.0942293872804185
3FKY,13250,23.652296464470947,1.0942566008545902
3FKY,13251,23.653331449187046,1.0942805420069819
3FKY,13252,23.655137086158561,1.0943223085484355
3FKY,13253,23.65722113971054,1.0943705132165458
3FKY,13254,23.659502122671007,1.0944232704763819
3FKY,13255,23.660115935271389,1.094437467022723
3FKY,13256,23.661026580383364,1.0944585285116599
3FKY,13257,23.661652657186306,1.0944730082418921
3FKY,13258,23.662195978243947,1.0944855738650008
3FKY,13259,23.665787940913393,1.0945686431232811
3FKY,13260,23.666035603463481,1.0945743704405555
3FKY,13261,23.668070415160159,1.0946214253190385
3FKY,13262,23.669139298144213,1.0946461423531124
3FKY,13263,23.670925417877019,1.0946874436477401
3FKY,13264,23.67206659716215,1.0947138308623556
3FKY,13265,23.672606645503219,1.0947263180487627
3FKY,13266,23.67442179327097,1.0947682874856868
3FKY,13267,23.675332684701608,1.0947893483054258
3FKY,13268,23.675421811624304,1.0947914089969286
3FKY,13269,23.677327545053885,1.0948354702732064
3FKY,13270,23.678428153882255,1.0948609159570402
3FKY,13271,23.678708212757286,1.0948673907240263
3FKY,13272,23.679577439512858,1.0948874864000129
3FKY,13273,23.680856489177007,1.0949170561118253
3FKY,13274,23.683083145525053,1.0949685311652595
3FKY,13275,23.684800264854239,1.095008225269676
3FKY,13276,23.685637755822931,1.095027584761469
3FKY,13277,23.687283303710924,1.0950656223488917
3FKY,13278,23.687649843473796,1.0950740949021947
3FKY,13279,23.690112168785987,1.0951310097631199
3FKY,13280,23.691352809295015,1.0951596851466732
3FKY,13281,23.692478450644245,1.0951857018624125
3FKY,13282,23.693480494041498,1.0952088613642839
3FKY,13283,23.694317738383788,1.0952282116096532
3FKY,13284,23.695341532205852,1.0952518728894836
3FKY,13285,23.696298043988101,1.0952739787271941
3FKY,13286,23.698015891051238,1.0953136785800079
3FKY,13287,23.698686307073778,1.0953291716628433
3FKY,13288,23.70011926267804,1.0953622860373986
3FKY,13289,23.700791218142783,1.0953778140068744
3FKY,13290,23.702025226903373,1.0954063296840963
3FKY,13291,23.704007117706031,1.095452125989022
3FKY,13292,23.704813709110148,1.09547076365538
3FKY,13293,23.706422396238196,1.0955079341609346
3FKY,13294,23.706515372070307,1.0955100824324069
3FKY,13295,23.707849087088082,1.0955408983848272
3FKY,13296,23.709856036585403,1.0955872680221033
3FKY,13297,23.712872143075721,1.0956569500729725
3FKY,13298,23.713904263457458,1.0956807944549971
3FKY,13299,23.715795180294897,1.095724477686991
3FKY,13300,23.716354522902545,1.0957373990705717
3FKY,13301,23.717070380738704,1.0957539358929527
3FKY,13302,23.717836916273498,1.0957716431293274
3FKY,13303,23.720998843597375,1.0958446817214187
3FKY,13304,23.721274418488075,1.0958510471026428
3FKY,13305,23.722249394872001,1.0958735673495346
3FKY,13306,23.723472935258219,1.0959018283347499
3FKY,13307,23.724773565754891,1.0959318691261521
3FKY,13308,23.725929765571244,1.0959585732964747
3FKY,13309,23.727284630846352,1.0959898651158215
3FKY,13310,23.728884760500428,1.0960268203836685
3FKY,13311,23.73053328960394,1.0960648921419751
3FKY,13312,23.730818459946939,1.0960714778402063
3FKY,13313,23.733210761599572,1.0961267238809473
3FKY,13314,23.735264446980654,1.0961741479474856
3FKY,13315,23.735880944784395,1.0961883838235607
3FKY,13316,23.736029609330394,1.0961918166873674
3FKY,13317,23.737343459921117,1.0962221547927713
3FKY,13318,23.73837749039842,1.0962460309854809
3FKY,13319,23.740594629218357,1.0962972238878375
3FKY,13320,23.740932823088059,1.0963050324470982
3FKY,13321,23.742519651738839,1.096341669995845
3FKY,13322,23.743861718068054,1.0963726553855651
3FKY,13323,23.745559953645742,1.096411862692718
3FKY,13324,23.747158824280557,1.0964487746717597
3FKY,13325,23.747519335887649,1.0964570973728576
3FKY,13326,23.748473169771419,1.0964791170923769
3FKY,13327,23.749912426119021,1.0965123421887577
3FKY,13328,23.750996939702432,1.0965373774169469
3FKY,13329,23.752519745766026,1.0965725293519828
3FKY,13330,23.753612236558549,1.0965977473421038
3FKY,13331,23.755342713571167,1.0966376907960715
3FKY,13332,23.755727356723281,1.0966465690613891
3FKY,13333,23.757832508017071,1.0966951585187037
3FKY,13334,23.758599465831058,1.0967128603046912
3FKY,13335,23.75959323818023,1.0967357966633871
3FKY,13336,23.760960834745774,1.0967673601356875
3FKY,13337,23.762575525784364,1.0968046252605035
3FKY,13338,23.763506812161371,1.0968261176529621
3FKY,13339,23.765444886048243,1.096870843516315
3FKY,13340,23.766904078462471,1.0969045167981406
3FKY,13341,23.767589422317776,1.096920331885975
3FKY,13342,23.769328823351362,1.0969604695166379
3FKY,13343,23.770172920061281,1.0969799469808472
3FKY,13344,23.771910205687902,1.097020033619692
3FKY,13345,23.773006600976132,1.0970453314127073
3FKY,13346,23.773731912856892,1.0970620666527395
3FKY,13347,23.774319824339962,1.0970756314435257
3FKY,13348,23.774953716274872,1.0970902569462622
3FKY,13349,23.777713776678556,1.0971539363026286
3FKY,13350,23.779916380354578,1.0972047515188086
3FKY,13351,23.781647319632263,1.0972446835398126
3FKY,13352,23.782434784985757,1.0972628495442212
3FKY,13353,23.783387926176534,1.097284837115089
3FKY,13354,23.784558547069143,1.0973118410212184
3FKY,13355,23.785954210956803,1.0973440353552244
3FKY,13356,23.787244805046775,1.0973738051618933
3FKY,13357,23.78826732906046,1.0973973908906862
3FKY,13358,23.789384804895231,1.0974231662161233
3FKY,13359,23.791773144554011,1.0974782528337621
3FKY,13360,23.792476737343527,1.0974944805455815
3FKY,13361,23.793740290747529,1.0975236226246312
3FKY,13362,23.794793958231988,1.0975479233889947
3FKY,13363,23.798314307060213,1.0976291093966684
3FKY,13364,23.799631647140714,1.0976594882460129
3FKY,13365,23.800683930494955,1.0976837540846214
3FKY,13366,23.802853596041302,1.0977337852592453
3FKY,13367,23.804257126570793,1.0977661486093686
3FKY,13368,23.805887121766364,1.0978037327042671
3FKY,13369,23.807100365731074,1.097831706599484
3FKY,13370,23.807531399126905,1.0978416448107622
3FKY,13371,23.808714978732425,1.0978689337978049
3FKY,13372,23.811151570525219,1.0979251104960843
3FKY,13373,23.814168847502547,1.0979946711641257
3FKY,13374,23.814499460264589,1.0980022928828039
3FKY,13375,23.81603497778941,1.098037690951722
3FKY,13376,23.816340656207416,1.0980447375769808
3FKY,13377,23.818171053153701,1.09808693169799
3FKY,13378,23.818947944007721,1.0981048400154654
3FKY,13379,23.819874461193336,1.0981261970274241
3FKY,13380,23.820204989884918,1.0981338158953688
3FKY,13381,23.821383090475862,1.0981609713313165
3FKY,13382,23.823630365072056,1.0982127695632449
3FKY,13383,23.824096933502453,1.0982235233587749
3FKY,13384,23.825045415880037,1.0982453843194275
3FKY,13385,23.826301723552458,1.0982743394775474
3FKY,13386,23.827919558354569,1.0983116259248555
3FKY,13387,23.828986332179607,1.0983362113062616
3FKY,13388,23.831221029151934,1.0983877114210705
3FKY,13389,23.832132124618987,1.098408707544162
3FKY,13390,23.833809738187092,1.0984473669665387
3FKY,13391,23.834851301656457,1.0984713683780558
3FKY,13392,23.836987649293423,1.0985205959587101
3FKY,13393,23.837483295419577,1.0985320167526371
3FKY,13394,23.839309978766178,1.0985741065922854
3FKY,13395,23.841883500603196,1.0986334021037394
3FKY,13396,23.842976267438154,1.0986585791496175
3FKY,13397,23.843823817345399,1.0986781060679742
3FKY,13398,23.844252184406162,1.0986879751938501
3FKY,13399,23.846198199512056,1.0987328082160368
3FKY,13400,23.848180935951021,1.0987784853565892
3FKY,13401,23.848690382958264,1.0987902213968153
3FKY,13402,23.84990776682745,1.0988182655451444
3FKY,13403,23.851296470671841,1.0988502554159789
3FKY,13404,23.85313202289726,1.0988925373571221
3FKY,13405,23.854063376881072,1.0989139904717768
3FKY,13406,23.85597176561782,1.0989579476187441
3FKY,13407,23.857163822793215,1.0989854041473464
3FKY,13408,23.858015436818366,1.0990050188643044
3FKY,13409,23.859388802351191,1.0990366500344879
3FKY,13410,23.861536014001992,1.0990861025000958
3FKY,13411,23.863477447767931,1.0991308137766185
3FKY,13412,23.864089792805434,1.0991449157234796
3FKY,13413,23.865458036861785,1.0991764249273761
3FKY,13414,23.868179156244565,1.0992390867253954
3FKY,13415,23.868440485549367,1.0992451044152696
3FKY,13416,23.869714240765529,1.0992744349973556
3FKY,13417,23.870142067964917,1.0992842863384904
3FKY,13418,23.872283046621174,1.0993335841477767
3FKY,13419,23.873227357049636,1.0993553269760592
3FKY,13420,23.874106793608259,1.0993755756912278
3FKY,13421,23.875854254673985,1.0994158092563844
3FKY,13422,23.877576106063945,1.0994554517439474
3FKY,13423,23.878828871658392,1.099484293488409
3FKY,13424,23.880311890617339,1.0995184352535898
3FKY,13425,23.880534159253617,1.0995235521862252
3FKY,13426,23.883304910798994,1.0995873367355589
3FKY,13427,23.884252948774023,1.0996091603527522
3FKY,13428,23.886283441396341,1.0996559003709705
3FKY,13429,23.887614098266081,1.0996865297550573
3FKY,13430,23.888499337595682,1.0997069059371145
3FKY,13431,23.889605581798719,1.0997323686145462
3FKY,13432,23.890586940550719,1.0997549562813436
3FKY,13433,23.893404408894131,1.0998198026041655
3FKY,13434,23.894447476157833,1.0998438086748912
3FKY,13435,23.895029530149845,1.0998572043514721
3FKY,13436,23.897032586943197,1.0999033024379914
3FKY,13437,23.8983062964206,1.0999326144161254
3FKY,13438,23.899331475662798,1.0999562063807038
3FKY,13439,23.899642304302049,1.0999633592330662
3FKY,13440,23.90284221934974,1.1000369936300236
3FKY,13441,23.904351421287579,1.1000717207085562
3FKY,13442,23.907081870977422,1.1001345461888887
3FKY,13443,23.907612401126528,1.1001467528502871
3FKY,13444,23.909023477515866,1.1001792188317505
3FKY,13445,23.911240309208839,1.1002302216598567
3FKY,13446,23.912864428157381,1.1002675863968125
3FKY,13447,23.91448999928242,1.1003049832722165
3FKY,13448,23.914996309613077,1.1003166308722967
3FKY,13449,23.9167271375889,1.1003564474025853
3FKY,13450,23.918829536853902,1.1004048097419552
3FKY,13451,23.91923266209022,1.1004140827517237
3FKY,13452,23.920982675588679,1.10045433705887
3FKY,13453,23.923260835355791,1.1005067377303452
3FKY,13454,23.92354418364453,1.1005132549392598
3FKY,13455,23.924444846467381,1.1005339705581154
3FKY,13456,23.925784410278087,1.1005647803606693
3FKY,13457,23.927416537934086,1.1006023179300111
3FKY,13458,23.929753649911714,1.1006560673192969
3FKY,13459,23.929887453656509,1.1006591444863214
3FKY,13460,23.931566728606196,1.1006977630738097
3FKY,13461,23.932693585688735,1.1007236768487776
3FKY,13462,23.935491338654899,1.1007880127524121
3FKY,13463,23.936305823602449,1.1008067415854039
3FKY,13464,23.937116132421949,1.1008253740734091
3FKY,13465,23.93845504247891,1.1008561606883505
3FKY,13466,23.938970294681781,1.1008680080592157
3FKY,13467,23.940671060923343,1.1009071134565551
3FKY,13468,23.941537470212165,1.1009270341078425
3FKY,13469,23.943100165095412,1.1009629629819322
3FKY,13470,23.945681529513042,1.1010223101425318
3FKY,13471,23.946247784902255,1.1010353282754721
3FKY,13472,23.94816662792158,1.1010794410661431
3FKY,13473,23.948758649266448,1.1010930508449837
3FKY,13474,23.949895251452723,1.1011191793374568
3FKY,13475,23.951817638741552,1.101163370241351
3FKY,13476,23.953204407386195,1.1011952475033329
3FKY,13477,23.954840129136489,1.1012328461944525
3FKY,13478,23.955296854312454,1.1012433442475684
3FKY,13479,23.957050931159447,1.1012836616376125
3FKY,13480,23.957885062067309,1.1013028335871826
3FKY,13481,23.959471560217231,1.1013392972812681
3FKY,13482,23.960378230191743,1.1013601354250375
3FKY,13483,23.960818327475781,1.1013702501104983
3FKY,13484,23.961649069304251,1.101389342663859
3FKY,13485,23.962956139122031,1.1014193817720175
3FKY,13486,23.967065967693198,1.1015138286079156
3FKY,13487,23.967887061310162,1.1015326969631121
3FKY,13488,23.968711035451165,1.1015516311865348
3FKY,13489,23.97111677950684,1.1016069112721352
3FKY,13490,23.972308528474322,1.1016342946976609
3FKY,13491,23.973175968314266,1.1016542258784785
3FKY,13492,23.974691400107012,1.1016890451168231
3FKY,13493,23.975178791943062,1.1017002434156569
3FKY,13494,23.977444972339963,1.1017523096071598
3FKY,13495,23.979204097137487,1.1017927243440961
3FKY,13496,23.980917233943391,1.1018320811123554
3FKY,13497,23.982254611250507,1.1018628043883492
3FKY,13498,23.983668030483237,1.1018952736277683
3FKY,13499,23.985302304167131,1.1019328151699908
3FKY,13500,23.986698232085942,1.1019648805653248
3FKY,13501,23.988630132888797,1.1020092560761436
3FKY,13502,23.990480141957125,1.102051748869616
3FKY,13503,23.992510233586945,1.1020983760877878
3FKY,13504,23.993574871038955,1.1021228279308741
3FKY,13505,23.994002558021201,1.1021326505914899
3FKY,13506,23.995360696648149,1.1021638422974203
3FKY,13507,23.995829808362213,1.1021746159517269
3FKY,13508,23.998013784581911,1.1022247719247011
3FKY,13509,23.999112584296771,1.1022500054797115
3FKY,13510,23.999694959734093,1.1022633792957734
3FKY,13511,24.001530372185531,1.1023055271075677
3FKY,13512,24.003511959674352,1.1023510298260324
3FKY,13513,24.004762341661181,1.1023797410813561
3FKY,13514,24.00586803550507,1.1024051293863995
3FKY,13515,24.006750946755282,1.1024254018660338
3FKY,13516,24.008837940875381,1.1024733197482903
3FKY,13517,24.01052208752284,1.1025119866381698
3FKY,13518,24.011290421012365,1.1025296266149727
3FKY,13519,24.013173853889533,1.1025728666864416
3FKY,13520,24.014007908201037,1.1025920144607786
3FKY,13521,24.015002812330597,1.1026148545046166
3FKY,13522,24.015984109637536,1.1026373817127735
3FKY,13523,24.018214381673666,1.1026885793696377
3FKY,13524,24.019314251105683,1.1027138268663477
3FKY,13525,24.019893804144523,1.1027271302705928
3FKY,13526,24.021775302924965,1.1027703182034672
3FKY,13527,24.024258719657841,1.1028273199747447
3FKY,13528,24.026441688159032,1.1028774231359761
3FKY,13529,24.027156127951262,1.1028938203551295
3FKY,13530,24.029202314844404,1.1029407813609025
3FKY,13531,24.029913599284647,1.1029571052238547
3FKY,13532,24.030407849730636,1.1029684480494506
3FKY,13533,24.031014706396867,1.1029823749776517
3FKY,13534,24.032574827370134,1.1030181778355299
3FKY,13535,24.035084696827951,1.1030757738147072
3FKY,13536,24.037196735751028,1.1031242381288682
3FKY,13537,24.037615823551114,1.1031338545558627
3FKY,13538,24.038700838356551,1.1031587510153744
3FKY,13539,24.039910946117327,1.103186517161622
3FKY,13540,24.042864533377561,1.1032542848329387
3FKY,13541,24.044329625474994,1.1032878986419055
3FKY,13542,24.045704847648206,1.1033194496210925
3FKY,13543,24.046062805011854,1.1033276618954704
3FKY,13544,24.046618517793892,1.1033404109626892
3FKY,13545,24.049448697418882,1.1034053381721656
3FKY,13546,24.050750167730332,1.1034351939472242
3FKY,13547,24.05123174573929,1.1034462411590571
3FKY,13548,24.051792362721244,1.1034591013548092
3FKY,13549,24.052170694698347,1.1034677799641928
3FKY,13550,24.054407273899852,1.1035190837684594
3FKY,13551,24.05665107113262,1.1035705507470235
3FKY,13552,24.058050341344956,1.1036026452172849
3FKY,13553,24.059033095546841,1.1036251856776644
3FKY,13554,24.060187813520692,1.103651669712634
3FKY,13555,24.061576019495821,1.1036835080705774
3FKY,13556,24.062887722485684,1.1037135909967033
3FKY,13557,24.064833619759742,1.103758217183608
3FKY,13558,24.065484646814465,1.1037731470936327
3FKY,13559,24.068575400268035,1.1038440241440679
3FKY,13560,24.070003335575088,1.1038767679698169
3FKY,13561,24.07107574448731,1.1039013586207194
3FKY,13562,24.073061187618826,1.1039468839682474
3FKY,13563,24.073665725519092,1.1039607453865397
3FKY,13564,24.074202605435421,1.1039730553324969
3FKY,13565,24.076709896115982,1.1040305423722987
3FKY,13566,24.077996136785806,1.1040600320746972
3FKY,13567,24.079908029523224,1.1041038646769668
3FKY,13568,24.080561922970734,1.1041188556266908
3FKY,13569,24.082408890332257,1.1041611975038204
3FKY,13570,24.082974358167803,1.1041741605753348
3FKY,13571,24.083658129381853,1.1041898354902369
3FKY,13572,24.084843082562898,1.1042169990788708
3FKY,13573,24.086257376368888,1.1042494191434626
3FKY,13574,24.088110397918499,1.1042918947880691
3FKY,13575,24.088702465131252,1.1043054660270726
3FKY,13576,24.089567160162364,1.1043252860834165
3FKY,13577,24.092013537439879,1.1043813586496714
3FKY,13578,24.093438867362309,1.1044140268306162
3FKY,13579,24.094803010232475,1.1044452917157188
3FKY,13580,24.096541274145878,1.1044851298245872
3FKY,13581,24.097646792546779,1.104510465714418
3FKY,13582,24.098189781887594,1.1045229095442337
3FKY,13583,24.100538979773368,1.1045767451159865
3FKY,13584,24.102610710966811,1.1046242199239953
3FKY,13585,24.103488455086282,1.1046443332759839
3FKY,13586,24.103989684907592,1.1046558187048339
3FKY,13587,24.106319293819542,1.1047091989522013
3FKY,13588,24.108556328920884,1.1047604555520711
3FKY,13589,24.110008306206847,1.1047937230549971
3FKY,13590,24.111067835537199,1.1048179982124073
3FKY,13591,24.112377858492074,1.1048480117582515
3FKY,13592,24.113128655503385,1.1048652126774827
3FKY,13593,24.116306744120983,1.1049380203980335
3FKY,13594,24.116608701813703,1.1049449377816611
3FKY,13595,24.118122696287369,1.1049796204000994
3FKY,13596,24.119371212016805,1.1050082206066842
3FKY,13597,24.120578947055122,1.1050358859307083
3FKY,13598,24.121832010231504,1.1050645888444575
3FKY,13599,24.122981599187543,1.1050909209014748
3FKY,13600,24.123782761611846,1.1051092716589612
3FKY,13601,24.126003837553927,1.1051601441764753
3FKY,13602,24.126245782024654,1.1051656856394874
3FKY,13603,24.127157931831398,1.1051865771438616
3FKY,13604,24.129889446521254,1.1052491362720618
3FKY,13605,24.130947938200919,1.1052733776633823
3FKY,13606,24.132072320120859,1.1052991274791266
3FKY,13607,24.132841135149391,1.1053167340029455
3FKY,13608,24.134236707066542,1.1053486930807146
3FKY,13609,24.134619696217428,1.1053574635026477
3FKY,13610,24.135607750372341,1.1053800895450396
3FKY,13611,24.137474404213091,1.1054228339026149
3FKY,13612,24.141131529969353,1.1055065733430529
3FKY,13613,24.14173804681473,1.1055204605162203
3FKY,13614,24.143976081764876,1.1055717023962519
3FKY,13615,24.145203263468591,1.1055997988481627
3FKY,13616,24.146007282487922,1.1056182065595479
3FKY,13617,24.146886385093211,1.105638332930504
3FKY,13618,24.147807373436954,1.1056594178499299
3FKY,13619,24.150867416355162,1.1057294709615819
3FKY,13620,24.15323793256092,1.1057837357891898
3FKY,13621,24.155298392612007,1.1058309007827476
3FKY,13622,24.156220089001145,1.1058519982374146
3FKY,13623,24.157375837021792,1.1058784525205418
3FKY,13624,24.158626152502055,1.1059070706756589
3FKY,13625,24.160057731844219,1.1059398368241435
3FKY,13626,24.160798320172965,1.1059567871118456
3FKY,13627,24.161913677916989,1.1059823144809087
3FKY,13628,24.165260750246158,1.1060589159177787
3FKY,13629,24.165851472600323,1.1060724346987367
3FKY,13630,24.168513223805526,1.1061333472756143
3FKY,13631,24.169302196954273,1.1061514018075511
3FKY,13632,24.170573861315486,1.1061805014232968
3FKY,13633,24.172217252802248,1.1062181061721572
3FKY,13634,24.17399031055059,1.106258676563318
3FKY,13635,24.174990232773755,1.1062815557235741
3FKY,13636,24.176818878015343,1.1063233956215186
3FKY,13637,24.178935547884731,1.1063718236251612
3FKY,13638,24.179847935863773,1.106392697803589
3FKY,13639,24.181375482279325,1.1064276450768893
3FKY,13640,24.181681343872373,1.1064346424590741
3FKY,13641,24.182615377337633,1.1064560106383432
3FKY,13642,24.185260612326086,1.1065165242774317
3FKY,13643,24.185760885644942,1.1065279683929257
3FKY,13644,24.18821891749187,1.1065841959372209
3FKY,13645,24.189869445280028,1.1066219502012877
3FKY,13646,24.191648254438174,1.1066626373384676
3FKY,13647,24.193092551076877,1.1066956719885856
3FKY,13648,24.194494764303165,1.1067277431432032
3FKY,13649,24.195578069202995,1.1067525196508032
3FKY,13650,24.197446135872934,1.1067952433167427
3FKY,13651,24.198371938896116,1.1068164163069756
3FKY,13652,24.200534762830053,1.1068658782202438
3FKY,13653,24.201741593810951,1.1068934764405649
3FKY,13654,24.202424379425125,1.1069090903088641
3FKY,13655,24.204489997079619,1.1069563252911814
3FKY,13656,24.205500404214408,1.1069794297832973
3FKY,13657,24.205675010825335,1.106983422379501
3FKY,13658,24.20654710291512,1.1070033636286196
3FKY,13659,24.20783803429029,1.1070328813932973
3FKY,13660,24.210028999160048,1.1070829770538781
3FKY,13661,24.211138274672543,1.1071083393937999
3FKY,13662,24.211471612353904,1.10711596067233
3FKY,13663,24.215030953815447,1.1071973365380297
3FKY,13664,24.21604069989041,1.1072204208882492
3FKY,13665,24.217819313434671,1.1072610815623525
3FKY,13666,24.219967236835405,1.1073101829951681
3FKY,13667,24.220749066594124,1.1073280550479734
3FKY,13668,24.221412470243511,1.1073432197408706
3FKY,13669,24.222717233960818,1.1073730446282619
3FKY,13670,24.22398069980369,1.1074019247443818
3FKY,13671,24.224896700951199,1.1074228620927304
3FKY,13672,24.227393529876256,1.1074799309468255
3FKY,13673,24.22851311713913,1.1075055198757109
3FKY,13674,24.230225267708455,1.1075446510988805
3FKY,13675,24.23308577600935,1.1076100249683882
3FKY,13676,24.235546296825909,1.1076662544633251
3FKY,13677,24.236594116895365,1.1076901990935135
3FKY,13678,24.236714505616646,1.1076929501657229
3FKY,13679,24.237920075269162,1.1077204989574316
3FKY,13680,24.23945624360541,1.1077556013546146
3FKY,13681,24.24077277100595,1.1077856839353795
3FKY,13682,24.242182509802362,1.1078178954858713
3FKY,13683,24.242668891328204,1.1078290087479612
3FKY,13684,24.2453653638802,1.1078906180424288
3FKY,13685,24.25012976180907,1.1079994671440885
3FKY,13686,24.250550922407147,1.1080090886120302
3FKY,13687,24.251945971478236,1.1080409580904875
3FKY,13688,24.252160102819225,1.1080458497757317
3FKY,13689,24.254214695446748,1.1080927844530852
3FKY,13690,24.255147022079665,1.1081140816688431
3FKY,13691,24.257197955900612,1.108160929882239
3FKY,13692,24.258087348373106,1.1081812451090249
3FKY,13693,24.259569886056937,1.1082151079468427
3FKY,13694,24.2604162900859,1.1082344403083666
3FKY,13695,24.261313613032044,1.1082549353193727
3FKY,13696,24.263498407807315,1.1083048348244473
3FKY,13697,24.264700203624425,1.108332282218869
3FKY,13698,24.265344011070592,1.1083469856324095
3FKY,13699,24.266281341289019,1.108368392233718
3FKY,13700,24.268462470356333,1.1084182029188212
3FKY,13701,24.270080897814086,1.1084551616785581
3FKY,13702,24.272234038547982,1.108504329356224
3FKY,13703,24.272502478278081,1.1085104591129611
3FKY,13704,24.274843074288839,1.1085639046242994
3FKY,13705,24.276197408123441,1.1085948285041967
3FKY,13706,24.278093352926781,1.1086381176885081
3FKY,13707,24.281086632984479,1.1087064583535351
3FKY,13708,24.28234885600892,1.108735275363534
3FKY,13709,24.283136981527111,1.108753268175481
3FKY,13710,24.284379722674839,1.1087816392150502
3FKY,13711,24.287143927650124,1.1088447417638267
3FKY,13712,24.287837589570692,1.1088605764351154
3FKY,13713,24.288606115658229,1.1088781198153375
3FKY,13714,24.290339713151866,1.1089176921567774
3FKY,13715,24.291111232583113,1.1089353029593387
3FKY,13716,24.293572327000817,1.1089914783506754
3FKY,13717,24.296118621276989,1.1090495954654811
3FKY,13718,24.296603821287846,1.1090606694192602
3FKY,13719,24.297395585493156,1.109078739998018
3FKY,13720,24.298525794246213,1.1091045344482704
3FKY,13721,24.300057811414803,1.1091394983061753
3FKY,13722,24.300218084836334,1.1091431560194742
3FKY,13723,24.302923535266562,1.1092048972001836
3FKY,13724,24.304615345974316,1.1092435043262368
3FKY,13725,24.305262129244504,1.1092582635675983
3FKY,13726,24.308517357282543,1.1093325431142949
3FKY,13727,24.309378341336913,1.1093521886804845
3FKY,13728,24.310651377754358,1.1093812356439126
3FKY,13729,24.311902714146235,1.1094097867351149
3FKY,13730,24.313426351319993,1.109444549779562
3FKY,13731,24.315328511609124,1.1094879476137685
3FKY,13732,24.316575762289368,1.1095164027475659
3FKY,13733,24.317192991416185,1.1095304841194964
3FKY,13734,24.318544528741612,1.1095613172635139
3FKY,13735,24.319520837545525,1.1095835896410609
3FKY,13736,24.321859196937464,1.1096369324445536
3FKY,13737,24.322365019969748,1.1096484709744652
3FKY,13738,24.323344991589511,1.1096708251545675
3FKY,13739,24.325617931118089,1.1097226715548589
3FKY,13740,24.327022733290324,1.1097547142827655
3FKY,13741,24.328436908928524,1.109786969879583
3FKY,13742,24.328972937511026,1.1097991957834064
3FKY,13743,24.331466399928757,1.1098560656663519
3FKY,13744,24.333460971201799,1.1099015549439919
3FKY,13745,24.335929931665991,1.1099578608175136
3FKY,13746,24.337674402437518,1.1099976426206495
3FKY,13747,24.337853901463081,1.1100017359272769
3FKY,13748,24.339393467539175,1.1100368436651871
3FKY,13749,24.341236520077935,1.1100788705443165
3FKY,13750,24.341907708718811,1.1100941751733904
3FKY,13751,24.343577461888984,1.1101322484317486
3FKY,13752,24.344274652434617,1.1101481451948216
3FKY,13753,24.34536176594635,1.1101729322051741
3FKY,13754,24.347276711185163,1.110216593059097
3FKY,13755,24.348961296832371,1.1102550002824301
3FKY,13756,24.350974241776804,1.11030089209635
3FKY,13757,24.351307422941158,1.1103084878926199
3FKY,13758,24.351952031914568,1.1103231834090808
3FKY,13759,24.354428855602382,1.1103796471544634
3FKY,13760,24.356327847082461,1.1104229362087896
3FKY,13761,24.356977100329914,1.1104377360771751
3FKY,13762,24.359170989230982,1.1104877447904675
3FKY,13763,24.361531205652152,1.1105415423504608
3FKY,13764,24.361763172840249,1.1105468295506669
3FKY,13765,24.362690159543444,1.1105679579957668
3FKY,13766,24.363810224384977,1.1105934866590428
3FKY,13767,24.365232506694237,1.1106259026564236
3FKY,13768,24.367063625196383,1.1106676352651892
3FKY,13769,24.36826152241381,1.1106949354220532
3FKY,13770,24.369273046290363,1.1107179875956137
3FKY,13771,24.371164498669977,1.1107610916597537
3FKY,13772,24.371753754534698,1.1107745197938774
3FKY,13773,24.373625364275682,1.1108171695047102
3FKY,13774,24.37584082705677,1.1108676527245489
3FKY,13775,24.377951915445987,1.1109157554555851
3FKY,13776,24.379404264698582,1.1109488471123978
3FKY,13777,24.380104067212866,1.1109647917025325
3FKY,13778,24.380797303630775,1.1109805864623863
3FKY,13779,24.38365683659374,1.111045735940946
3FKY,13780,24.385046535234025,1.1110773964248497
3FKY,13781,24.386121530327603,1.1111018866300404
3FKY,13782,24.387414546771094,1.1111313430149861
3FKY,13783,24.388961973159184,1.1111665941213242
3FKY,13784,24.390637685947727,1.1112047663914622
3FKY,13785,24.391695304903266,1.1112288579814367
3FKY,13786,24.393405576798415,1.111267815301703
3FKY,13787,24.394683789263937,1.1112969300918125
3FKY,13788,24.395925472486926,1.1113252120979937
3FKY,13789,24.396713479760521,1.1113431602852812
3FKY,13790,24.39771774869071,1.111366033774412
3FKY,13791,24.39948878563904,1.1114063702233206
3FKY,13792,24.402050130080095,1.1114647038189314
3FKY,13793,24.402775797813302,1.1114812300548751
3FKY,13794,24.404678249669072,1.1115245550096933
3FKY,13795,24.406465781286407,1.1115652613219003
3FKY,13796,24.406759749593075,1.1115719555310621
3FKY,13797,24.408346028210445,1.1116080773717658
3FKY,13798,24.409293277497103,1.1116296470377582
3FKY,13799,24.410926067230267,1.1116668260560503
3FKY,13800,24.412096714693558,1.1116934812174448
3FKY,13801,24.413375045438634,1.1117225875529069
3FKY,13802,24.413720325221494,1.1117304491037105
3FKY,13803,24.414632039188785,1.111751207322903
3FKY,13804,24.416269336338594,1.1117884848981578
3FKY,13805,24.419989035205244,1.1118731694340256
3FKY,13806,24.420296789373513,1.1118801756313648
3FKY,13807,24.421539335833877,1.1119084624538973
3FKY,13808,24.422346473271062,1.1119268367160438
3FKY,13809,24.4239424967217,1.111963168857915
3FKY,13810,24.424887613483214,1.111984683092617
3FKY,13811,24.425079250550439,1.1119890453862917
3FKY,13812,24.426659474832803,1.1120250158667342
3FKY,13813,24.427287598908773,1.1120393134663704
3FKY,13814,24.428752406856045,1.1120726552690194
3FKY,13815,24.432014112458766,1.1121468942739647
3FKY,13816,24.432276652865671,1.1121528696862337
3FKY,13817,24.434417575684591,1.1122015958310043
3FKY,13818,24.436317386463912,1.1122448326199299
3FKY,13819,24.436595892360099,1.1122511708470932
3FKY,13820,24.439547418712266,1.1123183393580762
3FKY,13821,24.439887536652833,1.1123260792335357
3FKY,13822,24.440606447875851,1.112342438920549
3FKY,13823,24.44117176728464,1.1123553032726481
3FKY,13824,24.441750507601903,1.1123684728754886
3FKY,13825,24.445208498268482,1.1124471583966773
3FKY,13826,24.445718391980481,1.1124587604014866
3FKY,13827,24.447130731091413,1.1124908958106141
3FKY,13828,24.448019568096374,1.1125111193308941
3FKY,13829,24.449101965337022,1.1125357463898349
3FKY,13830,24.450401525111353,1.1125653136821956
3FKY,13831,24.451127523241471,1.1125818310866395
3FKY,13832,24.452872809029685,1.1126215376115671
3FKY,13833,24.455321916455095,1.1126772542029153
3FKY,13834,24.456694530574158,1.1127084796164342
3FKY,13835,24.456823964279078,1.1127114240411251
3FKY,13836,24.457971917744512,1.1127375379377726
3FKY,13837,24.459749213031884,1.112777967031042
3FKY,13838,24.460948343618668,1.112805243470615
3FKY,13839,24.461220128004499,1.112811425615422
3FKY,13840,24.462835284782056,1.1128481640781422
3FKY,13841,24.46349294566215,1.1128631229284875
3FKY,13842,24.46489196717884,1.1128949437563407
3FKY,13843,24.466698361041271,1.1129360289467289
3FKY,13844,24.467410000555176,1.1129522142833024
3FKY,13845,24.470129907313304,1.1130140729378655
3FKY,13846,24.470380690677452,1.1130197763137661
3FKY,13847,24.471824408950553,1.1130526091354003
3FKY,13848,24.472293225233521,1.1130632706757722
3FKY,13849,24.472942234755088,1.1130780298947942
3FKY,13850,24.474559215560674,1.1131148010370535
3FKY,13851,24.47573997822084,1.1131416515419008
3FKY,13852,24.476648737470033,1.1131623162568973
3FKY,13853,24.478644593465493,1.1132076996428792
3FKY,13854,24.479871978936853,1.1132356080065344
3FKY,13855,24.481277893538206,1.1132675749164582
3FKY,13856,24.484022388045766,1.1133299750724477
3FKY,13857,24.485041506507116,1.1133531453527774
3FKY,13858,24.48699896554432,1.113397648026383
3FKY,13859,24.489106827157208,1.1134455681014828
3FKY,13860,24.49017945146802,1.1134699523249689
3FKY,13861,24.491086909026407,1.1134905813564218
3FKY,13862,24.491614719496962,1.1135025797790203
3FKY,13863,24.492541597373236,1.1135236496666876
3FKY,13864,24.493407578339326,1.1135433348789927
3FKY,13865,24.494960361701143,1.1135786314001901
3FKY,13866,24.496457710627233,1.1136126667744506
3FKY,13867,24.497524947066598,1.1136369248750899
3FKY,13868,24.498395363119624,1.113656708890999
3FKY,13869,24.499746810805604,1.1136874257604932
3FKY,13870,24.501451401859317,1.1137261679690964
3FKY,13871,24.50304112799282,1.1137622982955728
3FKY,13872,24.504099037110816,1.1137863411596207
3FKY,13873,24.504965275347459,1.1138060275759263
3FKY,13874,24.507195286399046,1.1138567059428928
3FKY,13875,24.508585355122701,1.1138882949394373
3FKY,13876,24.509483918460035,1.1139087141108284
3FKY,13877,24.509664553939732,1.1139128188701299
3FKY,13878,24.512860926889665,1.1139854507235674
3FKY,13879,24.513470275805677,1.113999296549447
3FKY,13880,24.51467064903251,1.1140265713201238
3FKY,13881,24.516765656167021,1.1140741722809373
3FKY,13882,24.517285056365029,1.1140859733335124
3FKY,13883,24.518933594576673,1.1141234281826426
3FKY,13884,24.519718911594378,1.1141412701715458
3FKY,13885,24.519943831732402,1.1141463801859488
3FKY,13886,24.521529205621434,1.114182398009673
3FKY,13887,24.522123970384811,1.1141959100628269
3FKY,13888,24.524056064447464,1.1142398028533413
3FKY,13889,24.524880616389165,1.1142585342750135
3FKY,13890,24.526686750750759,1.1142995632938018
3FKY,13891,24.528403832742079,1.1143385679552547
3FKY,13892,24.529621626380518,1.114366230121639
3FKY,13893,24.530039810189059,1.1143757290029341
3FKY,13894,24.531546619182933,1.1144099549071409
3FKY,13895,24.532271415079631,1.1144264176644443
3FKY,13896,24.534572742633308,1.1144786875915624
3FKY,13897,24.534943004949834,1.1144870971104086
3FKY,13898,24.536962004338303,1.1145329521685874
3FKY,13899,24.538334493275318,1.114564122750263
3FKY,13900,24.53919928171883,1.11458376250375
3FKY,13901,24.540793994351866,1.1146199782724437
3FKY,13902,24.541861286441343,1.1146442157146348
3FKY,13903,24.544453359439427,1.1147030776496587
3FKY,13904,24.54526714050569,1.1147215567073692
3FKY,13905,24.546571054172212,1.1147511648872444
3FKY,13906,24.547678908818298,1.1147763205051167
3FKY,13907,24.548794898400072,1.1148016602658535
3FKY,13908,24.551969831531387,1.11487374743568
3FKY,13909,24.552921101117317,1.1148953451979535
3FKY,13910,24.55389287792023,1.1149174081270377
3FKY,13911,24.554487202614837,1.1149309012814992
3FKY,13912,24.555722498229862,1.1149589460930329
3FKY,13913,24.556161785565319,1.1149689190261065
3FKY,13914,24.558918757127923,1.115031507213855
3FKY,13915,24.559620522497084,1.1150474379825348
3FKY,13916,24.561064620420208,1.1150802197190894
3FKY,13917,24.563330430789271,1.1151316527920399
3FKY,13918,24.565219743064706,1.1151745376812774
3FKY,13919,24.566140607531207,1.1151954394886427
3FKY,13920,24.56788164711563,1.1152349565832433
3FKY,13921,24.568756970182388,1.1152548236234998
3FKY,13922,24.568858430042809,1.115257126415661
3FKY,13923,24.569650700690399,1.1152751080887853
3FKY,13924,24.572231391738459,1.1153336784150112
3FKY,13925,24.573993294665975,1.1153736640886163
3FKY,13926,24.574947936668025,1.1153953287036031
3FKY,13927,24.575501385755967,1.1154078884667689
3FKY,13928,24.577192227962065,1.1154462589208767
3FKY,13929,24.578699735541289,1.1154804678306911
3FKY,13930,24.579078969144156,1.1154890733722689
3FKY,13931,24.580756051679149,1.1155271288123194
3FKY,13932,24.581510114987651,1.1155442391815977
3FKY,13933,24.58247024057377,1.1155660249080048
3FKY,13934,24.583325134131684,1.1155854225093731
3FKY,13935,24.58494335024729,1.1156221390355558
3FKY,13936,24.58523457015168,1.1156287465433692
3FKY,13937,24.587491449973648,1.1156799517132661
3FKY,13938,24.587761194017624,1.1156860716380492
3FKY,13939,24.589463413697455,1.1157246906465921
3FKY,13940,24.590490566251475,1.1157479934628971
3FKY,13941,24.591364955379937,1.1157678301806828
3FKY,13942,24.593461120256439,1.1158153831225766
3FKY,13943,24.595907340528086,1.115870874749509
3FKY,13944,24.596185194816471,1.1158771775995706
3FKY,13945,24.597862357084527,1.1159152216129162
3FKY,13946,24.59871011085054,1.1159344511940692
3FKY,13947,24.600118599212863,1.115966399173896
3FKY,13948,24.601321320841361,1.1159936791342475
3FKY,13949,24.602259916977712,1.1160149677746247
3FKY,13950,24.605509712364114,1.1160886744288885
3FKY,13951,24.607185189734068,1.1161266730216097
3FKY,13952,24.607284465448483,1.1161289244810968
3FKY,13953,24.60743446994638,1.1161323264026697
3FKY,13954,24.609192680144737,1.1161721997220355
3FKY,13955,24.609556812428778,1.1161804574660885
3FKY,13956,24.611303969796456,1.1162200784213414
3FKY,13957,24.611903689835025,1.1162336781776019
3FKY,13958,24.613242307929905,1.1162640332103115
3FKY,13959,24.614718401709094,1.1162975047390025
3FKY,13960,24.615123009889281,1.1163066793563698
3FKY,13961,24.61704440704349,1.1163502466101651
3FKY,13962,24.617380397149432,1.1163578649365489
3FKY,13963,24.618028371396633,1.1163725571250642
3FKY,13964,24.618479884547764,1.116382794634184
3FKY,13965,24.620471487331759,1.1164279506740102
3FKY,13966,24.621339446412225,1.1164476295261767
3FKY,13967,24.621482698832001,1.1164508773915538
3FKY,13968,24.623163836587459,1.1164889919865937
3FKY,13969,24.623655876652304,1.1165001472259297
3FKY,13970,24.625475896415352,1.1165414086615988
3FKY,13971,24.62770318514649,1.1165919011653456
3FKY,13972,24.628991666412748,1.1166211099169427
3FKY,13973,24.629919704635487,1.1166421472643648
3FKY,13974,24.631072975517874,1.1166682897734639
3FKY,13975,24.631588334523574,1.1166799718071674
3FKY,13976,24.634634869020744,1.1167490274202951
3FKY,13977,24.636263038064897,1.116785931278701
3FKY,13978,24.636789559797307,1.1167978650878316
3FKY,13979,24.638157111572024,1.1168288605571284
3FKY,13980,24.64090222917654,1.1168910758673214
3FKY,13981,24.641715657320109,1.1169095107267333
3FKY,13982,24.64203531573223,1.1169167551160402
3FKY,13983,24.644755661591716,1.1169784041636976
3FKY,13984,24.645206373871495,1.116988617971215
3FKY,13985,24.646255104063268,1.1170123833884755
3FKY,13986,24.647193060222769,1.1170336381120209
3FKY,13987,24.648769411328065,1.1170693583875997
3FKY,13988,24.65025076788752,1.1171029250361428
3FKY,13989,24.651071534132925,1.117121522671316
3FKY,13990,24.652988532563889,1.1171649584824288
3FKY,13991,24.654244428040322,1.1171934139483375
3FKY,13992,24.656247964683086,1.1172388076020638
3FKY,13993,24.656931813070337,1.1172543009703233
3FKY,13994,24.657782089899058,1.117273564665852
3FKY,13995,24.658830954717736,1.1172973270721565
3FKY,13996,24.659425067293672,1.1173107866801171
3FKY,13997,24.661354261964508,1.1173544914269389
3FKY,13998,24.662539342695524,1.1173813378717048
3FKY,13999,24.664640350825636,1.1174289318612383
3FKY,14000,24.666371240962043,1.1174681400709836
3FKY,14001,24.667993424301894,1.1175048846001898
3FKY,14002,24.669691634995594,1.1175433499518719
3FKY,14003,24.670930470746409,1.1175714093880251
3FKY,14004,24.671723481776116,1.1175893705940996
3FKY,14005,24.672527709087955,1.1176075855471712
3FKY,14006,24.673228899252617,1.1176234665685325
3FKY,14007,24.675391401932131,1.1176724429468654
3FKY,14008,24.676340187452737,1.1176939303717253
3FKY,14009,24.677231278235141,1.1177141107907038
3FKY,14010,24.681407324815069,1.1178086803289564
3FKY,14011,24.682011460561647,1.1178223607492084
3FKY,14012,24.682476986422845,1.1178329022880193
3FKY,14013,24.683915690701067,1.1178654802084826
3FKY,14014,24.686457974021454,1.1179230451756668
3FKY,14015,24.687868640771846,1.1179549856497242
3FKY,14016,24.688820609094876,1.1179765397070853
3FKY,14017,24.689818602405758,1.1179991353962628
3FKY,14018,24.69207300472365,1.1180501759152561
3FKY,14019,24.692473467105582,1.118059242290953
3FKY,14020,24.69446190155227,1.1181042588981063
3FKY,14021,24.695426035578762,1.1181260854890986
3FKY,14022,24.696585496878118,1.118152333440956
3FKY,14023,24.697306776583559,1.1181686615017177
3FKY,14024,24.699093347884151,1.1182091042093312
3FKY,14025,24.699706905277115,1.1182229930025827
3FKY,14026,24.701408109481282,1.1182615014130148
3FKY,14027,24.70157035139238,1.1182651738470797
3FKY,14028,24.702775609533592,1.1182924551442874
3FKY,14029,24.703108918528113,1.11829999955311
3FKY,14030,24.705183521885122,1.118346956805192
3FKY,14031,24.708711732603621,1.1184268109550388
3FKY,14032,24.709497370596143,1.1184445915584866
3FKY,14033,24.710124948124776,1.1184587947254994
3FKY,14034,24.712572861614145,1.1185141935260439
3FKY,14035,24.713079506308112,1.1185256590739652
3FKY,14036,24.71372877013896,1.1185403519713917
3FKY,14037,24.715515029838844,1.1185807741891471
3FKY,14038,24.717285931662634,1.1186208474234784
3FKY,14039,24.717908104311917,1.1186349260508501
3FKY,14040,24.718614137829189,1.1186509020814326
3FKY,14041,24.720314020228667,1.1186893658536656
3FKY,14042,24.721406287170684,1.118714080222474
3FKY,14043,24.722057175900389,1.1187288074104274
3FKY,14044,24.723258675574204,1.1187559923642618
3FKY,14045,24.726103825540793,1.1188203636723828
3FKY,14046,24.727212704326597,1.1188454509701213
3FKY,14047,24.728852398652165,1.1188825464193128
3FKY,14048,24.729173228573629,1.1188898045368634
3FKY,14049,24.731243056488314,1.1189366290075238
3FKY,14050,24.733294964568255,1.1189830461545285
3FKY,14051,24.734214141150321,1.1190038386420911
3FKY,14052,24.735519091561017,1.1190333569694322
3FKY,14053,24.736822010939679,1.119062828577476
3FKY,14054,24.737879319329306,1.1190867439752141
3FKY,14055,24.739822656095701,1.1191306992325987
3FKY,14056,24.740964377708025,1.1191565223959823
3FKY,14057,24.741649112864611,1.1191720092723776
3FKY,14058,24.742264183042085,1.1191859203307133
3FKY,14059,24.744002580012559,1.1192252367656546
3FKY,14060,24.745527746206736,1.1192597295318527
3FKY,14061,24.746551234907926,1.1192828758929594
3FKY,14062,24.748763284728298,1.1193329001192496
3FKY,14063,24.749328832539629,1.1193456892967959
3FKY,14064,24.752833280177555,1.1194249348701273
3FKY,14065,24.753048495658337,1.1194298013241846
3FKY,14066,24.75445678825546,1.1194616451247594
3FKY,14067,24.756057369563635,1.1194978357880638
3FKY,14068,24.75709754950265,1.1195213546170399
3FKY,14069,24.760173762335377,1.1195909059644191
3FKY,14070,24.761381052045223,1.1196182008880482
3FKY,14071,24.76241143170293,1.1196414956270426
3FKY,14072,24.763044271542586,1.1196558025781154
3FKY,14073,24.764708487508578,1.1196934255322399
3FKY,14074,24.765431226116544,1.1197097641005682
3FKY,14075,24.768188794310497,1.1197721007919286
3FKY,14076,24.768406348243943,1.119777018597832
3FKY,14077,24.769797713869778,1.1198084699021782
3FKY,14078,24.770790268936874,1.119830905701807
3FKY,14079,24.772047364020242,1.1198593205414351
3FKY,14080,24.772992597281032,1.1198806857149346
3FKY,14081,24.77380331283354,1.1198990100505481
3FKY,14082,24.775469892137892,1.1199366782499272
3FKY,14083,24.777574370373387,1.1199842420767145
3FKY,14084,24.778185367896537,1.1199980510026624
3FKY,14085,24.778654926118147,1.1200086631962858
3FKY,14086,24.780108881820677,1.1200415225080596
3FKY,14087,24.781386271068392,1.120070390633034
3FKY,14088,24.782066358839984,1.120085759848894
3FKY,14089,24.784019179644915,1.1201298902223455
3FKY,14090,24.786668092325151,1.1201897482899765
3FKY,14091,24.788566101202143,1.1202326360508155
3FKY,14092,24.790011131916938,1.1202652871321575
3FKY,14093,24.790892856402738,1.1202852096030673
3FKY,14094,24.79369709914474,1.1203485688142787
3FKY,14095,24.794384941970321,1.12036410942481
3FKY,14096,24.794957564679681,1.1203770466730871
3FKY,14097,24.796565867797764,1.1204133822198223
3FKY,14098,24.7977256307489,1.1204395834031673
3FKY,14099,24.798954391872993,1.1204673427139991
3FKY,14100,24.799093142076867,1.120470477218227
3FKY,14101,24.80131381252956,1.1205206431651802
3FKY,14102,24.803389276744028,1.1205675268073614
3FKY,14103,24.804384981134664,1.1205900185482389
3FKY,14104,24.80505043558178,1.1206050500962985
3FKY,14105,24.807045710206072,1.1206501189395299
3FKY,14106,24.809072986181349,1.1206959087662589
3FKY,14107,24.810072548051611,1.1207184850555079
3FKY,14108,24.810605895053182,1.1207305311434446
3FKY,14109,24.812390995531658,1.1207708481883307
3FKY,14110,24.813395147214369,1.1207935266264377
3FKY,14111,24.814825514868424,1.1208258302208305
3FKY,14112,24.816688422032442,1.1208679009434577
3FKY,14113,24.818460528217404,1.1209079196084779
3FKY,14114,24.81956492443959,1.1209328589615679
3FKY,14115,24.820092966352533,1.1209447829494532
3FKY,14116,24.821218138644443,1.1209701906245655
3FKY,14117,24.823072911775295,1.1210120722626606
3FKY,14118,24.824430784511609,1.1210427326671808
3FKY,14119,24.825200636338373,1.1210601153437894
3FKY,14120,24.827170820959942,1.1211045994068072
3FKY,14121,24.82768548118095,1.1211162194370332
3FKY,14122,24.828806779592878,1.1211415357647265
3FKY,14123,24.832338604889109,1.1212212724848343
3FKY,14124,24.833400803658972,1.1212452522464635
3FKY,14125,24.83361335541306,1.1212500506656784
3FKY,14126,24.835199387751995,1.1212858551702796
3FKY,14127,24.835613897566589,1.1212952124950453
3FKY,14128,24.83760892689239,1.1213402480620802
3FKY,14129,24.839266030942486,1.1213776539669691
3FKY,14130,24.840099174736377,1.121396460098314
3FKY,14131,24.840363995779622,1.1214024377030503
3FKY,14132,24.841329150072237,1.1214242231298588
3FKY,14133,24.843031280889971,1.1214626425320884
3FKY,14134,24.844823817308665,1.1215031010885574
3FKY,14135,24.845277560019273,1.1215133420855838
3FKY,14136,24.846006926350043,1.1215298037263526
3FKY,14137,24.847922069878429,1.1215730269525901
3FKY,14138,24.848612972729889,1.1215886196571587
3FKY,14139,24.849496920932811,1.1216085688074175
3FKY,14140,24.851929076683295,1.1216634564373986
3FKY,14141,24.853846241080554,1.1217067201165833
3FKY,14142,24.855327855788119,1.1217401538231899
3FKY,14143,24.858286179959066,1.1218069075649464
3FKY,14144,24.859312483360757,1.1218300648806567
3FKY,14145,24.860289619387178,1.121852112348805
3FKY,14146,24.860684406614471,1.1218610199507146
3FKY,14147,24.861448597670641,1.1218782622268231
3FKY,14148,24.863213430327207,1.1219180807484632
3FKY,14149,24.864115144015678,1.1219384248548552
3FKY,14150,24.865979174366181,1.1219804791984074
3FKY,14151,24.867806281745644,1.122021698993996
3FKY,14152,24.868750470497758,1.1220429994295891
3FKY,14153,24.87019536430601,1.1220755947430601
3FKY,14154,24.872330768232441,1.1221237655186558
3FKY,14155,24.872428385393704,1.122125967532414
3FKY,14156,24.873207956198705,1.1221435526627417
3FKY,14157,24.87439170897504,1.1221702545812118
3FKY,14158,24.876193050734194,1.1222108862390432
3FKY,14159,24.877059805204734,1.1222304365140385
3FKY,14160,24.87861661801352,1.1222655506995369
3FKY,14161,24.879424965085764,1.1222837826759624
3FKY,14162,24.881385537930488,1.1223280014584556
3FKY,14163,24.882009541684244,1.1223420748808113
3FKY,14164,24.884263338752699,1.1223929042560612
3FKY,14165,24.88592369969351,1.1224303485281322
3FKY,14166,24.88714428539399,1.1224578742420896
3FKY,14167,24.888360063500606,1.1224852908678662
3FKY,14168,24.889758435850506,1.1225168242903676
3FKY,14169,24.890572827119691,1.1225351884787107
3FKY,14170,24.891661427087143,1.1225597354912953
3FKY,14171,24.8939976314009,1.1226124131193591
3FKY,14172,24.895644133476345,1.122649537592761
3FKY,14173,24.896196324519615,1.1226619878346311
3FKY,14174,24.897296224388434,1.122686786846476
3FKY,14175,24.898169861329169,1.1227064840063004
3FKY,14176,24.899006478206761,1.1227253461818778
3FKY,14177,24.900485285622988,1.1227586862655143
3FKY,14178,24.900645603273428,1.1227623006076208
3FKY,14179,24.90231669349301,1.1227999744425023
3FKY,14180,24.902685396957001,1.1228082864946036
3FKY,14181,24.903997136471336,1.1228378578556486
3FKY,14182,24.90474338227185,1.1228546805920669
3FKY,14183,24.906850988516354,1.1229021913299664
3FKY,14184,24.908950277655801,1.1229495125811868
3FKY,14185,24.910621424850497,1.1229871814197421
3FKY,14186,24.912723943983064,1.1230345718917751
3FKY,14187,24.912932106230773,1.1230392637294266
3FKY,14188,24.914095205355274,1.1230654788440033
3FKY,14189,24.915970989846148,1.1231077558992109
3FKY,14190,24.91766343644279,1.1231458994582655
3FKY,14191,24.917988255082349,1.1231532199186109
3FKY,14192,24.919396199452024,1.1231849503074989
3FKY,14193,24.920366378592888,1.123206814400743
3FKY,14194,24.92172600647109,1.1232374544492356
3FKY,14195,24.922222541502482,1.1232486439624858
3FKY,14196,24.922989886129628,1.1232659360032746
3FKY,14197,24.925087193031118,1.1233131972638799
3FKY,14198,24.926438500873477,1.1233436469338847
3FKY,14199,24.927177499559811,1.123360298797859
3FKY,14200,24.929224205305239,1.1234064159481989
3FKY,14201,24.930999855585192,1.1234464240403279
3FKY,14202,24.9319106943747,1.1234669460659354
3FKY,14203,24.933571319885409,1.1235043605029751
3FKY,14204,24.933871631339429,1.1235111264854294
3FKY,14205,24.935533719222374,1.1235485723971319
3FKY,14206,24.936619173614933,1.1235730264047175
3FKY,14207,24.93759143564753,1.1235949298700383
3FKY,14208,24.938938554752806,1.1236252775433457
3FKY,14209,24.939295304703261,1.1236333142091341
3FKY,14210,24.942324450490798,1.1237015508159169
3FKY,14211,24.944948711271653,1.1237606633568056
3FKY,14212,24.945044491466682,1.123762820785819
3FKY,14213,24.945433785495283,1.1237715895103857
3FKY,14214,24.948106050573195,1.1238317795872601
3FKY,14215,24.950502583299919,1.1238857563291558
3FKY,14216,24.951543538350439,1.1239092007938147
3FKY,14217,24.953135398354721,1.123945051833811
3FKY,14218,24.953956959755622,1.1239635541634028
3FKY,14219,24.954079898155001,1.1239663228247085
3FKY,14220,24.95565120781287,1.1240017092493795
3FKY,14221,24.957766961297555,1.1240493549732096
3FKY,14222,24.959639201949678,1.1240915152240509
3FKY,14223,24.961473920932864,1.1241328290051964
3FKY,14224,24.962212125331693,1.1241494512941406
3FKY,14225,24.964055218262285,1.1241909514955759
3FKY,14226,24.964957960430123,1.1242112776283535
3FKY,14227,24.965797165659499,1.1242301728345101
3FKY,14228,24.967526920544536,1.1242691182953337
3FKY,14229,24.967912426007338,1.1242777977735847
3FKY,14230,24.970235550468914,1.1243301004342492
3FKY,14231,24.971096600970981,1.1243494854466543
3FKY,14232,24.972481408761546,1.1243806612169001
3FKY,14233,24.974322617023933,1.1244221104580061
3FKY,14234,24.974503176192869,1.1244261751198983
3FKY,14235,24.976732797212925,1.1244763660739625
3FKY,14236,24.977347621858272,1.1244902059851722
3FKY,14237,24.980562104875567,1.1245625623144875
3FKY,14238,24.981140949366029,1.1245755913061848
3FKY,14239,24.983583463671369,1.1246305672745887
3FKY,14240,24.984021461803387,1.1246404254266325
3FKY,14241,24.985970772452728,1.1246842980834306
3FKY,14242,24.988172707131291,1.124733854428914
3FKY,14243,24.989234090952518,1.1247577409622356
3FKY,14244,24.990217755356021,1.1247798779605274
3FKY,14245,24.991750901684057,1.1248143799746495
3FKY,14246,24.993286636572329,1.1248489391809346
3FKY,14247,24.994159064455499,1.1248685712731332
3FKY,14248,24.994706796632922,1.124880896619523
3FKY,14249,24.995788084567259,1.1249052279108749
3FKY,14250,24.997374542646277,1.1249409256585288
3FKY,14251,24.99797167762237,1.1249543618207953
3FKY,14252,24.999228079452124,1.124982631653602
3FKY,14253,24.999763894933995,1.1249946876234722
3FKY,14254,25.000356302204938,1.1250080167710472
3FKY,14255,25.004567911404159,1.1251027733122141
3FKY,14256,25.005824951568545,1.1251310537769179
3FKY,14257,25.006532283541375,1.1251469667800211
3FKY,14258,25.008764148329355,1.1251971760581225
3FKY,14259,25.009375436026179,1.1252109275370663
3FKY,14260,25.011538953036069,1.12525959649205
3FKY,14261,25.012568566669263,1.1252827572159947
3FKY,14262,25.014642395483968,1.1253294056725682
3FKY,14263,25.016903069310956,1.1253802547956255
3FKY,14264,25.017526853557424,1.1253942851113758
3FKY,14265,25.017849132014952,1.125401533812824
3FKY,14266,25.018817744051528,1.1254233195969454
3FKY,14267,25.01969870431472,1.1254431335726975
3FKY,14268,25.020950780206132,1.1254712938355804
3FKY,14269,25.022445656663329,1.1255049139690956
3FKY,14270,25.023325085391971,1.1255246920649802
3FKY,14271,25.025069407224205,1.1255639203264847
3FKY,14272,25.025432666122057,1.1255720895271122
3FKY,14273,25.026755455289805,1.1256018367629144
3FKY,14274,25.027445043419053,1.125617344093049
3FKY,14275,25.030919556199393,1.1256954750431372
3FKY,14276,25.032147139499166,1.1257230782644305
3FKY,14277,25.033177937562073,1.1257462560848603
3FKY,14278,25.033731729090988,1.1257587080654679
3FKY,14279,25.03528029280719,1.1257935267283092
3FKY,14280,25.036336590339801,1.1258172764200913
3FKY,14281,25.039545350289146,1.1258894187967077
3FKY,14282,25.040062837612734,1.1259010530033911
3FKY,14283,25.040383298184228,1.1259082575727812
3FKY,14284,25.040794382512971,1.1259174994708623
3FKY,14285,25.042584186332469,1.1259577365217048
3FKY,14286,25.044356698556157,1.1259975834185461
3FKY,14287,25.044918883699513,1.1260102213067551
3FKY,14288,25.04711161690074,1.1260595124617525
3FKY,14289,25.04814647817075,1.1260827746917161
3FKY,14290,25.049892209027622,1.1261220151839779
3FKY,14291,25.05159287854832,1.1261602414738805
3FKY,14292,25.052079803756858,1.1261711859505157
3FKY,14293,25.05278519805659,1.12618704070488
3FKY,14294,25.05415570233194,1.1262178441272161
3FKY,14295,25.057387717196413,1.1262904834824221
3FKY,14296,25.05898053629361,1.1263262802802143
3FKY,14297,25.060710580338505,1.1263651597637585
3FKY,14298,25.060770627661501,1.1263665091902209
3FKY,14299,25.06255337095028,1.1264065715381626
3FKY,14300,25.062851343491957,1.1264132675285214
3FKY,14301,25.063930234954565,1.1264375118685346
3FKY,14302,25.066622924587236,1.1264980184435429
3FKY,14303,25.067682952277323,1.1265218370981716
3FKY,14304,25.068022904670425,1.1265294756680537
3FKY,14305,25.069431843442437,1.1265611333053671
3FKY,14306,25.070815311454385,1.1265922177710879
3FKY,14307,25.071595378660579,1.1266097443412657
3FKY,14308,25.074177219026517,1.1266677512528782
3FKY,14309,25.077020064366696,1.1267316187799845
3FKY,14310,25.0785409820502,1.1267657863177651
3FKY,14311,25.079811319240875,1.1267943237505988
3FKY,14312,25.08044719166401,1.1268086080066972
3FKY,14313,25.081495246334789,1.1268321511412864
3FKY,14314,25.082753306294894,1.1268604111118552
3FKY,14315,25.084189035744011,1.1268926612302259
3FKY,14316,25.086542201045159,1.1269455172846252
3FKY,14317,25.088315929660737,1.1269853565770385
3FKY,14318,25.089309025319078,1.1270076616451099
3FKY,14319,25.090282923184592,1.1270295350993336
3FKY,14320,25.090565063910926,1.127035871816195
3FKY,14321,25.091623153931305,1.127059635586233
3FKY,14322,25.093862134827013,1.1271099194735257
3FKY,14323,25.094757933150568,1.1271300370257851
3FKY,14324,25.095600817419413,1.1271489659232528
3FKY,14325,25.097211127105048,1.1271851282330216
3FKY,14326,25.099193865147271,1.1272296524768501
3FKY,14327,25.100573686275183,1.1272606366176727
3FKY,14328,25.101207613409304,1.1272748712842162
3FKY,14329,25.102970252149831,1.1273144499273862
3FKY,14330,25.10409782709899,1.1273397679922794
3FKY,14331,25.105407119336384,1.1273691655426825
3FKY,14332,25.106525670520153,1.1273942797753069
3FKY,14333,25.109413462181333,1.1274591152334217
3FKY,14334,25.110950157440485,1.1274936149355457
3FKY,14335,25.11305700987911,1.1275409132821435
3FKY,14336,25.11431454525697,1.1275691437129849
3FKY,14337,25.114761327091944,1.1275791733550375
3FKY,14338,25.116548824263727,1.1276192993330467
3FKY,14339,25.117909635763972,1.127649846056191
3FKY,14340,25.118840793502851,1.1276707476790739
3FKY,14341,25.121267671414238,1.1277252217917917
3FKY,14342,25.121519770935642,1.1277308803094899
3FKY,14343,25.122745323590372,1.1277583881340731
3FKY,14344,25.123789258676702,1.1277818189794107
3FKY,14345,25.125583902025152,1.1278220981342861
3FKY,14346,25.12645834174241,1.1278417236255758
3FKY,14347,25.12750441153144,1.1278652006484549
3FKY,14348,25.129591392529051,1.1279120374598293
3FKY,14349,25.131763288855716,1.1279607779077785
3FKY,14350,25.132993312821572,1.127988380463909
3FKY,14351,25.134693088865092,1.1280265234575806
3FKY,14352,25.134910849600335,1.1280314099177458
3FKY,14353,25.137661517778486,1.1280931319432523
3FKY,14354,25.138554375263489,1.1281131659756987
3FKY,14355,25.140603813283551,1.1281591501412731
3FKY,14356,25.140765218224473,1.1281627715771398
3FKY,14357,25.141570247182496,1.1281808338044099
3FKY,14358,25.143576145147989,1.1282258383622124
3FKY,14359,25.145171799798753,1.1282616373717631
3FKY,14360,25.146454813963356,1.1282904213707103
3FKY,14361,25.146613914582957,1.1282939906893779
3FKY,14362,25.148860402421093,1.1283443879740653
3FKY,14363,25.149389490725142,1.1283562571138426
3FKY,14364,25.151573005798561,1.1284052390070476
3FKY,14365,25.151941543221078,1.1284135060453537
3FKY,14366,25.153802452072039,1.128455249062251
3FKY,14367,25.154826469489254,1.1284782186723383
3FKY,14368,25.155914577556423,1.1285026253796639
3FKY,14369,25.156410416096961,1.1285137470650983
3FKY,14370,25.157908396383903,1.1285473461786772
3FKY,14371,25.161204490324209,1.1286212727583436
3FKY,14372,25.161720250453737,1.1286328400676724
3FKY,14373,25.163869209568919,1.1286810349848297
3FKY,14374,25.164469172260794,1.1286944900395779
3FKY,14375,25.166207055772066,1.1287334637541588
3FKY,14376,25.166751972984915,1.1287456837713097
3FKY,14377,25.168645815353671,1.1287881530217616
3FKY,14378,25.169555376430328,1.1288085492818458
3FKY,14379,25.171640311116917,1.1288553010684292
3FKY,14380,25.173090149273023,1.1288878105493685
3FKY,14381,25.174991236607198,1.1289304368973492
3FKY,14382,25.17640712013992,1.1289621829171621
3FKY,14383,25.176728170591204,1.1289693811774435
3FKY,14384,25.179272731805721,1.1290264310669014
3FKY,14385,25.180166954550604,1.1290464791469501
3FKY,14386,25.181017474455167,1.12906554709826
3FKY,14387,25.181506987788463,1.1290765214354566
3FKY,14388,25.182676381145555,1.1291027374847225
3FKY,14389,25.185689720045929,1.129170289228921
3FKY,14390,25.18670721248531,1.1291930980271128
3FKY,14391,25.187956291886902,1.1292210976052361
3FKY,14392,25.188765588117956,1.1292392385577432
3FKY,14393,25.189300665554502,1.1292512325402602
3FKY,14394,25.190568211527303,1.1292796446002957
3FKY,14395,25.190958109059462,1.129288384014967
3FKY,14396,25.194307234739611,1.1293634506918899
3FKY,14397,25.19550334304688,1.1293902588307323
3FKY,14398,25.196380832943643,1.1294099254335301
3FKY,14399,25.197443560144958,1.1294337431794477
3FKY,14400,25.198349744570731,1.1294540521061021
3FKY,14401,25.200913986999339,1.1295115185742206
3FKY,14402,25.20340558459365,1.1295673542202138
3FKY,14403,25.204331921637234,1.1295881123369196
3FKY,14404,25.20607268878841,1.1296271198364145
3FKY,14405,25.207490460661369,1.1296588885902601
3FKY,14406,25.207829894238259,1.1296664943229093
3FKY,14407,25.20915044541189,1.1296960835990257
3FKY,14408,25.210968191516631,1.1297368121361406
3FKY,14409,25.212305015126027,1.1297667641556621
3FKY,14410,25.213044841522901,1.1297833398940245
3FKY,14411,25.213703543660166,1.1297980978466
3FKY,14412,25.215766728824423,1.1298443214207596
3FKY,14413,25.21890308355103,1.1299145846499952
3FKY,14414,25.218912550446284,1.1299147967286485
3FKY,14415,25.220782538986974,1.1299566876815303
3FKY,14416,25.221927305673049,1.1299823316537734
3FKY,14417,25.223273532303274,1.1300124877950921
3FKY,14418,25.224745376092795,1.1300454569019327
3FKY,14419,25.226317382815044,1.1300806685830052
3FKY,14420,25.228123853822694,1.1301211307199659
3FKY,14421,25.229813933740221,1.1301589845661533
3FKY,14422,25.230315132288116,1.1301702100002839
3FKY,14423,25.231777916230392,1.1302029715980948
3FKY,14424,25.234275429150433,1.1302589055613501
3FKY,14425,25.235228441413831,1.130280248366119
3FKY,14426,25.235932882717176,1.1302960241403828
3FKY,14427,25.23696861061563,1.13031921858934
3FKY,14428,25.238024201792385,1.1303428573736995
3FKY,14429,25.238516067812245,1.1303538719945161
3FKY,14430,25.241318110296589,1.130416617594489
3FKY,14431,25.243802484694662,1.1304722468011621
3FKY,14432,25.24565029491891,1.1305136205195716
3FKY,14433,25.24765786237257,1.1305585695940796
3FKY,14434,25.247954800894753,1.1305652178425165
3FKY,14435,25.251411791062807,1.1306426145880735
3FKY,14436,25.252166009227178,1.1306594996802204
3FKY,14437,25.253816409879942,1.1306964472174537
3FKY,14438,25.254451072069521,1.1307106550853405
3FKY,14439,25.255199286829299,1.1307274047690423
3FKY,14440,25.257123336611624,1.1307704757889478
3FKY,14441,25.25735650676868,1.1307756953327059
3FKY,14442,25.258918750419856,1.1308106657349872
3FKY,14443,25.259249140162218,1.1308180612816159
3FKY,14444,25.260262628568377,1.1308407472191981
3FKY,14445,25.264156572789094,1.1309279050838954
3FKY,14446,25.264989965709503,1.1309465579831983
3FKY,14447,25.266821462810032,1.1309875492483363
3FKY,14448,25.268067063854616,1.1310154265559953
3FKY,14449,25.27026412912576,1.1310645965359325
3FKY,14450,25.272210341246737,1.1311081506759715
3FKY,14451,25.274316497562452,1.131155282306147
3FKY,14452,25.275199276536757,1.1311750365768656
3FKY,14453,25.275620077777464,1.1311844528800263
3FKY,14454,25.277803658910933,1.1312333137917951
3FKY,14455,25.27915481098675,1.1312635467945584
3FKY,14456,25.27965221527349,1.13127467637096
3FKY,14457,25.280064333719746,1.1312838975670796
3FKY,14458,25.281878749151492,1.1313244944204974
3FKY,14459,25.284512779479741,1.1313834272523007
3FKY,14460,25.285258996362828,1.1314001222780861
3FKY,14461,25.286151762002532,1.1314200956989311
3FKY,14462,25.288311118551352,1.1314684044977403
3FKY,14463,25.290933686963836,1.131527073428888
3FKY,14464,25.291178558901915,1.1315325512526848
3FKY,14465,25.292601323442067,1.1315643781947429
3FKY,14466,25.29402972903414,1.1315963304254542
3FKY,14467,25.294672932747321,1.1316107180564936
3FKY,14468,25.297968777204709,1.1316844389431129
3FKY,14469,25.299036719728306,1.1317083254691755
3FKY,14470,25.299892187225691,1.1317274592313737
3FKY,14471,25.300938609740395,1.1317508635376019
3FKY,14472,25.301904644597656,1.1317724694622839
3FKY,14473,25.304123820184937,1.1318221010374654
3FKY,14474,25.305134281698702,1.1318446991575288
3FKY,14475,25.307956584556194,1.1319078151921902
3FKY,14476,25.310109546737621,1.1319559601873177
3FKY,14477,25.310815123546572,1.131971737999472
3FKY,14478,25.313249285007021,1.1320261680073833
3FKY,14479,25.314421260807613,1.1320523734917858
3FKY,14480,25.315849875232377,1.1320843166185279
3FKY,14481,25.316071385509051,1.1320892694003402
3FKY,14482,25.317819771850072,1.1321283610747988
3FKY,14483,25.318049053284962,1.1321334874132782
3FKY,14484,25.320567014093246,1.1321897831584908
3FKY,14485,25.32141287751924,1.1322086940685501
3FKY,14486,25.323832250808135,1.1322627820860145
3FKY,14487,25.324878880051671,1.1322861799486099
3FKY,14488,25.326065143172254,1.1323126988041314
3FKY,14489,25.327382602018723,1.1323421498059667
3FKY,14490,25.329402126163085,1.1323872935692125
3FKY,14491,25.329685434772674,1.1323936264106076
3FKY,14492,25.333241598994277,1.1324731148901881
3FKY,14493,25.334002295271571,1.1324901174836464
3FKY,14494,25.336653616770345,1.1325493761196457
3FKY,14495,25.337590268925627,1.1325703101195792
3FKY,14496,25.338855344928927,1.132598583716679
3FKY,14497,25.340207688895372,1.1326288069135133
3FKY,14498,25.341266732676694,1.1326524746548507
3FKY,14499,25.342820933974949,1.1326872073889074
3FKY,14500,25.344769673117256,1.1327307556085697
3FKY,14501,25.345035940163317,1.1327367057135422
3FKY,14502,25.348148645133701,1.1328062610878764
3FKY,14503,25.348645353801494,1.132817359964174
3FKY,14504,25.351098700741318,1.1328721780170212
3FKY,14505,25.352102396415479,1.1328946040203978
3FKY,14506,25.354712241541783,1.1329529148327626
3FKY,14507,25.35726054484962,1.1330098477431747
3FKY,14508,25.358263817027144,1.1330322615605433
3FKY,14509,25.359585475792034,1.1330617876850193
3FKY,14510,25.35983390934021,1.1330673376548934
3FKY,14511,25.361780909955439,1.1331108324283614
3FKY,14512,25.364121398316744,1.1331631152617814
3FKY,14513,25.365895357562291,1.1332027411176657
3FKY,14514,25.368151456764036,1.1332531347844044
3FKY,14515,25.368315796543218,1.1332568054946772
3FKY,14516,25.370830461978652,1.1333129718386132
3FKY,14517,25.372804090190662,1.133357051888725
3FKY,14518,25.373894389819672,1.1333814024787159
3FKY,14519,25.374654165611112,1.1333983708890984
3FKY,14520,25.375522597112774,1.1334177656446163
3FKY,14521,25.377919367164189,1.1334712911947471
3FKY,14522,25.37875860336613,1.1334900327287447
3FKY,14523,25.380766043690045,1.1335348609380342
3FKY,14524,25.382705995673277,1.1335781803788214
3FKY,14525,25.384987589934855,1.1336291266284808
3FKY,14526,25.38588422027939,1.1336491470696057
3FKY,14527,25.387254986788001,1.1336797535927607
3FKY,14528,25.389292491197903,1.1337252455365427
3FKY,14529,25.390784946827534,1.133758566862074
3FKY,14530,25.392137383950722,1.1337887612172319
3FKY,14531,25.392955741374291,1.1338070313801523
3FKY,14532,25.393824345745056,1.1338264230045725
3FKY,14533,25.395496144494484,1.1338637450395146
3FKY,14534,25.396250953270783,1.1338805953491458
3FKY,14535,25.398848676468834,1.1339385848652628
3FKY,14536,25.400255768428845,1.1339699944340285
3FKY,14537,25.40112683698618,1.1339894382764002
3FKY,14538,25.402371231344041,1.1340172148546919
3FKY,14539,25.404969500229182,1.1340752095646489
3FKY,14540,25.405624195478183,1.1340898222345897
3FKY,14541,25.408074350869231,1.1341445075530521
3FKY,14542,25.409486912689953,1.1341760334952107
3FKY,14543,25.410892174227012,1.1342073956381356
3FKY,14544,25.4113514968533,1.1342176464542415
3FKY,14545,25.412516587143838,1.1342436476454947
3FKY,14546,25.414710620543566,1.1342926100283903
3FKY,14547,25.415625624205525,1.1343130287647254
3FKY,14548,25.417877498382211,1.1343632788289648
3FKY,14549,25.418720353557642,1.1343820863795655
3FKY,14550,25.420271789417793,1.134416704451797
3FKY,14551,25.421374675621134,1.1344413131375815
3FKY,14552,25.424416534433522,1.1345091833280578
3FKY,14553,25.426059727716282,1.1345458446954169
3FKY,14554,25.427490874987217,1.1345777741284324
3FKY,14555,25.429472451243363,1.1346219823554431
3FKY,14556,25.431521061269422,1.1346676842700529
3FKY,14557,25.432811278463216,1.1346964664491559
3FKY,14558,25.433603027623029,1.1347141284365043
3FKY,14559,25.434095125976324,1.1347251058086938
3FKY,14560,25.43654780085399,1.1347798167125784
3FKY,14561,25.437285816291908,1.1347962788314818
3FKY,14562,25.437830107316074,1.1348084195946364
3FKY,14563,25.440071487213551,1.1348584136535209
3FKY,14564,25.440808341214403,1.1348748487273737
3FKY,14565,25.441971629199411,1.1349007946636658
3FKY,14566,25.443140166287293,1.1349268570785935
3FKY,14567,25.443957224853722,1.1349450799524265
3FKY,14568,25.445700130570192,1.1349839510363642
3FKY,14569,25.446634778560814,1.1350047954368481
3FKY,14570,25.450146674573414,1.1350831138732878
3FKY,14571,25.450447632212441,1.1350898252476564
3FKY,14572,25.452268564263299,1.1351304313011037
3FKY,14573,25.453700027540336,1.135162351337565
3FKY,14574,25.455023679561055,1.1351918665044154
3FKY,14575,25.455934752965657,1.1352121814308047
3FKY,14576,25.457693986514716,1.1352514074280231
3FKY,14577,25.459397296610803,1.1352893851969734
3FKY,14578,25.461060050595059,1.1353264574832098
3FKY,14579,25.46267705768873,1.1353625086488861
3FKY,14580,25.462836529946653,1.1353660640201244
3FKY,14581,25.464704743152801,1.1354077142692447
3FKY,14582,25.46616868781668,1.1354403506220481
3FKY,14583,25.467692621678612,1.1354743233435443
3FKY,14584,25.469508779569825,1.1355148092234297
3FKY,14585,25.470876921330024,1.1355453069527137
3FKY,14586,25.473107739656687,1.1355950331522764
3FKY,14587,25.474476019802434,1.1356255318116524
3FKY,14588,25.474990078913393,1.1356369898629537
3FKY,14589,25.476406024908513,1.1356685498027113
3FKY,14590,25.478791007120893,1.1357217065529281
3FKY,14591,25.47927182787042,1.1357324228382055
3FKY,14592,25.480157387229465,1.1357521594645954
3FKY,14593,25.483155652125927,1.1358189798065865
3FKY,14594,25.485446281841703,1.1358700269037105
3FKY,14595,25.487180184968722,1.1359086657227515
3FKY,14596,25.488150082341395,1.1359302786344474
3FKY,14597,25.489388511249814,1.1359578748272412
3FKY,14598,25.491073763403989,1.135995426607135
3FKY,14599,25.492710393393576,1.1360318937712752
3FKY,14600,25.493680157561126,1.1360535013706583
3FKY,14601,25.496034839668791,1.1361059650218517
3FKY,14602,25.496954691221536,1.1361264591774503
3FKY,14603,25.498719084662763,1.1361657685659485
3FKY,14604,25.499871051658779,1.1361914328097296
3FKY,14605,25.501724624189897,1.1362327266452124
3FKY,14606,25.502055435212068,1.1362400962858206
3FKY,14607,25.502827992510984,1.1362573067403654
3FKY,14608,25.504790194231944,1.1363010180330704
3FKY,14609,25.505904382651849,1.1363258376767422
3FKY,14610,25.508010095200234,1.1363727430159138
3FKY,14611,25.50976394915935,1.136411809128272
3FKY,14612,25.511449317295774,1.1364493484920912
3FKY,14613,25.511905784388546,1.1364595154842385
3FKY,14614,25.513311933993059,1.1364908343926046
3FKY,14615,25.514953465178817,1.1365273948192702
3FKY,14616,25.515849991598294,1.1365473618924393
3FKY,14617,25.516647033342423,1.1365651129886754
3FKY,14618,25.518409867212551,1.1366043724742727
3FKY,14619,25.519452625213919,1.1366275947518849
3FKY,14620,25.521981930870201,1.1366839205558879
3FKY,14621,25.522910729382644,1.1367046035250303
3FKY,14622,25.524869632512448,1.1367482241666105
3FKY,14623,25.525655527042048,1.1367657239099462
3FKY,14624,25.526849522449847,1.1367923104393447
3FKY,14625,25.528638976389988,1.1368321547967155
3FKY,14626,25.529948891826017,1.1368613207637475
3FKY,14627,25.530699414699296,1.1368780312193352
3FKY,14628,25.532455346920841,1.1369171262400211
3FKY,14629,25.53510966119369,1.1369762207706591
3FKY,14630,25.537905084980785,1.137038453583322
3FKY,14631,25.538563370397725,1.13705310809407
3FKY,14632,25.539733421655381,1.1370791548838206
3FKY,14633,25.541455166623908,1.137117481973756
3FKY,14634,25.542572923772219,1.137142363236006
3FKY,14635,25.544027251347728,1.1371747357374233
3FKY,14636,25.546370260919982,1.1372268878544307
3FKY,14637,25.547323170211644,1.1372480975987451
3FKY,14638,25.548620584936959,1.1372769746690705
3FKY,14639,25.550050175460459,1.1373087927791141
3FKY,14640,25.551941209778299,1.1373508797838188
3FKY,14641,25.553486530746525,1.1373852714094037
3FKY,14642,25.554228207122691,1.1374017772913785
3FKY,14643,25.555498401383041,1.1374300446928665
3FKY,14644,25.557229508854729,1.1374685683067338
3FKY,14645,25.559073424239106,1.1375096008834849
3FKY,14646,25.560232254624559,1.1375353875332268
3FKY,14647,25.561672129794442,1.1375674272634759
3FKY,14648,25.563111188876665,1.1375994479327427
3FKY,14649,25.565523250645896,1.1376531169754462
3FKY,14650,25.566025328547259,1.1376642880295158
3FKY,14651,25.567349801138391,1.1376937565455087
3FKY,14652,25.569049566726608,1.1377315739292526
3FKY,14653,25.569985530937693,1.1377523972744337
3FKY,14654,25.570978135999209,1.1377744803496692
3FKY,14655,25.572023702639136,1.1377977412291282
3FKY,14656,25.573363424489358,1.1378275455290989
3FKY,14657,25.574865269885205,1.1378609556039518
3FKY,14658,25.575532209591284,1.1378757920399567
3FKY,14659,25.576618336615308,1.1378999531114984
3FKY,14660,25.578044616414299,1.1379316801574573
3FKY,14661,25.579605905226241,1.1379664094128958
3FKY,14662,25.581611899702981,1.1380110291304137
3FKY,14663,25.582772923117652,1.1380368531962535
3FKY,14664,25.583824833408926,1.1380602498072441
3FKY,14665,25.585087547633389,1.1380883344885584
3FKY,14666,25.585668247371437,1.1381012498996648
3FKY,14667,25.58731014579088,1.1381377667622947
3FKY,14668,25.588011695833938,1.13815336932313
3FKY,14669,25.588889067572783,1.1381728818794938
3FKY,14670,25.5907060219233,1.1382132894848254
3FKY,14671,25.59145541583322,1.1382299549856159
3FKY,14672,25.594156310491318,1.1382900171830654
3FKY,14673,25.595140681677581,1.1383119067329162
3FKY,14674,25.597421551768626,1.1383626250269667
3FKY,14675,25.598333486683252,1.1383829025259207
3FKY,14676,25.599751084482218,1.1384144230691704
3FKY,14677,25.601383151702706,1.138450711298012
3FKY,14678,25.60273989804406,1.1384808770192325
3FKY,14679,25.604001153412529,1.1385089188897508
3FKY,14680,25.605753372838532,1.1385478753657883
3FKY,14681,25.607716540584985,1.1385915201981416
3FKY,14682,25.608779251667276,1.1386151455235678
3FKY,14683,25.609813911753967,1.1386381467711963
3FKY,14684,25.611626095986299,1.1386784318275753
3FKY,14685,25.61342856026948,1.1387184993946673
3FKY,14686,25.614573086354895,1.1387439407069162
3FKY,14687,25.614990280213082,1.1387532142373022
3FKY,14688,25.616176231827961,1.1387795755703958
3FKY,14689,25.6173229296705,1.1388050637903613
3FKY,14690,25.618562190900413,1.1388326088211267
3FKY,14691,25.619473317053799,1.1388528599761465
3FKY,14692,25.62072147231088,1.138880601527543
3FKY,14693,25.621955303174055,1.1389080240402147
3FKY,14694,25.62360023623755,1.1389445824795543
3FKY,14695,25.624451083636309,1.1389634920001117
3FKY,14696,25.625392918502833,1.1389844232908568
3FKY,14697,25.627067009131739,1.139021627247391
3FKY,14698,25.628214573567075,1.1390471293088944
3FKY,14699,25.629481391959377,1.1390752808607267
3FKY,14700,25.630190546135754,1.1390910395565943
3FKY,14701,25.6324457604162,1.1391411530715017
3FKY,14702,25.634415322946282,1.1391849172650397
3FKY,14703,25.635138944684602,1.13920099590663
3FKY,14704,25.63718375821907,1.1392464297770875
3FKY,14705,25.638093878552546,1.1392666512286413
3FKY,14706,25.640079244663809,1.1393107617156548
3FKY,14707,25.640911542777875,1.1393292530489727
3FKY,14708,25.644134589024134,1.1394008572795384
3FKY,14709,25.64450090692814,1.1394089952309649
3FKY,14710,25.645567083923158,1.1394326806018904
3FKY,14711,25.646090453721264,1.1394443072040155
3FKY,14712,25.646856055656006,1.1394613147525392
3FKY,14713,25.648694575316345,1.139502155713358
3FKY,14714,25.650207602593866,1.1395357650733542
3FKY,14715,25.650850987535186,1.13955005648895
3FKY,14716,25.652991348306752,1.1395975987198417
3FKY,14717,25.654510397828624,1.1396313390259474
3FKY,14718,25.655824993398696,1.139660537305214
3FKY,14719,25.657836668180789,1.1397052168550657
3FKY,14720,25.658592503217825,1.1397220035935969
3FKY,14721,25.660269641540886,1.1397592511592118
3FKY,14722,25.66147586154031,1.1397860393470689
3FKY,14723,25.661945755703702,1.1397964747631482
3FKY,14724,25.66219119956892,1.1398019255459153
3FKY,14725,25.664526965975877,1.1398537966127624
3FKY,14726,25.665876048866224,1.1398837550267364
3FKY,14727,25.667544013923955,1.1399207936101967
3FKY,14728,25.667904431160043,1.1399287968235021
3FKY,14729,25.669114480876409,1.1399556660652941
3FKY,14730,25.670858835201148,1.139994398465211
3FKY,14731,25.671789857388706,1.1400150707470069
3FKY,14732,25.673615588402232,1.1400556079257114
3FKY,14733,25.674419040209077,1.1400734467176159
3FKY,14734,25.675095650583359,1.1400884690719324
3FKY,14735,25.676220073967801,1.1401134334988865
3FKY,14736,25.678572186522612,1.1401656532902169
3FKY,14737,25.680672690356189,1.1402122850369936
3FKY,14738,25.681177459974215,1.1402234907732758
3FKY,14739,25.682191736218389,1.1402460070730598
3FKY,14740,25.683970657480479,1.1402854969414236
3FKY,14741,25.684448515847116,1.140296104577561
3FKY,14742,25.686655822790975,1.1403451017252599
3FKY,14743,25.686788934413901,1.1403480564304496
3FKY,14744,25.688681884537491,1.1403900737926083
3FKY,14745,25.689486628281053,1.140407936028476
3FKY,14746,25.690873109883515,1.1404387099655349
3FKY,14747,25.692194018931946,1.1404680277010968
3FKY,14748,25.693823836635939,1.1405042006628885
3FKY,14749,25.695190182697338,1.14053452512366
3FKY,14750,25.695428287794488,1.1405398095067072
3FKY,14751,25.698361393308801,1.140604903345702
3FKY,14752,25.699642645417271,1.1406333367582455
3FKY,14753,25.70053782217942,1.1406532020065665
3FKY,14754,25.701434294032566,1.1406730956480908
3FKY,14755,25.703911251489505,1.1407280601031327
3FKY,14756,25.707134762834986,1.1407995868549925
3FKY,14757,25.707811886873415,1.1408146110446546
3FKY,14758,25.708563140390272,1.1408312798053257
3FKY,14759,25.70987221417057,1.1408603248611924
3FKY,14760,25.711817389892836,1.1409034820541679
3FKY,14761,25.713135527813293,1.1409327263671369
3FKY,14762,25.714038684306601,1.1409527634363403
3FKY,14763,25.715784800176284,1.1409915010677882
3FKY,14764,25.716512105107867,1.1410076359609018
3FKY,14765,25.718306044349738,1.1410474326228537
3FKY,14766,25.719858086965996,1.1410818619418388
3FKY,14767,25.720923172930558,1.1411054883881726
3FKY,14768,25.721262048833879,1.141113005456609
3FKY,14769,25.723705610735344,1.1411672079688748
3FKY,14770,25.724002057754078,1.1411737835114335
3FKY,14771,25.726054241674394,1.1412193023186938
3FKY,14772,25.728196544350013,1.141266818083186
3FKY,14773,25.728388991331279,1.1412710864146809
3FKY,14774,25.728804621800641,1.1412803047361579
3FKY,14775,25.729404091018818,1.1412936003096783
3FKY,14776,25.730753384279307,1.1413235255961125
3FKY,14777,25.731756392809334,1.1413457703018717
3FKY,14778,25.733914703261675,1.1413936358034515
3FKY,14779,25.735282404005805,1.1414239666761838
3FKY,14780,25.736864403946228,1.1414590489587342
3FKY,14781,25.739660920034204,1.1415210616001492
3FKY,14782,25.74117356215465,1.1415546029796733
3FKY,14783,25.742088484803521,1.1415748900283234
3FKY,14784,25.743010517481828,1.1415953343665686
3FKY,14785,25.744573019645816,1.1416299790735918
3FKY,14786,25.745787548810487,1.1416569075946288
3FKY,14787,25.747506601507059,1.1416950213175563
3FKY,14788,25.748779657453053,1.1417232458694011
3FKY,14789,25.749692129747928,1.1417434755970752
3FKY,14790,25.751052064207364,1.1417736250021271
3FKY,14791,25.752795344791313,1.1418122719300492
3FKY,14792,25.754129905115381,1.1418418570215694
3FKY,14793,25.754779886205949,1.1418562657966966
3FKY,14794,25.756142398311489,1.1418864693630972
3FKY,14795,25.756242794257911,1.1418886948644804
3FKY,14796,25.758655494526199,1.1419421764740931
3FKY,14797,25.760882096080415,1.1419915306665243
3FKY,14798,25.761276867593494,1.1420002808326803
3FKY,14799,25.762963542973342,1.1420376654747537
3FKY,14800,25.76331521764634,1.1420454600817544
3FKY,14801,25.764957457809388,1.1420818584066559
3FKY,14802,25.766350607426521,1.1421127350226719
3FKY,14803,25.768467035279908,1.1421596401821619
3FKY,14804,25.769517417800436,1.1421829184837895
3FKY,14805,25.770873205617434,1.142212964396037
3FKY,14806,25.771157135031572,1.142219256518193
3FKY,14807,25.772699937653382,1.1422534457569837
3FKY,14808,25.774420336391437,1.1422915694032836
3FKY,14809,25.775820729572214,1.142322600859579
3FKY,14810,25.777468501647203,1.1423591129307324
3FKY,14811,25.778747950185657,1.1423874627192601
3FKY,14812,25.77972287765051,1.1424090645128202
3FKY,14813,25.780547478460008,1.1424273351496093
3FKY,14814,25.781494169708264,1.1424483105775425
3FKY,14815,25.782764383148269,1.1424764535415517
3FKY,14816,25.783917458739893,1.1425020005884923
3FKY,14817,25.784842219195863,1.1425224887706984
3FKY,14818,25.786082924106168,1.1425499761642266
3FKY,14819,25.788572681465439,1.1426051338932395
3FKY,14820,25.789793228763024,1.1426321727511999
3FKY,14821,25.790586869762141,1.1426497539848808
3FKY,14822,25.791426379820944,1.1426683510443594
3FKY,14823,25.791784488987872,1.142676283885778
3FKY,14824,25.792554488395179,1.1426933407415159
3FKY,14825,25.793792929817961,1.1427207738866194
3FKY,14826,25.795245607715295,1.1427529518188029
3FKY,14827,25.796631886561173,1.1427836581160755
3FKY,14828,25.797331867162612,1.1427991624844269
3FKY,14829,25.798776565252115,1.1428311614651958
3FKY,14830,25.799139126661814,1.1428391917882648
3FKY,14831,25.800158443597468,1.1428617681973274
3FKY,14832,25.800881850885631,1.1428777903612815
3FKY,14833,25.802496326273936,1.142913547263142
3FKY,14834,25.803229458348582,1.1429297840763872
3FKY,14835,25.806212939917778,1.1429958574217747
3FKY,14836,25.808326805069093,1.1430426695913951
3FKY,14837,25.809776618719376,1.1430747750355916
3FKY,14838,25.810180850352644,1.1430837263950104
3FKY,14839,25.811937795321207,1.1431226316052605
3FKY,14840,25.812578846354363,1.1431368264983373
3FKY,14841,25.814915557146172,1.1431885671578967
3FKY,14842,25.815852705331096,1.1432093173200553
3FKY,14843,25.818159789584112,1.1432603987489884
3FKY,14844,25.818624036669142,1.1432706774234944
3FKY,14845,25.820519295273748,1.1433126384866186
3FKY,14846,25.821471061643368,1.1433337100320691
3FKY,14847,25.823143172150704,1.1433707286309762
3FKY,14848,25.824221663771613,1.1433946045562915
3FKY,14849,25.82561334349138,1.1434254131836721
3FKY,14850,25.826351271577185,1.1434417488982964
3FKY,14851,25.826925629952701,1.1434544634642674
3FKY,14852,25.829141370133922,1.1435035119592023
3FKY,14853,25.830024492216921,1.1435230605101421
3FKY,14854,25.830450145340954,1.1435324825329125
3FKY,14855,25.831598191689817,1.1435578946665959
3FKY,14856,25.833328984850414,1.1435962048984125
3FKY,14857,25.834445729121935,1.143620922787266
3FKY,14858,25.836185520491849,1.1436594300642564
3FKY,14859,25.837836362344088,1.1436959673985345
3FKY,14860,25.838623396349711,1.1437133860544801
3FKY,14861,25.839682298575386,1.1437368212859893
3FKY,14862,25.841221427143388,1.1437708838526772
3FKY,14863,25.842083056698982,1.1437899521963752
3FKY,14864,25.843343327839673,1.1438178421286684
3FKY,14865,25.845064864345918,1.1438559388128875
3FKY,14866,25.846789772917649,1.1438941088465995
3FKY,14867,25.847721750537136,1.1439147317964493
3FKY,14868,25.848645716339494,1.1439351770925164
3FKY,14869,25.849496032345979,1.1439539923604949
3FKY,14870,25.850743301417573,1.1439815906011184
3FKY,14871,25.851276730493272,1.1439933935478919
3FKY,14872,25.852374763526186,1.1440176888507945
3FKY,14873,25.853771967249813,1.1440486029194834
3FKY,14874,25.856020632513125,1.1440983543913421
3FKY,14875,25.856465296862382,1.1441081922850032
3FKY,14876,25.857592279934426,1.1441331256334117
3FKY,14877,25.858332158538069,1.1441494943957236
3FKY,14878,25.859949978611994,1.1441852855491685
3FKY,14879,25.861261046001761,1.1442142895689773
3FKY,14880,25.862469102226783,1.1442410140788657
3FKY,14881,25.864255146068043,1.1442805236346962
3FKY,14882,25.864783294047808,1.1442922066767607
3FKY,14883,25.867798017085132,1.1443588923999912
3FKY,14884,25.868119730850019,1.144366008484297
3FKY,14885,25.868631505438383,1.1443773284903971
3FKY,14886,25.869764605953534,1.1444023912839389
3FKY,14887,25.871042454539225,1.1444306550687324
3FKY,14888,25.872027966614102,1.1444524524023876
3FKY,14889,25.872817626227111,1.1444699176159012
3FKY,14890,25.874153209976896,1.1444994566425448
3FKY,14891,25.876811799912431,1.1445582542494579
3FKY,14892,25.877555262385574,1.1445746961899297
3FKY,14893,25.880754450875997,1.1446454447013701
3FKY,14894,25.88198108465529,1.1446725699564371
3FKY,14895,25.882714526862294,1.1446887886768191
3FKY,14896,25.882952504650692,1.1446940510668959
3FKY,14897,25.884395486337453,1.1447259591255166
3FKY,14898,25.885928266811234,1.1447598518935398
3FKY,14899,25.886110727905518,1.1447638863976346
3FKY,14900,25.887915774925077,1.1448037980831396
3FKY,14901,25.890211162881638,1.1448545497664249
3FKY,14902,25.891333476900794,1.1448793636309909
3FKY,14903,25.891948070859549,1.1448929518025974
3FKY,14904,25.89248815838075,1.1449048925644547
3FKY,14905,25.894248095123988,1.1449438020338167
3FKY,14906,25.896221749558485,1.1449874348967322
3FKY,14907,25.897068153306467,1.1450061463857475
3FKY,14908,25.898100527004583,1.1450289687076074
3FKY,14909,25.899812484081902,1.1450668133373907
3FKY,14910,25.900786529373054,1.1450883450850029
3FKY,14911,25.901288572616902,1.1450994428383636
3FKY,14912,25.90205827027361,1.1451164569302992
3FKY,14913,25.905435234167104,1.1451911014017311
3FKY,14914,25.906332935712349,1.1452109433944639
3FKY,14915,25.907125584506872,1.1452284631092873
3FKY,14916,25.908772651541142,1.1452648669562298
3FKY,14917,25.90989498032161,1.1452896722571027
3FKY,14918,25.910700387141492,1.1453074727334307
3FKY,14919,25.912613510978048,1.1453497540023587
3FKY,14920,25.914145592747257,1.1453836128707404
3FKY,14921,25.915672801455873,1.1454173630488163
3FKY,14922,25.917474880090538,1.1454571863690863
3FKY,14923,25.918139454574856,1.145471872150448
3FKY,14924,25.919036280460908,1.1454916899298457
3FKY,14925,25.919378917380669,1.1454992613233743
3FKY,14926,25.922324691280309,1.1455643532757405
3FKY,14927,25.923047098100355,1.1455803155350264
3FKY,14928,25.923713166765026,1.1455950327526212
3FKY,14929,25.924573097655543,1.1456140332017637
3FKY,14930,25.925589114816386,1.1456364820210552
3FKY,14931,25.928393795590086,1.1456984489392259
3FKY,14932,25.929050798245814,1.1457129643419395
3FKY,14933,25.929832436198939,1.1457302331188488
3FKY,14934,25.933528236806854,1.145811881151678
3FKY,14935,25.93410978820658,1.1458247283192828
3FKY,14936,25.934816610555433,1.145840342678407
3FKY,14937,25.935320757381053,1.1458514796178501
3FKY,14938,25.936422237546111,1.1458758116723522
3FKY,14939,25.937449535026886,1.1458985045416266
3FKY,14940,25.938741544215656,1.1459270442204939
3FKY,14941,25.940354655200284,1.1459626758404979
3FKY,14942,25.942057341135708,1.146000284858165
3FKY,14943,25.943337592419653,1.1460285623038569
3FKY,14944,25.94463705047275,1.1460572632640058
3FKY,14945,25.945866018495703,1.1460844066587526
3FKY,14946,25.94815891916792,1.1461350467038671
3FKY,14947,25.949226044636564,1.146158614027625
3FKY,14948,25.949675016426394,1.1461685293649386
3FKY,14949,25.950832177499027,1.1461940843443088
3FKY,14950,25.951688352795006,1.1462129919261286
3FKY,14951,25.953697254465439,1.1462573548323749
3FKY,14952,25.955455088849032,1.1462961719699591
3FKY,14953,25.956733635638258,1.1463244044790231
3FKY,14954,25.958426175918589,1.1463617776059523
3FKY,14955,25.960206832060337,1.1464010951115908
3FKY,14956,25.96177710667687,1.1464357662012803
3FKY,14957,25.961965254018338,1.1464399203554796
3FKY,14958,25.963535609902937,1.1464745920653177
3FKY,14959,25.965295472230022,1.1465134466205116
3FKY,14960,25.965569998142708,1.1465195075339865
3FKY,14961,25.966608530193064,1.1465424356913372
3FKY,14962,25.967398857903703,1.1465598838182745
3FKY,14963,25.968468255707641,1.1465834925748755
3FKY,14964,25.970806354297707,1.1466351083436794
3FKY,14965,25.972650310903227,1.146675813815516
3FKY,14966,25.973431461407909,1.1466930573321596
3FKY,14967,25.974419950295356,1.1467148773708757
3FKY,14968,25.97566558807036,1.1467423731580089
3FKY,14969,25.977925714108657,1.1467922607328456
3FKY,14970,25.978200953180089,1.1467983359138354
3FKY,14971,25.981103896499931,1.1468624088182109
3FKY,14972,25.982716099702056,1.1468979913433524
3FKY,14973,25.983159924728664,1.1469077866983852
3FKY,14974,25.986245876500455,1.1469758922914794
3FKY,14975,25.987128212555074,1.1469953643152184
3FKY,14976,25.987720679940001,1.1470084391241253
3FKY,14977,25.98876377458889,1.147031458194832
3FKY,14978,25.990099473552412,1.1470609337993298
3FKY,14979,25.990946355292525,1.14707962201265
3FKY,14980,25.992571067436742,1.1471154738251006
3FKY,14981,25.994158445663604,1.1471505007241727
3FKY,14982,25.994814379789823,1.1471649741762775
3FKY,14983,25.996255129328031,1.1471967642572183
3FKY,14984,25.997000220602715,1.1472132043208065
3FKY,14985,25.99878889944554,1.1472526696567023
3FKY,14986,25.999891228212675,1.1472769907168308
3FKY,14987,26.001722076520238,1.1473173842158224
3FKY,14988,26.002056318208719,1.1473247583440864
3FKY,14989,26.002651648864152,1.1473378925685964
3FKY,14990,26.003805368699982,1.1473633455843171
3FKY,14991,26.005918262263421,1.1474099581348793
3FKY,14992,26.007085003960935,1.1474356968150861
3FKY,14993,26.008978635182057,1.1474774696725387
3FKY,14994,26.010895257493242,1.1475197481571267
3FKY,14995,26.012259516957474,1.1475498412034104
3FKY,14996,26.013186900284772,1.1475702971177479
3FKY,14997,26.014290899991511,1.1475946483022961
3FKY,14998,26.015130358544685,1.1476131640937746
3FKY,14999,26.018180515977562,1.1476804383718335
3FKY,15000,26.018395730756204,1.147685185000457
3FKY,15001,26.020054752276831,1.1477217745751862
3FKY,15002,26.021103497855897,1.1477449039655783
3FKY,15003,26.02229934349662,1.1477712769818369
3FKY,15004,26.023110344929872,1.1477891623517251
3FKY,15005,26.024419488769752,1.147818032886297
3FKY,15006,26.02627173645574,1.1478588792434687
3FKY,15007,26.027523566966085,1.1478864841863319
3FKY,15008,26.02824739987684,1.1479024456018747
3FKY,15009,26.030117231430765,1.1479436766850464
3FKY,15010,26.0311456643207,1.1479663537126144
3FKY,15011,26.032419723743818,1.147994446203696
3FKY,15012,26.032934537216065,1.1480057974359552
3FKY,15013,26.03393123673105,1.1480277735575519
3FKY,15014,26.035422137899285,1.1480606454935869
3FKY,15015,26.035494856306837,1.1480622487916472
3FKY,15016,26.037014282234715,1.1480957486369037
3FKY,15017,26.039165868256756,1.1481431844854972
3FKY,15018,26.039325296870544,1.148146699317675
3FKY,15019,26.042441628286277,1.14821540114736
3FKY,15020,26.043674985725499,1.1482425902884605
3FKY,15021,26.044243720783051,1.1482551277327882
3FKY,15022,26.045258972350016,1.1482775080420322
3FKY,15023,26.046033508526765,1.1482945817033048
3FKY,15024,26.048082103020572,1.1483397391301131
3FKY,15025,26.051000683532333,1.1484040707015211
3FKY,15026,26.051233754512275,1.1484092079142278
3FKY,15027,26.054471540864821,1.1484805709093566
3FKY,15028,26.055722710133534,1.1485081463361548
3FKY,15029,26.056627752916729,1.1485280928176766
3FKY,15030,26.0581136158264,1.14856083939912
3FKY,15031,26.060059330427531,1.1486037191315785
3FKY,15032,26.060992046729513,1.1486242738013512
3FKY,15033,26.061818469180952,1.1486424857205508
3FKY,15034,26.06227503227192,1.1486525469038782
3FKY,15035,26.062781273383074,1.1486637027280953
3FKY,15036,26.065200867425631,1.148717020816451
3FKY,15037,26.06699273005977,1.1487565046428576
3FKY,15038,26.068481412863147,1.1487893068470809
3FKY,15039,26.068894881625841,1.1487984172091761
3FKY,15040,26.069429388400778,1.1488101944132414
3FKY,15041,26.07131902420349,1.1488518292627217
3FKY,15042,26.072399341945637,1.1488756315136979
3FKY,15043,26.075553538483682,1.148945123966213
3FKY,15044,26.076505939179164,1.1489661061889271
3FKY,15045,26.076720154425779,1.1489708254859239
3FKY,15046,26.078345922629783,1.1490066415530995
3FKY,15047,26.079103197310211,1.1490233241165428
3FKY,15048,26.08101615360011,1.1490654649653369
3FKY,15049,26.081326648808332,1.1490723047728206
3FKY,15050,26.083239190102315,1.1491144346839135
3FKY,15051,26.083631719114411,1.1491230812146134
3FKY,15052,26.084614861657833,1.1491447373466182
3FKY,15053,26.086341467112579,1.1491827690896581
3FKY,15054,26.086904936083698,1.1491951802845493
3FKY,15055,26.089437618962023,1.1492509645242648
3FKY,15056,26.090482560269798,1.1492739793511635
3FKY,15057,26.09166367590699,1.1492999928620864
3FKY,15058,26.092400080754633,1.1493162115311013
3FKY,15059,26.09489637729396,1.1493711885637758
3FKY,15060,26.095551510609667,1.1493856164162723
3FKY,15061,26.097640935179406,1.1494316301300644
3FKY,15062,26.098412884080862,1.1494486296727635
3FKY,15063,26.099351823145838,1.1494693062656167
3FKY,15064,26.100782055216293,1.1495008010198708
3FKY,15065,26.101177008095629,1.1495094980185423
3FKY,15066,26.102459373584544,1.1495377356954044
3FKY,15067,26.104127562536576,1.1495744681635089
3FKY,15068,26.105516234521517,1.1496050449491999
3FKY,15069,26.106047665596741,1.1496167461684068
3FKY,15070,26.108446339522136,1.1496695594553716
3FKY,15071,26.110056009905382,1.1497049993374213
3FKY,15072,26.111260602993131,1.1497315199760887
3FKY,15073,26.112335622915698,1.1497551873812561
3FKY,15074,26.113366252854377,1.1497778770487597
3FKY,15075,26.115624081653799,1.1498275823503816
3FKY,15076,26.116510859580707,1.1498471038648024
3FKY,15077,26.118102549206018,1.1498821424622416
3FKY,15078,26.118678541872331,1.1498948217912308
3FKY,15079,26.119637605175438,1.1499159333455671
3FKY,15080,26.120688215389265,1.1499390596479806
3FKY,15081,26.12176124667312,1.1499626790086828
3FKY,15082,26.122863205434076,1.1499869346106069
3FKY,15083,26.123469625512769,1.1500002825180453
3FKY,15084,26.126108250405224,1.1500583594656251
3FKY,15085,26.128111306118708,1.1501024453813928
3FKY,15086,26.129712370600465,1.1501376825239875
3FKY,15087,26.131368572237729,1.1501741320206844
3FKY,15088,26.132187244117009,1.1501921488314133
3FKY,15089,26.135226037786545,1.1502590222045399
3FKY,15090,26.135650720766524,1.1502683677032961
3FKY,15091,26.136654478093249,1.1502904559081897
3FKY,15092,26.139089846597454,1.1503440457028482
3FKY,15093,26.139808625516135,1.1503598618114048
3FKY,15094,26.140406082099407,1.1503730081613888
3FKY,15095,26.142038129694352,1.15040891873967
3FKY,15096,26.143318766586262,1.1504370963066297
3FKY,15097,26.143419552483227,1.1504393138468727
3FKY,15098,26.144376335044051,1.1504603652284617
3FKY,15099,26.147774245514078,1.1505351238354917
3FKY,15100,26.148297721096672,1.1505466405715674
3FKY,15101,26.149737806637038,1.1505783226104167
3FKY,15102,26.152395559639114,1.1506367911755344
3FKY,15103,26.15310170219437,1.1506523252805734
3FKY,15104,26.153579686522431,1.1506628401187717
3FKY,15105,26.155896971740901,1.1507138150706211
3FKY,15106,26.156509325939702,1.1507272850791788
3FKY,15107,26.158900087727073,1.1507798733646601
3FKY,15108,26.159309020735094,1.1507888682007288
3FKY,15109,26.161245459033438,1.1508314608853756
3FKY,15110,26.162801610713686,1.1508656878812489
3FKY,15111,26.164962242758293,1.150913208517323
3FKY,15112,26.165558961435647,1.1509263323178769
3FKY,15113,26.166042235230265,1.1509369609837596
3FKY,15114,26.16750006636547,1.1509690225456775
3FKY,15115,26.168765103962293,1.1509968433441036
3FKY,15116,26.170024328914455,1.1510245356426136
3FKY,15117,26.171500043151539,1.1510569880264603
3FKY,15118,26.172866985913945,1.1510870476040869
3FKY,15119,26.173575559422563,1.1511026290890691
3FKY,15120,26.175921391631576,1.1511542122805911
3FKY,15121,26.176154811886963,1.1511593449005126
3FKY,15122,26.1783296063455,1.1512071648149349
3FKY,15123,26.179825538158539,1.1512400565778087
3FKY,15124,26.18150806148142,1.1512770498939415
3FKY,15125,26.182310669109544,1.1512946962544692
3FKY,15126,26.184297892085478,1.1513383867425022
3FKY,15127,26.185629859442493,1.1513676700490927
3FKY,15128,26.186866978591933,1.1513948674504402
3FKY,15129,26.187753327412199,1.1514143529591085
3FKY,15130,26.189395975381618,1.1514504640902685
3FKY,15131,26.189902853607901,1.1514616068127934
3FKY,15132,26.191181874580685,1.1514897230981471
3FKY,15133,26.193327812334608,1.1515368949796787
3FKY,15134,26.195382974290006,1.1515820696213672
3FKY,15135,26.196943283232887,1.1516163656850595
3FKY,15136,26.198917042886404,1.151659748057613
3FKY,15137,26.19999034858218,1.1516833381606999
3FKY,15138,26.201831024987957,1.1517237931205622
3FKY,15139,26.202382433729639,1.1517359118771817
3FKY,15140,26.203599038121638,1.1517626497264566
3FKY,15141,26.204492361267317,1.1517822822865258
3FKY,15142,26.205609423775869,1.1518068314950445
3FKY,15143,26.207778885956756,1.1518545073495874
3FKY,15144,26.209505326085452,1.1518924459918451
3FKY,15145,26.21138276479158,1.1519337014201703
3FKY,15146,26.212895460903663,1.1519669408052682
3FKY,15147,26.214873654458508,1.1520104073995867
3FKY,15148,26.21562073682858,1.152026822518446
3FKY,15149,26.217278407076765,1.1520632445131913
3FKY,15150,26.218474396054233,1.1520895218255591
3FKY,15151,26.220802201043703,1.152140664774852
3FKY,15152,26.222075851331564,1.1521686464982723
3FKY,15153,26.223337568560481,1.1521963653858549
3FKY,15154,26.223946295902969,1.1522097383853722
3FKY,15155,26.226386332945818,1.1522633414742405
3FKY,15156,26.227956782164775,1.1522978400123345
3FKY,15157,26.2289047597658,1.1523186640262075
3FKY,15158,26.230394798028854,1.152351394605921
3FKY,15159,26.23279372207222,1.1524040880610873
3FKY,15160,26.234833435068175,1.1524488893874325
3FKY,15161,26.236027512378996,1.1524751159197264
3FKY,15162,26.237061274453119,1.1524978208305598
3FKY,15163,26.238746843230636,1.1525348406614659
3FKY,15164,26.239569994629811,1.1525529189491188
3FKY,15165,26.240973043393527,1.1525837324558235
3FKY,15166,26.241732421564649,1.1526004094401974
3FKY,15167,26.243805281310774,1.1526459310501027
3FKY,15168,26.244625092195044,1.1526639342377181
3FKY,15169,26.246561612349037,1.152706459435866
3FKY,15170,26.246732840773561,1.1527102194672179
3FKY,15171,26.248220406158495,1.1527428846285601
3FKY,15172,26.250356519865377,1.1527897895185335
3FKY,15173,26.251018525320998,1.1528043254795566
3FKY,15174,26.25202031691407,1.1528263219339567
3FKY,15175,26.254018110680839,1.1528701864708002
3FKY,15176,26.254144538546093,1.1528729623266807
3FKY,15177,26.256802683341743,1.1529313231256126
3FKY,15178,26.257973844227298,1.1529570355672438
3FKY,15179,26.25981183332566,1.1529973868409726
3FKY,15180,26.260540669434086,1.1530133873420987
3FKY,15181,26.261308608943391,1.153030246059382
3FKY,15182,26.262686971391624,1.1530605048854552
3FKY,15183,26.26545898460153,1.1531213557537872
3FKY,15184,26.267001823858759,1.1531552225666974
3FKY,15185,26.268810363934822,1.1531949205031213
3FKY,15186,26.269508012657713,1.1532102337131753
3FKY,15187,26.270144267007737,1.1532241991552497
3FKY,15188,26.272131685621151,1.1532678208397955
3FKY,15189,26.273336055746228,1.1532942546558327
3FKY,15190,26.274068188505893,1.153310323392239
3FKY,15191,26.276154710006313,1.1533561168147806
3FKY,15192,26.277850161477673,1.1533933259841618
3FKY,15193,26.279155460898906,1.1534219718767313
3FKY,15194,26.281018803629845,1.1534628632659836
3FKY,15195,26.282007344107338,1.153484556374915
3FKY,15196,26.283634571971522,1.1535202643239773
3FKY,15197,26.284321909028328,1.1535353469419822
3FKY,15198,26.287338322729816,1.1536015354480926
3FKY,15199,26.287984987621765,1.1536157245800491
3FKY,15200,26.29031281848598,1.1536668004393005
3FKY,15201,26.291829440446179,1.1537000760260823
3FKY,15202,26.292324090998957,1.1537109287455078
3FKY,15203,26.292760060927694,1.1537204939171639
3FKY,15204,26.294755282468433,1.1537642680266038
3FKY,15205,26.296703571797028,1.1538070108654326
3FKY,15206,26.297917087986438,1.1538336329728449
3FKY,15207,26.299384552487407,1.1538658253755827
3FKY,15208,26.300724978465414,1.1538952300944882
3FKY,15209,26.302320985046521,1.1539302404686258
3FKY,15210,26.30327534021767,1.1539511749196842
3FKY,15211,26.305354965767247,1.1539967916515048
3FKY,15212,26.30670351888412,1.154026371294655
3FKY,15213,26.307713439367564,1.1540485227528272
3FKY,15214,26.308552402812836,1.1540669241393238
3FKY,15215,26.309190269140569,1.1540809145702227
3FKY,15216,26.312234449337609,1.1541476807574136
3FKY,15217,26.313472283349896,1.1541748283274025
3FKY,15218,26.314392007260064,1.1541949988487823
3FKY,15219,26.316420282090888,1.1542394798224722
3FKY,15220,26.318263806267367,1.1542799076447123
3FKY,15221,26.319709598977571,1.154311612368272
3FKY,15222,26.321494364884803,1.1543507492189249
3FKY,15223,26.323017718327471,1.1543841526936898
3FKY,15224,26.324628840984204,1.1544194796844107
3FKY,15225,26.325492175930929,1.1544384095336153
3FKY,15226,26.327596949302837,1.1544845583889185
3FKY,15227,26.329054524003716,1.1545165158098383
3FKY,15228,26.330197765631777,1.15454158083852
3FKY,15229,26.332016111112402,1.1545814460769173
3FKY,15230,26.333077825428962,1.154604722367071
3FKY,15231,26.334357696888269,1.1546327807597396
3FKY,15232,26.336959333223064,1.1546898138653592
3FKY,15233,26.337761933526291,1.1547074079110986
3FKY,15234,26.339376625042,1.1547428032435412
3FKY,15235,26.339733521089194,1.1547506265445975
3FKY,15236,26.341202836765959,1.1547828339611204
3FKY,15237,26.34165253985239,1.1547926912784074
3FKY,15238,26.344988068385533,1.1548658021441356
3FKY,15239,26.346557422495486,1.1549001989409449
3FKY,15240,26.348585924538796,1.1549446577346365
3FKY,15241,26.349829899646448,1.1549719211606841
3FKY,15242,26.350584604650461,1.1549884612455787
3FKY,15243,26.351839015816015,1.1550159523468435
3FKY,15244,26.352746819064073,1.1550358469394442
3FKY,15245,26.356367835737263,1.1551151984474097
3FKY,15246,26.357000488637389,1.1551290619395167
3FKY,15247,26.358225158239105,1.1551558979790801
3FKY,15248,26.35981415842582,1.1551907166222846
3FKY,15249,26.360284188293718,1.1552010158549764
3FKY,15250,26.362349556567498,1.1552462708449787
3FKY,15251,26.363402472630717,1.1552693409663957
3FKY,15252,26.365505912990169,1.1553154274245314
3FKY,15253,26.366703203266439,1.1553416592789181
3FKY,15254,26.36804730292004,1.1553711069220689
3FKY,15255,26.369330061013223,1.1553992099438162
3FKY,15256,26.372096975412216,1.1554598259481996
3FKY,15257,26.373428624630638,1.1554889978368146
3FKY,15258,26.375927057865461,1.1555437279932073
3FKY,15259,26.376472501543891,1.15555567602373
3FKY,15260,26.378474337954284,1.1555995255099993
3FKY,15261,26.378777231912814,1.1556061601452228
3FKY,15262,26.380840208744576,1.1556513468895773
3FKY,15263,26.383008709521373,1.1556988430899806
3FKY,15264,26.383795312862656,1.155716071409268
3FKY,15265,26.385014179577404,1.1557427667267082
3FKY,15266,26.385934124327843,1.155762914720877
3FKY,15267,26.388116501216736,1.1558107102264183
3FKY,15268,26.388771378679568,1.1558250520929425
3FKY,15269,26.389643445255754,1.1558441501413901
3FKY,15270,26.390163142210955,1.1558555312297596
3FKY,15271,26.3929105601126,1.1559156963661754
3FKY,15272,26.394130581346015,1.1559424123548032
3FKY,15273,26.3962827594444,1.1559895391814206
3FKY,15274,26.397444442093281,1.1560149760625822
3FKY,15275,26.397855365471347,1.1560239737466464
3FKY,15276,26.399361975498884,1.1560569622685688
3FKY,15277,26.401421061916906,1.156102046213717
3FKY,15278,26.402806653931499,1.1561323829282191
3FKY,15279,26.403788153928886,1.1561538718062792
3FKY,15280,26.405372520908969,1.156188558960439
3FKY,15281,26.406231125343719,1.156207356281963
3FKY,15282,26.407249381134505,1.1562296484349182
3FKY,15283,26.408642086240985,1.1562601375192132
3FKY,15284,26.409364661843142,1.1562759558192883
3FKY,15285,26.411236498091565,1.156316932210147
3FKY,15286,26.41280489118331,1.1563512648050136
3FKY,15287,26.413826097383559,1.1563736187668945
3FKY,15288,26.417386101787091,1.156451543041459
3FKY,15289,26.420114279225206,1.1565112560566699
3FKY,15290,26.421522000359236,1.1565420663634274
3FKY,15291,26.422823041605756,1.1565705410744695
3FKY,15292,26.423644673827731,1.1565885230333772
3FKY,15293,26.425655986838049,1.1566325407551339
3FKY,15294,26.427428904600866,1.1566713397916535
3FKY,15295,26.428524195160069,1.1566953087913769
3FKY,15296,26.42917667224869,1.1567095871620456
3FKY,15297,26.430923793943304,1.1567478191327527
3FKY,15298,26.433368668305928,1.1568013177866749
3FKY,15299,26.434303829965266,1.1568217803067125
3FKY,15300,26.434657359195967,1.1568295158791966
3FKY,15301,26.437131994963995,1.1568836619319387
3FKY,15302,26.438765497948033,1.1569194022634504
3FKY,15303,26.440047264687248,1.1569474459865461
3FKY,15304,26.440366353052251,1.1569544272024159
3FKY,15305,26.442098925626663,1.1569923327791978
3FKY,15306,26.443622043564432,1.1570256548389277
3FKY,15307,26.445358860148474,1.1570636509263508
3FKY,15308,26.448951067355342,1.1571422331696586
3FKY,15309,26.450776025716763,1.1571821534667353
3FKY,15310,26.451657253903864,1.1572014295181643
3FKY,15311,26.453059628780021,1.157232104509285
3FKY,15312,26.454808549203189,1.1572703585607866
3FKY,15313,26.455398895753184,1.1572832708967606
3FKY,15314,26.456093152879291,1.157298455829141
3FKY,15315,26.457640715574893,1.1573323037166028
3FKY,15316,26.4587664900512,1.1573569257402152
3FKY,15317,26.46071203236589,1.1573994758243686
3FKY,15318,26.461889820365052,1.1574252339378042
3FKY,15319,26.464556141816864,1.1574835440210278
3FKY,15320,26.465545434058175,1.1575051782170114
3FKY,15321,26.46644252211744,1.1575247957094463
3FKY,15322,26.468129536360191,1.1575616863814364
3FKY,15323,26.470405680028453,1.1576114579389065
3FKY,15324,26.471453250094626,1.1576343640312516
3FKY,15325,26.473179957714436,1.1576721191076915
3FKY,15326,26.475200753597552,1.1577163029649691
3FKY,15327,26.475989254875373,1.1577335427584645
3FKY,15328,26.476817187594961,1.1577516444047899
3FKY,15329,26.478542308124084,1.1577893609585388
3FKY,15330,26.480525085527098,1.15783270918333
3FKY,15331,26.480642754710768,1.1578352816602338
3FKY,15332,26.484006180502984,1.1579088102644195
3FKY,15333,26.484556330505949,1.1579208367724727
3FKY,15334,26.487938663625819,1.1579947732377971
3FKY,15335,26.489572961380748,1.1580304966493329
3FKY,15336,26.490036337027043,1.1580406251777156
3FKY,15337,26.492755131339717,1.1581000511717772
3FKY,15338,26.49458901017675,1.1581401334209078
3FKY,15339,26.495131457154837,1.1581519891700154
3FKY,15340,26.496326473804444,1.1581781070873123
3FKY,15341,26.498020490507518,1.1582151299874919
3FKY,15342,26.499205459499205,1.1582410268968835
3FKY,15343,26.500559545120908,1.1582706190574577
3FKY,15344,26.502434151361371,1.1583115854176151
3FKY,15345,26.503511549653282,1.158335129485935
3FKY,15346,26.504971075419093,1.1583670233104411
3FKY,15347,26.506113728978267,1.1583919921725654
3FKY,15348,26.509183196882169,1.1584590624368907
3FKY,15349,26.510246466667105,1.1584822948042934
3FKY,15350,26.511967529100932,1.1585198989058128
3FKY,15351,26.514793643970361,1.1585816450410389
3FKY,15352,26.516017810811871,1.1586083901268587
3FKY,15353,26.516970043113172,1.1586291936735429
3FKY,15354,26.517068773779929,1.1586313506342769
3FKY,15355,26.520233344473702,1.1587004846223123
3FKY,15356,26.521619412488434,1.1587307637053688
3FKY,15357,26.523537321581042,1.1587726597158912
3FKY,15358,26.525349030867154,1.1588122344399241
3FKY,15359,26.526050342984455,1.158827553440799
3FKY,15360,26.527598013561182,1.1588613590229571
3FKY,15361,26.529070738047977,1.1588935266510374
3FKY,15362,26.53047252671297,1.1589241440512161
3FKY,15363,26.532524826259884,1.1589689682340105
3FKY,15364,26.534372145476144,1.1590093139680671
3FKY,15365,26.535428010553325,1.1590323735919814
3FKY,15366,26.536355476870117,1.1590526286655622
3FKY,15367,26.538151913783921,1.1590918603093161
3FKY,15368,26.539548738041059,1.1591223640596917
3FKY,15369,26.542081702450446,1.159177676711622
3FKY,15370,26.543633841407036,1.1592115696546645
3FKY,15371,26.544219656691304,1.1592243614244817
3FKY,15372,26.545092205723837,1.1592434140053458
3FKY,15373,26.546829122661055,1.1592813395956634
3FKY,15374,26.548678938692088,1.1593217289740096
3FKY,15375,26.549940898238447,1.1593492821291267
3FKY,15376,26.550811088027654,1.159368281147712
3FKY,15377,26.553134795801867,1.1594190135742426
3FKY,15378,26.554210657141024,1.1594425016005598
3FKY,15379,26.55531645210743,1.1594666426370095
3FKY,15380,26.556949196476925,1.1595022867901748
3FKY,15381,26.557891129218643,1.1595228494586443
3FKY,15382,26.561014379847684,1.1595910283284314
3FKY,15383,26.562119272919958,1.1596151465859579
3FKY,15384,26.562346837978776,1.1596201139479583
3FKY,15385,26.565336228541188,1.1596853653340193
3FKY,15386,26.566166983153384,1.1597034981072274
3FKY,15387,26.567201506693689,1.1597260781220573
3FKY,15388,26.56867133862011,1.1597581586337917
3FKY,15389,26.570395302929509,1.1597957847012579
3FKY,15390,26.572047246581928,1.1598318377498569
3FKY,15391,26.572793492113796,1.159848123910308
3FKY,15392,26.574129862967364,1.159877288471812
3FKY,15393,26.575563792791758,1.1599085813158221
3FKY,15394,26.576679927054553,1.1599329382801131
3FKY,15395,26.577170379616792,1.1599436410740396
3FKY,15396,26.578371210797147,1.1599698455333249
3FKY,15397,26.579834280385523,1.1600017717419733
3FKY,15398,26.58166444106666,1.1600417071506521
3FKY,15399,26.583888590384554,1.1600902378212732
3FKY,15400,26.584214328151585,1.1600973452097345
3FKY,15401,26.586585530448907,1.1601490820058327
3FKY,15402,26.587638731606237,1.1601720608545809
3FKY,15403,26.588391767770474,1.1601884903942896
3FKY,15404,26.58985017391452,1.1602203088441534
3FKY,15405,26.590965625937301,1.1602446443802601
3FKY,15406,26.593373374419141,1.1602971718831212
3FKY,15407,26.593953078148985,1.1603098183594296
3FKY,15408,26.595194103264397,1.1603368913715364
3FKY,15409,26.598179360432994,1.1604020122879486
3FKY,15410,26.598690540350844,1.1604131628886589
3FKY,15411,26.599812097073624,1.1604376275415893
3FKY,15412,26.602840074448523,1.1605036746038147
3FKY,15413,26.604048934808883,1.160530041543389
3FKY,15414,26.605077214961618,1.1605524693039224
3FKY,15415,26.60584528724555,1.1605692214025003
3FKY,15416,26.607387822651091,1.1606028642570685
3FKY,15417,26.608209569234834,1.1606207862357598
3FKY,15418,26.608871145050212,1.1606352147501673
3FKY,15419,26.610373676027649,1.160667983253135
3FKY,15420,26.613090272117223,1.160727226796173
3FKY,15421,26.614120056995588,1.1607496835603281
3FKY,15422,26.61487001575663,1.1607660378162687
3FKY,15423,26.616241948233856,1.1607959547781597
3FKY,15424,26.618687317149099,1.1608492776543702
3FKY,15425,26.619163559879482,1.1608596621551199
3FKY,15426,26.620140005363531,1.1608809533158551
3FKY,15427,26.622517584101058,1.1609327942198533
3FKY,15428,26.6247215412426,1.1609808473981846
3FKY,15429,26.626181057379039,1.1610126683330437
3FKY,15430,26.626769251371343,1.1610254921192189
3FKY,15431,26.627404854789809,1.1610393493649276
3FKY,15432,26.628207658803824,1.1610568516342958
3FKY,15433,26.629501840211475,1.161085066074276
3FKY,15434,26.631058582161778,1.1611190036865042
3FKY,15435,26.633169224436529,1.1611650149686303
3FKY,15436,26.63358655172453,1.1611741123453685
3FKY,15437,26.63501089974886,1.1612051613732115
3FKY,15438,26.636123432027848,1.1612294126254339
3FKY,15439,26.638670435155511,1.1612849309190865
3FKY,15440,26.639392082233812,1.1613006605367477
3FKY,15441,26.639579450006401,1.1613047445251286
3FKY,15442,26.642333862324133,1.161364779808721
3FKY,15443,26.643357804311673,1.1613870968989102
3FKY,15444,26.643976513644585,1.1614005816268809
3FKY,15445,26.646209966719137,1.1614492582825806
3FKY,15446,26.647349859608912,1.1614741007197282
3FKY,15447,26.648304884873355,1.1614949138057875
3FKY,15448,26.648980224081086,1.161509631403935
3FKY,15449,26.649872924584574,1.1615290856483509
3FKY,15450,26.651902358882797,1.1615733110391446
3FKY,15451,26.653225655337948,1.1616021473815739
3FKY,15452,26.654366682780473,1.1616270112715879
3FKY,15453,26.655903948133894,1.161660508657447
3FKY,15454,26.658701771750753,1.1617214714357662
3FKY,15455,26.659688938382086,1.1617429803986739
3FKY,15456,26.661462610963557,1.1617816252119115
3FKY,15457,26.66187333635251,1.1617905739214989
3FKY,15458,26.663176502051403,1.1618189662836256
3FKY,15459,26.664399006787644,1.1618456006366014
3FKY,15460,26.665719852917672,1.1618743768385449
3FKY,15461,26.667264353143821,1.1619080247067346
3FKY,15462,26.669074011555836,1.1619474479661351
3FKY,15463,26.671069598092544,1.1619909201036964
3FKY,15464,26.673970955327697,1.1620541207764226
3FKY,15465,26.674532792505076,1.162066358957426
3FKY,15466,26.674750642119545,1.1620711042175096
3FKY,15467,26.676416307341622,1.1621073855540069
3FKY,15468,26.678105089821244,1.1621441692716961
3FKY,15469,26.68028466811144,1.162191641392736
3FKY,15470,26.681865850993251,1.162226078999492
3FKY,15471,26.682857566425717,1.1622476776919377
3FKY,15472,26.684138911395227,1.1622755836673948
3FKY,15473,26.684675451663654,1.1622872685960528
3FKY,15474,26.685598810529353,1.1623073774966106
3FKY,15475,26.68691562836478,1.1623360545410124
3FKY,15476,26.689381956506491,1.1623897631810687
3FKY,15477,26.690145002906895,1.1624063793579944
3FKY,15478,26.690573144763636,1.1624157025150939
3FKY,15479,26.692787552512129,1.1624639219545381
3FKY,15480,26.695180347764218,1.1625160235908854
3FKY,15481,26.696092247788954,1.1625358790352736
3FKY,15482,26.696807180670387,1.1625514455375463
3FKY,15483,26.697664448393105,1.1625701108749962
3FKY,15484,26.698476092361407,1.1625877825677493
3FKY,15485,26.701492955426982,1.1626534655126139
3FKY,15486,26.701723812656581,1.1626584915682419
3FKY,15487,26.702511516649135,1.1626756407228813
3FKY,15488,26.703003540598225,1.1626863524798015
3FKY,15489,26.705105842983677,1.1627321201811913
3FKY,15490,26.706492162274625,1.162762299747955
3FKY,15491,26.707284774342611,1.1627795542152839
3FKY,15492,26.709415812192301,1.1628259437646871
3FKY,15493,26.710377908410745,1.162846886573333
3FKY,15494,26.712744667001065,1.1628984043186787
3FKY,15495,26.712819519342403,1.1629000336085253
3FKY,15496,26.714317748284675,1.1629326446561348
3FKY,15497,26.714799499980156,1.162943130461028
3FKY,15498,26.716768304775368,1.1629859824732425
3FKY,15499,26.720388838247111,1.1630647810574697
3FKY,15500,26.721309953234496,1.1630848276813246
3FKY,15501,26.721683734444238,1.163092962344902
3FKY,15502,26.721807655474528,1.1630956592466495
3FKY,15503,26.722395543210389,1.1631084534019285
3FKY,15504,26.723568139484055,1.1631339721035494
3FKY,15505,26.724086122211165,1.1631452445575918
3FKY,15506,26.72603847500098,1.1631877311066021
3FKY,15507,26.728866034112741,1.1632492608968026
3FKY,15508,26.729872827321547,1.1632711686804387
3FKY,15509,26.732069380996624,1.1633189641766157
3FKY,15510,26.733108727171949,1.1633415789496566
3FKY,15511,26.734748558100978,1.1633772585682867
3FKY,15512,26.7358686353781,1.1634016287018065
3FKY,15513,26.736645289386992,1.1634185264878742
3FKY,15514,26.739086319216156,1.1634716347682561
3FKY,15515,26.73986770030757,1.1634886343785533
3FKY,15516,26.740482228612667,1.1635020037900736
3FKY,15517,26.744251749647511,1.1635840084952636
3FKY,15518,26.744342025938867,1.163585972355784
3FKY,15519,26.745519759080437,1.1636115923294368
3FKY,15520,26.746082702004877,1.1636238381835415
3FKY,15521,26.74722004724601,1.1636485787779012
3FKY,15522,26.74954652822959,1.1636991849235021
3FKY,15523,26.751012092940954,1.1637310630919568
3FKY,15524,26.751645902672379,1.1637448491068776
3FKY,15525,26.753056598975771,1.1637755326192198
3FKY,15526,26.754108136502257,1.1637984036809927
3FKY,15527,26.756080543347331,1.163841302543847
3FKY,15528,26.757218027076807,1.1638660415274444
3FKY,15529,26.758166813910528,1.1638866761649178
3FKY,15530,26.760410800505795,1.1639354779263351
3FKY,15531,26.761036558756416,1.1639490864239053
3FKY,15532,26.761535958565471,1.1639599468634552
3FKY,15533,26.762585696599537,1.1639827751690965
3FKY,15534,26.764630006667453,1.1640272308187383
3FKY,15535,26.765837508937118,1.1640534884144893
3FKY,15536,26.766663801700805,1.1640714561233358
3FKY,15537,26.768571974868365,1.164112948226121
3FKY,15538,26.769469794092437,1.1641324702652742
3FKY,15539,26.770993004607213,1.1641655899648642
3FKY,15540,26.771106048783803,1.1641680478864209
3FKY,15541,26.773097332287733,1.1642113435485271
3FKY,15542,26.77313611925107,1.1642121868616071
3FKY,15543,26.774984691606985,1.1642523781434178
3FKY,15544,26.77564802485735,1.1642667998609268
3FKY,15545,26.776907650489193,1.1642941852495938
3FKY,15546,26.778684295815157,1.1643328100142341
3FKY,15547,26.779648502706348,1.1643537716044505
3FKY,15548,26.781287890230765,1.1643894105680164
3FKY,15549,26.783513472617869,1.1644377911899286
3FKY,15550,26.784773085712828,1.1644651722847756
3FKY,15551,26.78572915812401,1.1644859546727166
3FKY,15552,26.787700638872675,1.1645288080777259
3FKY,15553,26.788748025505086,1.164551574122501
3FKY,15554,26.791585045853829,1.1646132374940403
3FKY,15555,26.792306914604051,1.1646289269770995
3FKY,15556,26.793322732797471,1.1646510049572241
3FKY,15557,26.794633016941724,1.1646794822965993
3FKY,15558,26.796301301215923,1.1647157393003909
3FKY,15559,26.798984801810786,1.1647740577432479
3FKY,15560,26.801117764209454,1.1648204096825843
3FKY,15561,26.801913541300408,1.1648377024411312
3FKY,15562,26.803049218454465,1.1648623810065537
3FKY,15563,26.804251590241353,1.1648885082942353
3FKY,15564,26.805672688026618,1.1649193876965684
3FKY,15565,26.806844838701704,1.1649448570465788
3FKY,15566,26.808394308879599,1.1649785242170902
3FKY,15567,26.809223573421438,1.1649965422285424
3FKY,15568,26.809775480168909,1.1650085337385092
3FKY,15569,26.810584433787312,1.1650261099908803
3FKY,15570,26.812058061276044,1.1650581270271883
3FKY,15571,26.814745953314009,1.1651165237376568
3FKY,15572,26.81581268638368,1.1651396985976292
3FKY,15573,26.818677672296058,1.1652019383608954
3FKY,15574,26.819788330682201,1.1652260657232083
3FKY,15575,26.820774679912905,1.1652474922395633
3FKY,15576,26.821102993725724,1.1652546241304365
3FKY,15577,26.822572860762296,1.1652865532031558
3FKY,15578,26.824068759005744,1.1653190468385324
3FKY,15579,26.825368616816686,1.1653472813828265
3FKY,15580,26.826941162115265,1.1653814381274852
3FKY,15581,26.830108679323857,1.1654502356989638
3FKY,15582,26.831436741477866,1.1654790796223315
3FKY,15583,26.833150082473107,1.1655162902873564
3FKY,15584,26.834134260642209,1.1655376643184947
3FKY,15585,26.834870367055945,1.1655536505593413
3FKY,15586,26.836248160123663,1.1655835719099084
3FKY,15587,26.837490703386312,1.1656105553995864
3FKY,15588,26.838507378456235,1.1656326333945644
3FKY,15589,26.841485708906596,1.1656973080578836
3FKY,15590,26.841637161781641,1.1657005967722569
3FKY,15591,26.843546626151358,1.16574205892595
3FKY,15592,26.845730100343591,1.1657894691280644
3FKY,15593,26.848054209526598,1.1658399308469771
3FKY,15594,26.849801019325405,1.1658778566399435
3FKY,15595,26.850724725580424,1.1658979111536776
3FKY,15596,26.851241831820076,1.1659091378559014
3FKY,15597,26.85217601743399,1.1659294193400371
3FKY,15598,26.853870519536052,1.1659662066507386
3FKY,15599,26.856059933736056,1.166013736688118
3FKY,15600,26.857238672997205,1.166039325160384
3FKY,15601,26.858315545011489,1.166062701773025
3FKY,15602,26.859783500267469,1.1660945672204466
3FKY,15603,26.862308453527319,1.1661493752773788
3FKY,15604,26.862754514084166,1.1661590574512171
3FKY,15605,26.86500694696938,1.1662079474477633
3FKY,15606,26.867241137800455,1.1662564394682449
3FKY,15607,26.868062758765134,1.1662742718428134
3FKY,15608,26.870312677169736,1.1663231024384786
3FKY,15609,26.87208447170925,1.1663615547420452
3FKY,15610,26.872981127768369,1.1663810139029502
3FKY,15611,26.87426117541078,1.1664087928360154
3FKY,15612,26.876246057409393,1.1664518664121339
3FKY,15613,26.878282956218495,1.1664960671423463
3FKY,15614,26.879019472343145,1.1665120491393872
3FKY,15615,26.88011139021857,1.1665357427570813
3FKY,15616,26.881108635520278,1.1665573816461898
3FKY,15617,26.882650654971631,1.1665908406154828
3FKY,15618,26.885864967898939,1.1666605821745604
3FKY,15619,26.886421454372226,1.1666726559440714
3FKY,15620,26.886845320573038,1.1666818522433653
3FKY,15621,26.887132391423197,1.1666880805578668
3FKY,15622,26.888767131754715,1.1667235473946185
3FKY,15623,26.89026272693771,1.166755994435521
3FKY,15624,26.891152926218844,1.166775306942099
3FKY,15625,26.893138674675818,1.1668183857848073
3FKY,15626,26.894925059384523,1.1668571382698663
3FKY,15627,26.896096133283386,1.1668825419670446
3FKY,15628,26.898328272383552,1.1669309614494843
3FKY,15629,26.900170558017553,1.1669709227309988
3FKY,15630,26.90263972610035,1.1670244796634861
3FKY,15631,26.902987318040736,1.167032018830594
3FKY,15632,26.904214514731862,1.1670586359769164
3FKY,15633,26.905338012655768,1.1670830034280759
3FKY,15634,26.907364272633124,1.1671269495226524
3FKY,15635,26.908151689088871,1.1671440267850939
3FKY,15636,26.909894800538346,1.1671818299979031
3FKY,15637,26.91122102043462,1.1672105911786024
3FKY,15638,26.912236949471009,1.1672326227307777
3FKY,15639,26.912918119446882,1.167247394427162
3FKY,15640,26.917233151064124,1.1673409648738544
3FKY,15641,26.917649502108368,1.1673499929516582
3FKY,15642,26.918449519854196,1.167367340190147
3FKY,15643,26.920052795396945,1.1674021041470546
3FKY,15644,26.921475784766926,1.1674329580767477
3FKY,15645,26.922501707098839,1.1674552021049367
3FKY,15646,26.924928885265931,1.1675078264476808
3FKY,15647,26.926915292875229,1.1675508925532148
3FKY,15648,26.927245876454979,1.1675580595822777
3FKY,15649,26.928523263923072,1.1675857528404949
3FKY,15650,26.929548928454938,1.1676079883689694
3FKY,15651,26.930498951926346,1.1676285836862985
3FKY,15652,26.93237107044628,1.1676691678045383
3FKY,15653,26.934760760216108,1.1677209698750557
3FKY,15654,26.937060516371702,1.1677708202559769
3FKY,15655,26.938331827468183,1.1677983767609788
3FKY,15656,26.939452459096387,1.1678226666501017
3FKY,15657,26.941214059159133,1.1678608486223567
3FKY,15658,26.94456348045593,1.1679334425377508
3FKY,15659,26.945917472864117,1.1679627871057132
3FKY,15660,26.94598720210551,1.1679642983013614
3FKY,15661,26.947215498670609,1.1679909180384065
3FKY,15662,26.947638054282471,1.1680000755556696
3FKY,15663,26.949826210683973,1.1680474955736502
3FKY,15664,26.951398470432299,1.1680815671714178
3FKY,15665,26.954064867672876,1.1681393469641965
3FKY,15666,26.954385887018542,1.1681463031360044
3FKY,15667,26.955568531471751,1.1681719295145545
3FKY,15668,26.95652584306287,1.1681926728091807
3FKY,15669,26.957191827396581,1.1682071033262689
3FKY,15670,26.958797659088429,1.1682418976784525
3FKY,15671,26.960719589740368,1.1682835397413618
3FKY,15672,26.961909273789058,1.1683093156290294
3FKY,15673,26.962110818930356,1.168313682282438
3FKY,15674,26.962737221385751,1.1683272537404294
3FKY,15675,26.965684664608077,1.1683911100936124
3FKY,15676,26.965937118229988,1.1683965793387077
3FKY,15677,26.966729047919038,1.1684137358191666
3FKY,15678,26.969190227555671,1.1684670535663408
3FKY,15679,26.969666227020962,1.168477365096533
3FKY,15680,26.972433959707391,1.168537320418217
3FKY,15681,26.974101756963133,1.1685734471766243
3FKY,15682,26.974904838305243,1.1685908426131033
3FKY,15683,26.976439933764066,1.168624093387949
3FKY,15684,26.977095067906514,1.1686382835645799
3FKY,15685,26.977799621819059,1.1686535439789629
3FKY,15686,26.978644731649499,1.168671848527103
3FKY,15687,26.980836324398016,1.16871931571385
3FKY,15688,26.9810939375269,1.1687248951687901
3FKY,15689,26.982531715040924,1.1687560344545593
3FKY,15690,26.984449659462253,1.1687975718704571
3FKY,15691,26.986548986907113,1.1688430358530493
3FKY,15692,26.987721122783892,1.1688684193872869
3FKY,15693,26.988658653617613,1.1688887219660355
3FKY,15694,26.992030991817341,1.1689617482880921
3FKY,15695,26.992320860787057,1.1689680250448875
3FKY,15696,26.995406932749475,1.1690348480564823
3FKY,15697,26.996201501833408,1.1690520523185939
3FKY,15698,26.998288369285024,1.1690972366296375
3FKY,15699,27.000230602896018,1.1691392877974853
3FKY,15700,27.003706416754977,1.1692145386319059
3FKY,15701,27.004851531622869,1.1692393291317256
3FKY,15702,27.006232591397097,1.1692692268846718
3FKY,15703,27.007207326118277,1.1692903278847122
3FKY,15704,27.009030247092362,1.1693297893490318
3FKY,15705,27.009971148117707,1.1693501568706692
3FKY,15706,27.012202883682328,1.1693984654455547
3FKY,15707,27.015075353125386,1.1694606405313404
3FKY,15708,27.016863878449609,1.1694993517939682
3FKY,15709,27.018097168496663,1.1695260446673019
3FKY,15710,27.018730726955884,1.1695397569352406
3FKY,15711,27.019926033578589,1.1695656268247268
3FKY,15712,27.02129705977563,1.1695952990890233
3FKY,15713,27.0226834068546,1.1696253021681833
3FKY,15714,27.024366138565401,1.1696617185173128
3FKY,15715,27.025683691964957,1.1696902311747868
3FKY,15716,27.027850487833465,1.1697371204448328
3FKY,15717,27.029991553536444,1.1697834510702323
3FKY,15718,27.032092613386588,1.1698289142232279
3FKY,15719,27.03312272945627,1.1698512034351736
3FKY,15720,27.035862409604505,1.1699104813985675
3FKY,15721,27.036998609170848,1.1699350642618052
3FKY,15722,27.038831675721848,1.1699747234805626
3FKY,15723,27.040881601035217,1.1700190729438593
3FKY,15724,27.043305835848184,1.1700715183012595
3FKY,15725,27.04400537886767,1.1700866516225095
3FKY,15726,27.045988292762456,1.1701295472387232
3FKY,15727,27.046851600709552,1.1701482223572881
3FKY,15728,27.049273358452705,1.1702006083452821
3FKY,15729,27.049546147555944,1.1702065090060043
3FKY,15730,27.050608983604633,1.1702294987714952
3FKY,15731,27.051735043449764,1.1702538556119542
3FKY,15732,27.054418766668206,1.1703119028970772
3FKY,15733,27.055206602708697,1.170328942760166
3FKY,15734,27.057306798769954,1.1703743660417929
3FKY,15735,27.058403275072184,1.1703980800567511
3FKY,15736,27.060103565946811,1.1704348521067105
3FKY,15737,27.062518144112378,1.1704870700036327
3FKY,15738,27.063544989551925,1.17050927595473
3FKY,15739,27.066433134695838,1.1705717310118064
3FKY,15740,27.066754496397717,1.1705786801322391
3FKY,15741,27.068027840451194,1.1706062144986424
3FKY,15742,27.068936391528197,1.1706258603076882
3FKY,15743,27.069988609342595,1.1706486122436437
3FKY,15744,27.072987976078362,1.1707134646398183
3FKY,15745,27.073325718234063,1.1707207670856443
3FKY,15746,27.075282151812804,1.170763066950578
3FKY,15747,27.07644525816389,1.1707882136383791
3FKY,15748,27.077914946278163,1.1708199879380827
3FKY,15749,27.078644546470326,1.1708357613965592
3FKY,15750,27.080877148694121,1.1708840274137486
3FKY,15751,27.082642008674554,1.1709221800312561
3FKY,15752,27.084034549832843,1.1709522830095545
3FKY,15753,27.085115284636309,1.1709756450433599
3FKY,15754,27.086421486408078,1.1710038803306371
3FKY,15755,27.088409297269017,1.1710468481979037
3FKY,15756,27.090675395463581,1.1710958295098415
3FKY,15757,27.092493996651861,1.171135136771372
3FKY,15758,27.093589287501135,1.1711588097605488
3FKY,15759,27.094511530630019,1.1711787422243221
3FKY,15760,27.095731425097519,1.1712051073127892
3FKY,15761,27.096223638615484,1.1712157451575302
3FKY,15762,27.098038092639172,1.1712549587685244
3FKY,15763,27.099384318587557,1.1712840522812966
3FKY,15764,27.099814690744903,1.1712933529730973
3FKY,15765,27.102496173529278,1.1713513003300589
3FKY,15766,27.104099899874296,1.1713859557938775
3FKY,15767,27.105814678512136,1.1714230098899701
3FKY,15768,27.106488052205151,1.171437560283469
3FKY,15769,27.108151621068842,1.1714735062375974
3FKY,15770,27.108709510993723,1.1714855607279404
3FKY,15771,27.11020578645951,1.1715178905759454
3FKY,15772,27.111305814005188,1.1715416581726885
3FKY,15773,27.114821285708206,1.1716176115051269
3FKY,15774,27.116038561076241,1.1716439101341691
3FKY,15775,27.11888038091611,1.1717053039411738
3FKY,15776,27.119497316384592,1.1717186316014481
3FKY,15777,27.121511185254118,1.1717621361665045
3FKY,15778,27.121950244359869,1.1717716207182689
3FKY,15779,27.123946986351097,1.1718147533565295
3FKY,15780,27.12437056160023,1.1718239030165802
3FKY,15781,27.126319175748208,1.1718659941615563
3FKY,15782,27.128265767650568,1.171908040115482
3FKY,15783,27.129776555546002,1.1719406717596743
3FKY,15784,27.131186375700615,1.1719711217729913
3FKY,15785,27.132978876755313,1.1720098359807984
3FKY,15786,27.133300786541771,1.1720167884116153
3FKY,15787,27.135602276488935,1.1720664935263923
3FKY,15788,27.138008055924061,1.1721184487205871
3FKY,15789,27.138896965306344,1.172137645018124
3FKY,15790,27.139929590008435,1.1721599445016782
3FKY,15791,27.142144875197371,1.1722077820535346
3FKY,15792,27.142794161530922,1.172221802573004
3FKY,15793,27.144290928647898,1.1722541227322683
3FKY,15794,27.147029335870684,1.1723132517072616
3FKY,15795,27.147664732245559,1.1723269710579602
3FKY,15796,27.149554021615678,1.1723677632655607
3FKY,15797,27.151533032367087,1.1724104911521323
3FKY,15798,27.153125240169853,1.1724448666285332
3FKY,15799,27.154971491626391,1.1724847255992661
3FKY,15800,27.156332521157648,1.1725141081810513
3FKY,15801,27.157752101108603,1.1725447539939033
3FKY,15802,27.158945380318741,1.1725705138193763
3FKY,15803,27.159640913036686,1.1725855283187161
3FKY,15804,27.161183921686987,1.1726188366367838
3FKY,15805,27.163917157970808,1.1726778356062981
3FKY,15806,27.16625952383237,1.1727283949807021
3FKY,15807,27.167716818740761,1.1727598492226579
3FKY,15808,27.169035511748923,1.17278831115521
3FKY,15809,27.170179915811303,1.1728130107727945
3FKY,15810,27.17080463013453,1.1728264937323682
3FKY,15811,27.173282485759394,1.1728799707734672
3FKY,15812,27.174754666243071,1.1729117421948489
3FKY,15813,27.175181398595843,1.1729209514301953
3FKY,15814,27.177570961741186,1.1729725188333049
3FKY,15815,27.17821866689469,1.1729864960908731
3FKY,15816,27.18143323809549,1.173055862982912
3FKY,15817,27.18257541731764,1.1730805089599372
3FKY,15818,27.184155772296958,1.1731146090525568
3FKY,15819,27.184996017147039,1.1731327390231971
3FKY,15820,27.186183607040647,1.1731583631830926
3FKY,15821,27.187558035274051,1.1731880179816656
3FKY,15822,27.188674870826336,1.1732121143832359
3FKY,15823,27.189685007241032,1.1732339082602314
3FKY,15824,27.189776464544803,1.1732358814482196
3FKY,15825,27.191611925389523,1.1732754807473158
3FKY,15826,27.193521935547626,1.1733166869976317
3FKY,15827,27.195520997984993,1.1733598128975571
3FKY,15828,27.197002712726892,1.1733917770002475
3FKY,15829,27.198305291895831,1.1734198760044192
3FKY,15830,27.200498452618277,1.1734671849539724
3FKY,15831,27.201555177059699,1.1734899790107487
3FKY,15832,27.202807084334989,1.1735169826825935
3FKY,15833,27.204645314868909,1.173556632236058
3FKY,15834,27.207119973819523,1.1736100070613804
3FKY,15835,27.2076641723664,1.17362174431375
3FKY,15836,27.208134295723699,1.1736318838209074
3FKY,15837,27.210457022704666,1.1736819785505883
3FKY,15838,27.212629323287452,1.1737288270684278
3FKY,15839,27.213130678340438,1.1737396391836583
3FKY,15840,27.214603531240606,1.1737714018364289
3FKY,15841,27.215428174068439,1.1737891852084066
3FKY,15842,27.21718865151098,1.1738271488949057
3FKY,15843,27.218891776626027,1.1738638746429215
3FKY,15844,27.219124211127379,1.1738688867110856
3FKY,15845,27.222729124320288,1.1739466180021623
3FKY,15846,27.223555999721381,1.1739644468576955
3FKY,15847,27.225087876266183,1.1739974760347553
3FKY,15848,27.225670390512761,1.1740100355276817
3FKY,15849,27.227171957450025,1.1740424099434856
3FKY,15850,27.227967452543492,1.17405956079111
3FKY,15851,27.231048232916187,1.1741259799490777
3FKY,15852,27.232200796829499,1.1741508273384189
3FKY,15853,27.233792187246713,1.1741851342438998
3FKY,15854,27.234061568489455,1.1741909414165905
3FKY,15855,27.236279082293244,1.1742387442684283
3FKY,15856,27.238347069854552,1.1742833220357798
3FKY,15857,27.239919305668614,1.1743172121916094
3FKY,15858,27.240525682168705,1.1743302826120898
3FKY,15859,27.242381218218455,1.1743702777115528
3FKY,15860,27.242844624982521,1.1743802659870184
3FKY,15861,27.244526186334411,1.1744165096690271
3FKY,15862,27.24826509051028,1.1744970924642952
3FKY,15863,27.248919214818745,1.1745111899212366
3FKY,15864,27.24994346729898,1.1745332639103974
3FKY,15865,27.251541375647292,1.1745677001101913
3FKY,15866,27.252457345941878,1.174587439545608
3FKY,15867,27.255699956098585,1.174657316104357
3FKY,15868,27.256361743492604,1.1746715767670184
3FKY,15869,27.257664714168698,1.1746996535943945
3FKY,15870,27.258828806127259,1.1747247372513243
3FKY,15871,27.261909388579131,1.1747911145377372
3FKY,15872,27.263626535544152,1.1748281122623525
3FKY,15873,27.264598098298013,1.1748490450804039
3FKY,15874,27.265579588681483,1.1748701914156305
3FKY,15875,27.266398834111968,1.1748878418712649
3FKY,15876,27.26864836561435,1.1749363061499234
3FKY,15877,27.269042275348756,1.174944792400703
3FKY,15878,27.271777433003592,1.1750037159710631
3FKY,15879,27.272637324506203,1.1750222400248969
3FKY,15880,27.27276693573809,1.1750250321255888
3FKY,15881,27.274634542540142,1.1750652635986203
3FKY,15882,27.276453531633813,1.1751044464382567
3FKY,15883,27.277680272083945,1.1751308709136399
3FKY,15884,27.279006207051168,1.1751594314100389
3FKY,15885,27.279716746042467,1.1751747360577489
3FKY,15886,27.280776958485298,1.1751975721227976
3FKY,15887,27.285285954595235,1.1752946870684746
3FKY,15888,27.287087769068943,1.1753334923795524
3FKY,15889,27.287330321183322,1.1753387160771593
3FKY,15890,27.288375989540391,1.1753612357358407
3FKY,15891,27.289475321956338,1.1753849106458871
3FKY,15892,27.291012789924569,1.1754180203186997
3FKY,15893,27.292281536178354,1.1754453423145754
3FKY,15894,27.295097929061313,1.1755059900565072
3FKY,15895,27.29591983737107,1.175523688305306
3FKY,15896,27.298025602299106,1.1755690307746254
3FKY,15897,27.298349450868287,1.1755760039020051
3FKY,15898,27.299756415862426,1.1756062982789075
3FKY,15899,27.301589198494977,1.1756457600713781
3FKY,15900,27.303352812589921,1.1756837313399231
3FKY,15901,27.303887025658668,1.1756952329043315
3FKY,15902,27.305939400607858,1.1757394193254613
3FKY,15903,27.308771406842837,1.1758003880214614
3FKY,15904,27.310384028593276,1.175835103850678
3FKY,15905,27.310963550121588,1.1758475792911705
3FKY,15906,27.312056874708077,1.1758711150811114
3FKY,15907,27.313738844483215,1.1759073216040297
3FKY,15908,27.316118499310509,1.1759585447742595
3FKY,15909,27.317413863984214,1.175986427159855
3FKY,15910,27.319205071059553,1.1760249813343209
3FKY,15911,27.321036534368119,1.1760644006823717
3FKY,15912,27.32200885968934,1.1760853279085548
3FKY,15913,27.322807955095687,1.1761025264519753
3FKY,15914,27.325922896752132,1.1761695654318203
3FKY,15915,27.327129968239891,1.1761955426892863
3FKY,15916,27.329128978052211,1.1762385619056592
3FKY,15917,27.329521473905729,1.1762470083347618
3FKY,15918,27.330777388454546,1.1762740349470064
3FKY,15919,27.330961969915471,1.1762780069894068
3FKY,15920,27.333459023730327,1.1763317402316185
3FKY,15921,27.33474925689022,1.176359503353489
3FKY,15922,27.336528016792755,1.1763977774758558
3FKY,15923,27.337681868411568,1.1764226045891568
3FKY,15924,27.338997433287549,1.1764509106036607
3FKY,15925,27.34169316320363,1.1765089104580484
3FKY,15926,27.34278767443524,1.1765324585485453
3FKY,15927,27.343873630007764,1.1765558221007379
3FKY,15928,27.345414125710043,1.1765889639606819
3FKY,15929,27.346002019276497,1.1766016115176252
3FKY,15930,27.347991096140323,1.1766444022057403
3FKY,15931,27.350196783799973,1.176691850987281
3FKY,15932,27.351653258794833,1.1767231816474459
3FKY,15933,27.352637132804713,1.1767443455773385
3FKY,15934,27.354634935622236,1.176787318769146
3FKY,15935,27.355518125505512,1.1768063158836788
3FKY,15936,27.357314985470236,1.1768449647848398
3FKY,15937,27.358567384085479,1.1768719020434328
3FKY,15938,27.359632834121214,1.1768948178267191
3FKY,15939,27.363215877878805,1.1769718789408752
3FKY,15940,27.364486956300137,1.1769992150221233
3FKY,15941,27.367180986255327,1.177057151301149
3FKY,15942,27.368515143884579,1.1770858418820427
3FKY,15943,27.369556570395048,1.17710823689933
3FKY,15944,27.369948305610279,1.1771166607314334
3FKY,15945,27.371817788503634,1.1771568610610044
3FKY,15946,27.372777097014151,1.1771774889694169
3FKY,15947,27.375415971926252,1.1772342305500494
3FKY,15948,27.375719604245457,1.1772407591333756
3FKY,15949,27.378326639303378,1.177296813091216
3FKY,15950,27.378597383204664,1.1773026342129438
3FKY,15951,27.380507562488262,1.1773437031517042
3FKY,15952,27.381882958980071,1.1773732733497759
3FKY,15953,27.383695075793053,1.17741223163853
3FKY,15954,27.386149389299444,1.1774649943133275
3FKY,15955,27.387280909328936,1.1774893188622892
3FKY,15956,27.387869133559924,1.1775019638567366
3FKY,15957,27.38865435294402,1.177518843423659
3FKY,15958,27.389413636763617,1.1775351652333608
3FKY,15959,27.391771091400354,1.1775858403964201
3FKY,15960,27.392587987283765,1.1776033996453308
3FKY,15961,27.394578641916663,1.1776461878454967
3FKY,15962,27.396307500640269,1.1776833476023654
3FKY,15963,27.398009409869204,1.1777199269667762
3FKY,15964,27.399675659185583,1.1777557387872368
3FKY,15965,27.401370498818469,1.1777921639672617
3FKY,15966,27.402561309345593,1.1778177559731473
3FKY,15967,27.40345140358842,1.1778368848472458
3FKY,15968,27.403788193926211,1.1778441226739278
3FKY,15969,27.40542549203164,1.1778793085601349
3FKY,15970,27.408403412748495,1.1779433020185617
3FKY,15971,27.409268705885683,1.1779618959183114
3FKY,15972,27.409363562479349,1.1779639342316544
3FKY,15973,27.412858375060466,1.1780390295900369
3FKY,15974,27.414828406572823,1.1780813588554695
3FKY,15975,27.416511938826005,1.1781175310227188
3FKY,15976,27.417540361654492,1.1781396270428894
3FKY,15977,27.418000214775809,1.1781495070121726
3FKY,15978,27.419819396581641,1.1781885914198735
3FKY,15979,27.420836130452201,1.1782104349835572
3FKY,15980,27.421823258536357,1.1782316421075285
3FKY,15981,27.423361871874462,1.178264696391963
3FKY,15982,27.424923231461836,1.1782982383899059
3FKY,15983,27.425282193737626,1.178305949682835
3FKY,15984,27.427583609875349,1.1783553879241779
3FKY,15985,27.429386202311626,1.178394109155348
3FKY,15986,27.43150351479915,1.1784395892181776
3FKY,15987,27.434271709360953,1.1784990476391561
3FKY,15988,27.435220323967123,1.1785194223689468
3FKY,15989,27.436218453309788,1.1785408602160587
3FKY,15990,27.438737830250179,1.1785949697230238
3FKY,15991,27.441973368621532,1.1786644568266513
3FKY,15992,27.444785177941895,1.1787248405091448
3FKY,15993,27.445340649548378,1.1787367689112727
3FKY,15994,27.446151475760654,1.1787541806756754
3FKY,15995,27.449330243309745,1.1788224393722559
3FKY,15996,27.450773421568684,1.1788534278980212
3FKY,15997,27.45206300924772,1.1788811177736143
3FKY,15998,27.45459080595894,1.1789353924417025
3FKY,15999,27.455691575967105,1.1789590264438095
3FKY,16000,27.457057664813451,1.1789883562958463
3FKY,16001,27.457357351631696,1.1789947904576825
3FKY,16002,27.459038066342391,1.1790308741116933
3FKY,16003,27.461046237078332,1.1790739865471083
3FKY,16004,27.463041595942286,1.1791168223694284
3FKY,16005,27.465305226320915,1.1791654154877917
3FKY,16006,27.466410257317978,1.1791891363461262
3FKY,16007,27.468123870535667,1.1792259202315172
3FKY,16008,27.469303975116311,1.1792512513202025
3FKY,16009,27.47035766243328,1.179273868387104
3FKY,16010,27.472084922996494,1.1793109425536157
3FKY,16011,27.473698611492317,1.1793455779400703
3FKY,16012,27.475343307183312,1.1793808778024828
3FKY,16013,27.47882159167898,1.1794555282327299
3FKY,16014,27.479942176303517,1.1794795770488633
3FKY,16015,27.482614895423545,1.1795369341740922
3FKY,16016,27.483453073813074,1.1795549210875205
3FKY,16017,27.484203756149988,1.1795710301440492
3FKY,16018,27.48626184065489,1.1796151939014494
3FKY,16019,27.48715711370269,1.1796344047547946
3FKY,16020,27.488465132971211,1.1796624717929562
3FKY,16021,27.491154380531768,1.1797201746661878
3FKY,16022,27.491944457021347,1.1797371267094656
3FKY,16023,27.492877261423736,1.1797571408385612
3FKY,16024,27.494271670572257,1.1797870584655186
3FKY,16025,27.495361025944597,1.17981043050926
3FKY,16026,27.497218832284641,1.1798502885469877
3FKY,16027,27.498522638769494,1.1798782600708031
3FKY,16028,27.49907271033241,1.1798900609635536
3FKY,16029,27.50161433984843,1.1799445859678441
3FKY,16030,27.501839852479758,1.1799494237177237
3FKY,16031,27.504111881339362,1.1799981627073854
3FKY,16032,27.505278160907611,1.1800231806604258
3FKY,16033,27.509488187339723,1.1801134858495914
3FKY,16034,27.510639178430441,1.1801381734390433
3FKY,16035,27.512212399988787,1.1801719166076747
3FKY,16036,27.514734125875673,1.1802260017142716
3FKY,16037,27.515665352387135,1.1802459737125133
3FKY,16038,27.517119351133665,1.1802771569216874
3FKY,16039,27.518051318139324,1.1802971439348666
3FKY,16040,27.521272685612455,1.1803662269436255
3FKY,16041,27.523472511483202,1.1804134004211564
3FKY,16042,27.526769162528915,1.180484090893658
3FKY,16043,27.526959717483624,1.1804881768563411
3FKY,16044,27.529437268221834,1.1805413002956442
3FKY,16045,27.52993746480799,1.1805520251797057
3FKY,16046,27.532524364191538,1.1806074902088317
3FKY,16047,27.533756756152936,1.1806339126843013
3FKY,16048,27.53486116030367,1.1806575905995664
3FKY,16049,27.536212249293072,1.180686556678131
3FKY,16050,27.536885574254161,1.1807009918673808
3FKY,16051,27.539164195047093,1.1807498411493684
3FKY,16052,27.540935934772708,1.1807878224718733
3FKY,16053,27.541431088178591,1.1807984370073672
3FKY,16054,27.543862502771805,1.1808505575231873
3FKY,16055,27.546337399245946,1.1809036077668771
3FKY,16056,27.547623686038449,1.1809311788185188
3FKY,16057,27.549861313963699,1.1809791399594713
3FKY,16058,27.551749079481795,1.1810196006623963
3FKY,16059,27.55409286669553,1.1810698334037921
3FKY,16060,27.555689905110121,1.1811040603800327
3FKY,16061,27.556490389570314,1.1811212156133668
3FKY,16062,27.558197065974969,1.1811577906719251
3FKY,16063,27.560958708220301,1.1812169718572674
3FKY,16064,27.562260478530117,1.1812448673859233
3FKY,16065,27.564564866262071,1.181294246305516
3FKY,16066,27.566511186980865,1.1813359508797259
3FKY,16067,27.569023340569,1.1813897775993771
3FKY,16068,27.569882396175817,1.1814081836124213
3FKY,16069,27.571342708172402,1.1814394714081751
3FKY,16070,27.572590321589363,1.1814662013915005
3FKY,16071,27.573723160274792,1.1814904718146952
3FKY,16072,27.575811973639585,1.1815352221434214
3FKY,16073,27.576839904215685,1.1815572437046455
3FKY,16074,27.579091700544019,1.181605482951074
3FKY,16075,27.581434161186042,1.18165566236956
3FKY,16076,27.584013236556078,1.1817109080061214
3FKY,16077,27.585217223559471,1.1817366973834309
3FKY,16078,27.58615847916662,1.1817568586675562
3FKY,16079,27.58793639211946,1.1817949398483003
3FKY,16080,27.591458075635121,1.1818703672903503
3FKY,16081,27.592153806894238,1.1818852678978704
3FKY,16082,27.593569003313178,1.1819155768466416
3FKY,16083,27.595126473220528,1.1819489319369045
3FKY,16084,27.59629030717652,1.1819738562255984
3FKY,16085,27.60021990214954,1.1820580072679683
3FKY,16086,27.600950809555098,1.1820736587597775
3FKY,16087,27.601646428884106,1.1820885544079418
3FKY,16088,27.604660752476786,1.1821530994732186
3FKY,16089,27.606439740876134,1.1821911909170422
3FKY,16090,27.608965631867271,1.1822452728234023
3FKY,16091,27.611287584061767,1.1822949860094676
3FKY,16092,27.612581549145595,1.1823226890005518
3FKY,16093,27.61368367195854,1.1823462842555481
3FKY,16094,27.615687546013898,1.1823891838210268
3FKY,16095,27.617538832920484,1.1824288153697031
3FKY,16096,27.618929372264841,1.1824585825604665
3FKY,16097,27.620149208024682,1.1824846948930245
3FKY,16098,27.620478712100258,1.1824917483010506
3FKY,16099,27.622851541362397,1.1825425401572121
3FKY,16100,27.624843998622115,1.1825851882339153
3FKY,16101,27.627521948376863,1.1826425066927786
3FKY,16102,27.629226539357067,1.1826789900708272
3FKY,16103,27.630544706598524,1.1827072020460307
3FKY,16104,27.631867866965408,1.1827355202094523
3FKY,16105,27.632823522226797,1.1827559726387906
3FKY,16106,27.634696819575833,1.1827960629335164
3FKY,16107,27.635975129143873,1.1828234191598122
3FKY,16108,27.638053059397109,1.1828678861698709
3FKY,16109,27.639376949833284,1.1828962161091352
3FKY,16110,27.641990952133334,1.1829521511674723
3FKY,16111,27.642542556897077,1.1829639542027113
3FKY,16112,27.644995983504124,1.1830164502934422
3FKY,16113,27.646915054510206,1.1830575111272399
3FKY,16114,27.648905275736176,1.1831000928003277
3FKY,16115,27.649451426259461,1.183111777667007
3FKY,16116,27.650563945349759,1.1831355796075662
3FKY,16117,27.653582993644008,1.1832001686330289
3FKY,16118,27.654148282945727,1.1832122619480105
3FKY,16119,27.655547238650659,1.1832421894763092
3FKY,16120,27.65787871079857,1.1832920644262674
3FKY,16121,27.658609885483006,1.1833077053127716
3FKY,16122,27.662235205134966,1.1833852531022844
3FKY,16123,27.663113232782841,1.1834040338826091
3FKY,16124,27.664456985530425,1.1834327758231464
3FKY,16125,27.665917920768109,1.1834640234239846
3FKY,16126,27.666280273353777,1.1834717735706817
3FKY,16127,27.666691697286595,1.183480573214083
3FKY,16128,27.66834060136928,1.183515839752185
3FKY,16129,27.67003849867357,1.1835521530525595
3FKY,16130,27.671389193620303,1.1835810398646254
3FKY,16131,27.673791535092814,1.1836324161090188
3FKY,16132,27.675576910594057,1.1836705965338601
3FKY,16133,27.676635919024868,1.1836932429479499
3FKY,16134,27.677932189411987,1.1837209625114282
3FKY,16135,27.678905204685616,1.1837417691317687
3FKY,16136,27.679819588389108,1.1837613216616765
3FKY,16137,27.681366242185852,1.1837943934698538
3FKY,16138,27.684450900005068,1.1838603493709707
3FKY,16139,27.685926338827677,1.1838918957840496
3FKY,16140,27.687262194186577,1.1839204570327753
3FKY,16141,27.688678047780336,1.1839507279312258
3FKY,16142,27.690938982124457,1.183999065020767
3FKY,16143,27.691885865688278,1.1840193080986767
3FKY,16144,27.694044432319842,1.1840654540126538
3FKY,16145,27.69600241660579,1.1841073103146809
3FKY,16146,27.696376952979655,1.1841153167004448
3FKY,16147,27.69660677006722,1.1841202294254807
3FKY,16148,27.69928373057126,1.1841774524369943
3FKY,16149,27.699840304991096,1.1841893494877305
3FKY,16150,27.701735382344086,1.184229856797729
3FKY,16151,27.704244800769516,1.1842834935263418
3FKY,16152,27.705236781530765,1.1843046956189083
3FKY,16153,27.707879832879208,1.184361185002071
3FKY,16154,27.708742988536287,1.1843796324636158
3FKY,16155,27.710198825906613,1.1844107461356141
3FKY,16156,27.710914014335934,1.1844260306054393
3FKY,16157,27.71366792022209,1.1844848831712642
3FKY,16158,27.714886651531334,1.1845109272327436
3FKY,16159,27.716120919944796,1.1845373027356316
3FKY,16160,27.716836424322885,1.1845525923239313
3FKY,16161,27.71893186251776,1.1845973685349642
3FKY,16162,27.720074682490232,1.1846217880830439
3FKY,16163,27.721426291047006,1.1846506683340261
3FKY,16164,27.722137305213771,1.1846658605178286
3FKY,16165,27.725321316762734,1.1847338906527127
3FKY,16166,27.726271762897909,1.1847541972901834
3FKY,16167,27.727297552881126,1.1847761132866441
3FKY,16168,27.728484323364579,1.1848014681246526
3FKY,16169,27.729553726715285,1.1848243149998912
3FKY,16170,27.731680920449435,1.1848697593397144
3FKY,16171,27.732606592597222,1.1848895344082648
3FKY,16172,27.733452598705405,1.1849076072882059
3FKY,16173,27.736002156607,1.1849620707762041
3FKY,16174,27.737562714898747,1.1849954060846604
3FKY,16175,27.738441704573798,1.1850141818957478
3FKY,16176,27.741270561241254,1.1850746061589703
3FKY,16177,27.742919215603955,1.1851098199280734
3FKY,16178,27.743586336091663,1.1851240687221909
3FKY,16179,27.746226991350159,1.1851804678769819
3FKY,16180,27.747122618169637,1.1851995960785837
3FKY,16181,27.749045172048667,1.1852406556623696
3FKY,16182,27.75142343585857,1.1852914457804629
3FKY,16183,27.751575915287482,1.1852947020515314
3FKY,16184,27.754021181300772,1.1853469206537601
3FKY,16185,27.755267847108545,1.1853735422894633
3FKY,16186,27.756657661690564,1.1854032200576667
3FKY,16187,27.758279426224171,1.1854378498903257
3FKY,16188,27.759090513693767,1.1854551688089041
3FKY,16189,27.760602275349175,1.1854874483475362
3FKY,16190,27.762606933036238,1.1855302509784218
3FKY,16191,27.764126301782269,1.1855626908888992
3FKY,16192,27.765701235824629,1.1855963162323093
3FKY,16193,27.767478097201597,1.1856342516437481
3FKY,16194,27.770070193896839,1.1856895898868418
3FKY,16195,27.771238486645764,1.1857145307309183
3FKY,16196,27.772449623894648,1.1857403856703483
3FKY,16197,27.775021894903801,1.1857952957528146
3FKY,16198,27.777295506448784,1.1858438282564741
3FKY,16199,27.778170073162151,1.1858624962253568
3FKY,16200,27.779235078187082,1.1858852287777353
3FKY,16201,27.781476458672444,1.1859330696629944
3FKY,16202,27.78319971856088,1.1859698502711378
3FKY,16203,27.783386565107218,1.1859738381847016
3FKY,16204,27.78433866004362,1.185994158781867
3FKY,16205,27.786636216546029,1.1860431941808203
3FKY,16206,27.787520910123543,1.1860620751356163
3FKY,16207,27.788829155489406,1.186089994897795
3FKY,16208,27.790109500161108,1.1861173185843195
3FKY,16209,27.791418275219023,1.1861452483498649
3FKY,16210,27.793182655220644,1.1861828998601123
3FKY,16211,27.796268358230698,1.1862487452618988
3FKY,16212,27.798172163670014,1.1862893684872147
3FKY,16213,27.799345876403166,1.1863144123683698
3FKY,16214,27.800420565550734,1.186337342888188
3FKY,16215,27.80304573540295,1.1863933539744624
3FKY,16216,27.804039529451156,1.1864145570492908
3FKY,16217,27.806154876498397,1.1864596877360525
3FKY,16218,27.807183738518994,1.1864816377687959
3FKY,16219,27.808507373694106,1.1865098759779726
3FKY,16220,27.810204500017889,1.1865460812009814
3FKY,16221,27.811305518956981,1.1865695689242992
3FKY,16222,27.813877183762237,1.1866244277057352
3FKY,16223,27.814001670269111,1.1866270831888905
3FKY,16224,27.815239723931629,1.1866534923995458
3FKY,16225,27.817605901028212,1.1867039642385768
3FKY,16226,27.819995539763589,1.186754934348508
3FKY,16227,27.820077018409847,1.1867566722192879
3FKY,16228,27.821625964478134,1.1867897094480158
3FKY,16229,27.824476123830326,1.1868504976486762
3FKY,16230,27.825479435014561,1.1868718955294257
3FKY,16231,27.8267007534313,1.1868979423869852
3FKY,16232,27.829535787663815,1.1869584024937356
3FKY,16233,27.830699307900833,1.186983214903429
3FKY,16234,27.833011429560766,1.1870325200353669
3FKY,16235,27.835820454687525,1.1870924186930671
3FKY,16236,27.837055660850535,1.187118756835456
3FKY,16237,27.837826135393133,1.1871351852692587
3FKY,16238,27.839325247421165,1.1871671494152356
3FKY,16239,27.841159862277983,1.1872062659992251
3FKY,16240,27.843605481387954,1.1872584080541462
3FKY,16241,27.844287282557342,1.1872729440526577
3FKY,16242,27.84504358193384,1.1872890681444854
3FKY,16243,27.846937627116688,1.187329447698819
3FKY,16244,27.848173348119115,1.1873557915589286
3FKY,16245,27.850065551258318,1.187396129576163
3FKY,16246,27.852790797293828,1.1874542240073931
3FKY,16247,27.854312184033439,1.187486654374142
3FKY,16248,27.855256298627612,1.187506778977713
3FKY,16249,27.857875608704273,1.1875626100086907
3FKY,16250,27.85990509445147,1.1876058670310643
3FKY,16251,27.860023407631395,1.1876083887424085
3FKY,16252,27.861457616555828,1.1876389568543713
3FKY,16253,27.863243640061306,1.1876770222910369
3FKY,16254,27.864662455810098,1.1877072605761851
3FKY,16255,27.867422680267424,1.1877660852156617
3FKY,16256,27.868782856298179,1.1877950715927792
3FKY,16257,27.870850536577702,1.1878391340641401
3FKY,16258,27.872557173995887,1.1878755014451396
3FKY,16259,27.873611005787748,1.1878979573885986
3FKY,16260,27.875760822001467,1.1879437661833259
3FKY,16261,27.876350620837918,1.1879563334482963
3FKY,16262,27.878397941946755,1.187999956149433
3FKY,16263,27.879970875372525,1.1880334698844701
3FKY,16264,27.88057720046589,1.1880463883088006
3FKY,16265,27.882048464880612,1.1880777346346414
3FKY,16266,27.883670472200389,1.1881122916859101
3FKY,16267,27.886073635133449,1.1881634894990802
3FKY,16268,27.886390767799984,1.1881702456381722
3FKY,16269,27.887335914409203,1.1881903806490635
3FKY,16270,27.890599468234381,1.1882599034215391
3FKY,16271,27.891356646527068,1.1882760328435615
3FKY,16272,27.891679576786373,1.1882829118416245
3FKY,16273,27.892902581217566,1.1883089636850086
3FKY,16274,27.895227639165448,1.1883584893594823
3FKY,16275,27.8970996467771,1.1883983631838655
3FKY,16276,27.898342348951996,1.1884248320426896
3FKY,16277,27.89906509260107,1.1884402258056268
3FKY,16278,27.900377729036396,1.1884681832226169
3FKY,16279,27.903321939789141,1.1885308886191497
3FKY,16280,27.905761207590952,1.1885828373042797
3FKY,16281,27.906442668818904,1.1885973498662015
3FKY,16282,27.907245892024729,1.188614455272925
3FKY,16283,27.908949846208291,1.1886507417926826
3FKY,16284,27.909521936203976,1.1886629244745233
3FKY,16285,27.913149829622895,1.1887401777195299
3FKY,16286,27.914437508898651,1.1887675966680762
3FKY,16287,27.916022361888519,1.188801342559221
3FKY,16288,27.917709057799691,1.1888372559148328
3FKY,16289,27.918922201437837,1.1888630856611666
3FKY,16290,27.920946563768631,1.1889061862867008
3FKY,16291,27.922363627810391,1.1889363560165453
3FKY,16292,27.922903498933056,1.1889478498376143
3FKY,16293,27.924498685378108,1.1889818106040424
3FKY,16294,27.926730169556265,1.1890293162213394
3FKY,16295,27.929352986717152,1.1890851504213464
3FKY,16296,27.931170987758787,1.1891238502592103
3FKY,16297,27.934039006815787,1.1891848992986958
3FKY,16298,27.935618615871959,1.1892185217311906
3FKY,16299,27.935822298744135,1.1892228571104417
3FKY,16300,27.939426462055753,1.1892995689234787
3FKY,16301,27.940503885473511,1.1893225000823353
3FKY,16302,27.941143951806911,1.1893361226164052
3FKY,16303,27.942815799632537,1.1893717038236606
3FKY,16304,27.945738766837582,1.1894339095011344
3FKY,16305,27.946107729784906,1.1894417614243922
3FKY,16306,27.949345695158371,1.1895106665420838
3FKY,16307,27.950408429315893,1.1895332810535892
3FKY,16308,27.953007951252403,1.1895885959154757
3FKY,16309,27.954072892192737,1.1896112559013796
3FKY,16310,27.955476648802055,1.1896411246025433
3FKY,16311,27.956572613079945,1.1896644436719004
3FKY,16312,27.958440964442239,1.1897041959348083
3FKY,16313,27.960104029768011,1.1897395792806953
3FKY,16314,27.962318143036416,1.1897866850789762
3FKY,16315,27.964290067727156,1.1898286366862614
3FKY,16316,27.966246785082951,1.1898702633038714
3FKY,16317,27.966738298139465,1.1898807193762366
3FKY,16318,27.969618865736074,1.1899419965182709
3FKY,16319,27.970257068766099,1.1899555723245652
3FKY,16320,27.97196422138537,1.1899918859839484
3FKY,16321,27.973088254556302,1.1900157952258084
3FKY,16322,27.974791387047947,1.1900520215391017
3FKY,16323,27.975244891010412,1.1900616675649218
3FKY,16324,27.976303868498125,1.1900841917035607
3FKY,16325,27.977929556157072,1.1901187687707693
3FKY,16326,27.980644029536737,1.1901765011943806
3FKY,16327,27.982552616668571,1.190217092054574
3FKY,16328,27.982769347552885,1.1902217012892451
3FKY,16329,27.985850032295509,1.190287216551098
3FKY,16330,27.986259942451408,1.1902959336176036
3FKY,16331,27.987797644075393,1.1903286335005627
3FKY,16332,27.988459211901269,1.1903427017470649
3FKY,16333,27.990545452234187,1.1903870645799861
3FKY,16334,27.991923589822434,1.1904163690636822
3FKY,16335,27.995138077877581,1.1904847185884213
3FKY,16336,27.996231417000338,1.1905079653180159
3FKY,16337,27.99737822527603,1.1905323484284664
3FKY,16338,27.998085573682907,1.190547387619534
3FKY,16339,28.000733386659451,1.1906036820452199
3FKY,16340,28.001676435947431,1.1906237313147419
3FKY,16341,28.004381011394894,1.1906812288357731
3FKY,16342,28.005566796238966,1.1907064369774767
3FKY,16343,28.006174286630639,1.1907193511741867
3FKY,16344,28.007796269670578,1.1907538310465657
3FKY,16345,28.008931926545269,1.1907779720759679
3FKY,16346,28.011191495633572,1.1908260030191018
3FKY,16347,28.012219444168341,1.1908478531538034
3FKY,16348,28.013926629751563,1.1908841403055013
3FKY,16349,28.015222324977028,1.1909116802693482
3FKY,16350,28.017233079420357,1.1909544175348004
3FKY,16351,28.018066484250902,1.190972130557723
3FKY,16352,28.019530743593204,1.1910032510007711
3FKY,16353,28.020770404321663,1.1910295973311429
3FKY,16354,28.023375656746815,1.191084964485241
3FKY,16355,28.02464019168335,1.1911118376139034
3FKY,16356,28.025602616133746,1.191132290067636
3FKY,16357,28.027156375227868,1.1911653082154092
3FKY,16358,28.028483238218783,1.1911935039844812
3FKY,16359,28.029257567200283,1.1912099581264062
3FKY,16360,28.030511696960758,1.1912366073365268
3FKY,16361,28.033301766117884,1.1912958918378416
3FKY,16362,28.034369389675913,1.1913185763482173
3FKY,16363,28.035892246737347,1.1913509327612406
3FKY,16364,28.036103664640855,1.1913554247253182
3FKY,16365,28.038025295479368,1.1913962525472552
3FKY,16366,28.040180998461359,1.1914420519047944
3FKY,16367,28.040737185443785,1.1914538681850388
3FKY,16368,28.043985051149782,1.1915228672646017
3FKY,16369,28.044108342254582,1.1915254864360385
3FKY,16370,28.046473436033214,1.1915757288981601
3FKY,16371,28.047667840969996,1.1916011012285554
3FKY,16372,28.050112574551505,1.1916530321728174
3FKY,16373,28.05091208216221,1.1916700147941384
3FKY,16374,28.051743573090967,1.1916876765275919
3FKY,16375,28.053506636789727,1.1917251249711402
3FKY,16376,28.054172535603605,1.1917392687223713
3FKY,16377,28.05608442821114,1.1917798765620222
3FKY,16378,28.058786228440525,1.1918372593667315
3FKY,16379,28.061246188282539,1.1918895033860326
3FKY,16380,28.061864563609763,1.1919026359282641
3FKY,16381,28.063838233930671,1.1919445501334114
3FKY,16382,28.064846745124473,1.1919659669939937
3FKY,16383,28.06598615003368,1.1919901630657255
3FKY,16384,28.067091839951946,1.1920136427061425
3FKY,16385,28.0683643205493,1.1920406636217609
3FKY,16386,28.068970720849624,1.1920535402166348
3FKY,16387,28.071851486668734,1.1921147098801377
3FKY,16388,28.074855443399564,1.1921784920145571
3FKY,16389,28.075723957248279,1.1921969322790988
3FKY,16390,28.076398467702781,1.192211253271606
3FKY,16391,28.078567023198488,1.1922572941900684
3FKY,16392,28.081237846586145,1.1923139963882936
3FKY,16393,28.081896203451606,1.1923279730425425
3FKY,16394,28.083178615699289,1.1923551976738209
3FKY,16395,28.084650699002363,1.1923864481102571
3FKY,16396,28.085703601196197,1.1924087993681352
3FKY,16397,28.08796540410669,1.1924568120409649
3FKY,16398,28.088870622960318,1.1924760271331942
3FKY,16399,28.090278597597205,1.1925059136135798
3FKY,16400,28.092383462770687,1.1925505912969756
3FKY,16401,28.093939330246801,1.1925836149275841
3FKY,16402,28.09523417052894,1.1926110975012045
3FKY,16403,28.096415259382606,1.1926361651846067
3FKY,16404,28.099197741447075,1.1926952190986424
3FKY,16405,28.099883090664282,1.1927097641358015
3FKY,16406,28.101272437050017,1.1927392494278275
3FKY,16407,28.102736884418171,1.1927703277553772
3FKY,16408,28.103355934410743,1.1927834649170586
3FKY,16409,28.103997475592628,1.1927970792225628
3FKY,16410,28.10624038160697,1.1928446752695225
3FKY,16411,28.108762842531092,1.1928982013999085
3FKY,16412,28.110279504054432,1.1929303835064122
3FKY,16413,28.112163229695408,1.1929703531535603
3FKY,16414,28.114016568374069,1.1930096767310554
3FKY,16415,28.114658804435059,1.1930233031984434
3FKY,16416,28.118042431862065,1.1930950918149892
3FKY,16417,28.118230172207834,1.1930990748751849
3FKY,16418,28.12092582130018,1.1931562637405553
3FKY,16419,28.121814275977577,1.1931751119267302
3FKY,16420,28.122993543902936,1.1932001291317758
3FKY,16421,28.124880283568135,1.1932401536805728
3FKY,16422,28.125208774829563,1.193247122027012
3FKY,16423,28.126578057071089,1.1932761684284254
3FKY,16424,28.128852502365479,1.1933244143703139
3FKY,16425,28.13080099845018,1.1933657446678032
3FKY,16426,28.132674870246344,1.1934054907307159
3FKY,16427,28.133793112565836,1.1934292087608906
3FKY,16428,28.135390989505289,1.1934630990708115
3FKY,16429,28.136652505255391,1.1934898546190305
3FKY,16430,28.139344400312783,1.1935469451453657
3FKY,16431,28.139931839005857,1.1935594033602481
3FKY,16432,28.141411626554,1.1935907856523928
3FKY,16433,28.142702990969479,1.1936181713252483
3FKY,16434,28.143897630416571,1.193643505214115
3FKY,16435,28.1461798575125,1.1936919013240268
3FKY,16436,28.147415910992269,1.1937181118228808
3FKY,16437,28.149457275134314,1.1937613976644055
3FKY,16438,28.150961898645789,1.1937933012540083
3FKY,16439,28.153367526969966,1.1938443077105385
3FKY,16440,28.1552846836851,1.1938849555596043
3FKY,16441,28.156009102343802,1.1939003144342308
3FKY,16442,28.158126577709698,1.1939452072840502
3FKY,16443,28.158891824049164,1.1939614309484579
3FKY,16444,28.159341212695526,1.1939709581445903
3FKY,16445,28.161697750379751,1.1940209163213913
3FKY,16446,28.162661657637752,1.1940413503802585
3FKY,16447,28.164188635023301,1.1940737203573548
3FKY,16448,28.165307169049093,1.1940974312982631
3FKY,16449,28.165855871505777,1.1941090626466997
3FKY,16450,28.167405601201281,1.1941419130743276
3FKY,16451,28.170154552573266,1.1942001818053878
3FKY,16452,28.172247610546499,1.1942445458464177
3FKY,16453,28.174150469599905,1.194284877038764
3FKY,16454,28.175757064149881,1.1943189278298272
3FKY,16455,28.177292664827327,1.194351473041702
3FKY,16456,28.178165693119322,1.1943699754323054
3FKY,16457,28.181338590322412,1.1944372173266673
3FKY,16458,28.183905827904027,1.1944916209574856
3FKY,16459,28.185707137819591,1.1945297919483284
3FKY,16460,28.18639182197607,1.1945443005546252
3FKY,16461,28.189461034022369,1.1946093356605676
3FKY,16462,28.190168967515721,1.1946243359234245
3FKY,16463,28.19110533444978,1.1946441761279885
3FKY,16464,28.193149435414405,1.1946874864029733
3FKY,16465,28.193743868388353,1.1947000809145198
3FKY,16466,28.194990040039066,1.1947264836676961
3FKY,16467,28.197712500033589,1.1947841626478819
3FKY,16468,28.198413815728948,1.1947990205140269
3FKY,16469,28.200079761699989,1.1948343140101318
3FKY,16470,28.200195281376381,1.1948367612856909
3FKY,16471,28.203978854564625,1.1949169132254904
3FKY,16472,28.20524892706521,1.1949438174795819
3FKY,16473,28.206276939460754,1.1949655936721362
3FKY,16474,28.208257645073758,1.1950075494664705
3FKY,16475,28.209092451757662,1.1950252321060972
3FKY,16476,28.210434252383223,1.1950536532000984
3FKY,16477,28.212821183540076,1.1951042098564946
3FKY,16478,28.215512425383654,1.1951612094337096
3FKY,16479,28.216942752860611,1.1951915021717519
3FKY,16480,28.218575961674656,1.1952260907710222
3FKY,16481,28.219736722156096,1.1952506731055008
3FKY,16482,28.222756325510101,1.1953146192442174
3FKY,16483,28.22370987432927,1.1953348118363822
3FKY,16484,28.225003634584645,1.1953622082870312
3FKY,16485,28.227120822144073,1.1954070401419943
3FKY,16486,28.228232333194825,1.1954305759298565
3FKY,16487,28.230886879278639,1.1954867829731457
3FKY,16488,28.23407123530313,1.1955542046629342
3FKY,16489,28.235335661858375,1.1955809750416657
3FKY,16490,28.236489399622428,1.1956054013995945
3FKY,16491,28.237564179733216,1.1956281556566801
3FKY,16492,28.23837321679742,1.1956452835604585
3FKY,16493,28.239610302416246,1.1956714730894196
3FKY,16494,28.243082192744666,1.1957449711404597
3FKY,16495,28.243992710954458,1.1957642455735451
3FKY,16496,28.244600821954592,1.1957771182839432
3FKY,16497,28.248503617376731,1.195859730750098
3FKY,16498,28.249594882566655,1.1958828290973731
3FKY,16499,28.250141632992634,1.1958944017639066
3FKY,16500,28.251647297563593,1.1959262704862526
3FKY,16501,28.253077267287992,1.1959565362739797
3FKY,16502,28.256513473685459,1.1960292616007882
3FKY,16503,28.259069855630678,1.1960833630818979
3FKY,16504,28.259963954081698,1.1961022845791183
3FKY,16505,28.261121259257418,1.1961267757850365
3FKY,16506,28.26293881189941,1.1961652383146768
3FKY,16507,28.264766117845475,1.1962039059942613
3FKY,16508,28.265214818507616,1.1962134007721816
3FKY,16509,28.26683721319187,1.1962477309979898
3FKY,16510,28.2677715985456,1.1962675023490235
3FKY,16511,28.271792006870758,1.1963525694158192
3FKY,16512,28.272496877537126,1.1963674830190416
3FKY,16513,28.273030691956272,1.1963787773026928
3FKY,16514,28.273881472442078,1.1963967776379123
3FKY,16515,28.276950252126369,1.1964617029031466
3FKY,16516,28.278720039842149,1.196499144177299
3FKY,16517,28.281400686618486,1.1965558531719533
3FKY,16518,28.282620955349358,1.196581667026769
3FKY,16519,28.284478167831814,1.1966209538723971
3FKY,16520,28.286536256023918,1.1966644884683471
3FKY,16521,28.28737121062667,1.1966821497532147
3FKY,16522,28.288774841283509,1.1967118393080174
3FKY,16523,28.289346051994478,1.1967239213294854
3FKY,16524,28.290652703292938,1.1967515586387198
3FKY,16525,28.292796658385079,1.1967969045877185
3FKY,16526,28.29473903534825,1.1968379855538114
3FKY,16527,28.295828698974056,1.1968610311500503
3FKY,16528,28.300873975839991,1.1969677293172527
3FKY,16529,28.301709835477226,1.1969854052665114
3FKY,16530,28.303857044271322,1.1970308111599448
3FKY,16531,28.304496060801679,1.197044323773387
3FKY,16532,28.306104203913169,1.1970783288169176
3FKY,16533,28.306904696235424,1.1970952552937959
3FKY,16534,28.30917532893357,1.1971432667092365
3FKY,16535,28.311932558206458,1.1972015643822063
3FKY,16536,28.313220173912619,1.1972287882039616
3FKY,16537,28.314563638247712,1.1972571921631083
3FKY,16538,28.317399323359769,1.1973171429262541
3FKY,16539,28.319024135318266,1.1973514926079507
3FKY,16540,28.320014847704847,1.197372436489607
3FKY,16541,28.321456270793398,1.1974029078421831
3FKY,16542,28.321883931574977,1.1974119483435863
3FKY,16543,28.324849401674268,1.1974746347876266
3FKY,16544,28.325489807755499,1.1974881717652255
3FKY,16545,28.328094349641002,1.1975432252952609
3FKY,16546,28.330478883788846,1.1975936261903746
3FKY,16547,28.332091465670391,1.1976277094529684
3FKY,16548,28.332609543700098,1.197638659258216
3FKY,16549,28.334801929958065,1.1976849951903576
3FKY,16550,28.337413032166801,1.1977401783164179
3FKY,16551,28.338737282891103,1.1977681641062106
3FKY,16552,28.340538659679837,1.19780623209528
3FKY,16553,28.341522179129893,1.1978270160246223
3FKY,16554,28.345326497895481,1.1979074062530704
3FKY,16555,28.346117379170835,1.1979241179308995
3FKY,16556,28.347713016944994,1.1979578337666315
3FKY,16557,28.349762652416448,1.1980011411841738
3FKY,16558,28.350578256022082,1.1980183739038053
3FKY,16559,28.352267845851944,1.198054072108707
3FKY,16560,28.35336287519479,1.1980772076776756
3FKY,16561,28.353998275867209,1.1980906320958267
3FKY,16562,28.358136835608285,1.1981780657743113
3FKY,16563,28.359279700103993,1.1982022094862639
3FKY,16564,28.361209797104664,1.198242982862167
3FKY,16565,28.362228593722655,1.1982645044217948
3FKY,16566,28.363195402555572,1.1982849274084924
3FKY,16567,28.366138030373545,1.1983470856924803
3FKY,16568,28.366932959945704,1.1983638767491498
3FKY,16569,28.369235610108987,1.1984125136036288
3FKY,16570,28.370160122464654,1.1984320407097657
3FKY,16571,28.371821172221832,1.1984671238059601
3FKY,16572,28.373338696869254,1.1984991746050584
3FKY,16573,28.375372134153203,1.1985421203660329
3FKY,16574,28.377946111066702,1.1985964800018194
3FKY,16575,28.378950161824456,1.198617683810131
3FKY,16576,28.379527010886346,1.1986298656908734
3FKY,16577,28.382347622174724,1.1986894294906398
3FKY,16578,28.383538255456426,1.1987145716068033
3FKY,16579,28.384106200974465,1.1987265644943106
3FKY,16580,28.386714313571726,1.1987816365479447
3FKY,16581,28.387414080894086,1.1987964121756718
3FKY,16582,28.389202644982873,1.1988341769828963
3FKY,16583,28.3907966175816,1.1988678320670165
3FKY,16584,28.392541875437136,1.1989046802994827
3FKY,16585,28.394563016500694,1.1989473519343323
3FKY,16586,28.396859316213725,1.1989958310533526
3FKY,16587,28.39913082848177,1.1990437849352664
3FKY,16588,28.40025812607341,1.199067582595938
3FKY,16589,28.401244161898145,1.1990883977822877
3FKY,16590,28.402365983070442,1.1991120789538154
3FKY,16591,28.404322901252883,1.1991533875513705
3FKY,16592,28.406702484372904,1.1992036162684709
3FKY,16593,28.407355757837454,1.1992174053275415
3FKY,16594,28.408349360010767,1.1992383776174549
3FKY,16595,28.410286001364227,1.1992792538933807
3FKY,16596,28.410876934487131,1.1992917263153329
3FKY,16597,28.413193629284045,1.199340621959627
3FKY,16598,28.414882067643912,1.1993762565077204
3FKY,16599,28.415839685091147,1.1993964665854822
3FKY,16600,28.418108341590056,1.1994443441831708
3FKY,16601,28.42058515076566,1.1994966124410322
3FKY,16602,28.423205804467568,1.1995519137791291
3FKY,16603,28.424765791548481,1.1995848315968078
3FKY,16604,28.425681216912281,1.1996041478780342
3FKY,16605,28.428161641621092,1.1996564854603455
3FKY,16606,28.429088974802017,1.1996760518362248
3FKY,16607,28.431144306512188,1.1997194174127463
3FKY,16608,28.432683660578892,1.1997518953170303
3FKY,16609,28.433753088273253,1.1997744580102685
3FKY,16610,28.43409826442776,1.1997817404164206
3FKY,16611,28.43445269931097,1.199789218114006
3FKY,16612,28.436034501635202,1.1998225896545214
3FKY,16613,28.438360212920614,1.1998716538776579
3FKY,16614,28.440251588290145,1.1999115536810157
3FKY,16615,28.441562567034566,1.1999392088585676
3FKY,16616,28.443118214876296,1.199972024518952
3FKY,16617,28.445060747146869,1.2000130000647118
3FKY,16618,28.446215047338125,1.2000373480735891
3FKY,16619,28.447706742511969,1.2000688121268999
3FKY,16620,28.450755615248454,1.2001331188755493
3FKY,16621,28.452084593793245,1.2001611485799659
3FKY,16622,28.452221683573264,1.2001640399257498
3FKY,16623,28.454452088081631,1.2002110801684562
3FKY,16624,28.456130636264199,1.2002464802951414
3FKY,16625,28.458671227934328,1.2003000586995634
3FKY,16626,28.460325639562647,1.2003349472138429
3FKY,16627,28.460629226834214,1.2003413492038346
3FKY,16628,28.461582693639595,1.2003614555064257
3FKY,16629,28.4637789195355,1.2004077673030464
3FKY,16630,28.464191925483345,1.2004164761563356
3FKY,16631,28.468668666708663,1.2005108709429191
3FKY,16632,28.46869736327864,1.2005114760034497
3FKY,16633,28.470676068774104,1.2005531958150331
3FKY,16634,28.471894235907893,1.2005788794131094
3FKY,16635,28.472455734096002,1.2005907177463142
3FKY,16636,28.474418917524282,1.2006321075582091
3FKY,16637,28.475864381734688,1.200662581379681
3FKY,16638,28.476887807659519,1.2006841571632247
3FKY,16639,28.477915609493511,1.2007058248091449
3FKY,16640,28.479584528861949,1.2007410073673823
3FKY,16641,28.481703771582257,1.2007856817252409
3FKY,16642,28.482262032461193,1.2007974497779998
3FKY,16643,28.483597038504126,1.2008255910307173
3FKY,16644,28.484945261938886,1.2008540102300764
3FKY,16645,28.48878076484635,1.2009348551109449
3FKY,16646,28.489454375945936,1.2009490529503168
3FKY,16647,28.491093273770094,1.2009835956350992
3FKY,16648,28.493256992838827,1.2010291983388521
3FKY,16649,28.49484613408352,1.201062690094892
3FKY,16650,28.496705504212393,1.2011018758418257
3FKY,16651,28.497989749658093,1.2011289402376586
3FKY,16652,28.500583220518003,1.2011835936020454
3FKY,16653,28.501209631272292,1.2011967938615054
3FKY,16654,28.504048446921665,1.2012566139778
3FKY,16655,28.505209856806093,1.2012810865908148
3FKY,16656,28.508485216872128,1.2013501005552676
3FKY,16657,28.510284588587844,1.2013880127990539
3FKY,16658,28.510919405613912,1.2014013879254528
3FKY,16659,28.51118501418599,1.2014069840579278
3FKY,16660,28.51293792142101,1.2014439155748964
3FKY,16661,28.515831642462498,1.2015048800981476
3FKY,16662,28.516490960313291,1.2015187700847043
3FKY,16663,28.5194166180701,1.2015804035892892
3FKY,16664,28.521480202780726,1.2016238742908592
3FKY,16665,28.52246844715274,1.2016446917192734
3FKY,16666,28.523811971467193,1.2016729925630876
3FKY,16667,28.524706391282276,1.2016918328168271
3FKY,16668,28.525877056474851,1.2017164915170464
3FKY,16669,28.527176441947166,1.2017438609677085
3FKY,16670,28.529110026972241,1.2017845876509941
3FKY,16671,28.53061816197479,1.2018163522144194
3FKY,16672,28.531619132604018,1.2018374343429641
3FKY,16673,28.53326759923165,1.2018721530225676
3FKY,16674,28.534038333560677,1.2018883852656657
3FKY,16675,28.535773931283263,1.2019249374529242
3FKY,16676,28.536759299496399,1.2019456890962277
3FKY,16677,28.538372747658642,1.2019796671950065
3FKY,16678,28.539005516452544,1.2019929926045367
3FKY,16679,28.543101926725434,1.202079254891488
3FKY,16680,28.543613606648051,1.2020900294223213
3FKY,16681,28.544885357671365,1.20211680848082
3FKY,16682,28.547256772542415,1.2021667413923742
3FKY,16683,28.548324281490164,1.2021892183639145
3FKY,16684,28.549441199894883,1.2022127352281202
3FKY,16685,28.5515755077035,1.2022576720809437
3FKY,16686,28.55283313745651,1.2022841501008552
3FKY,16687,28.555485781181346,1.2023399967032229
3FKY,16688,28.557480820213872,1.2023819969224954
3FKY,16689,28.558833936105117,1.2024104823292756
3FKY,16690,28.561353913523075,1.2024635303709239
3FKY,16691,28.562254264843521,1.2024824830980714
3FKY,16692,28.563091466813582,1.2025001062400942
3FKY,16693,28.565876494247895,1.2025587293439353
3FKY,16694,28.567002357020979,1.2025824272473746
3FKY,16695,28.569340690942269,1.2026316445524592
3FKY,16696,28.570320969515784,1.2026522768787895
3FKY,16697,28.570614577978727,1.2026584565079868
3FKY,16698,28.572074235965019,1.202689177716225
3FKY,16699,28.574053568286789,1.2027308351807227
3FKY,16700,28.576053247722001,1.2027729194099468
3FKY,16701,28.576925326963895,1.202791272281915
3FKY,16702,28.578580616606562,1.2028261070145208
3FKY,16703,28.580591503216091,1.2028684237481315
3FKY,16704,28.581855569781158,1.2028950237739664
3FKY,16705,28.584547085835855,1.2029516599682799
3FKY,16706,28.586506419552688,1.2029928875474929
3FKY,16707,28.588108155257441,1.2030265896312966
3FKY,16708,28.59060792758217,1.2030791853963094
3FKY,16709,28.590851865447991,1.2030843177800568
3FKY,16710,28.593329189073906,1.2031364387287364
3FKY,16711,28.594786294877615,1.20316709403897
3FKY,16712,28.595806563152696,1.2031885584810078
3FKY,16713,28.598737909351872,1.2032502261212914
3FKY,16714,28.600411240067299,1.2032854270822062
3FKY,16715,28.601513668045573,1.203308617705702
3FKY,16716,28.602971917396275,1.2033392926843975
3FKY,16717,28.603906477652487,1.2033589511991662
3FKY,16718,28.60537394338294,1.2033898187552365
3FKY,16719,28.608560487035248,1.2034568437032378
3FKY,16720,28.611031395038832,1.2035088135837813
3FKY,16721,28.611802891034696,1.2035250397721817
3FKY,16722,28.615333892522774,1.203599301391026
3FKY,16723,28.616527224352325,1.2036243976975693
3FKY,16724,28.618228690393675,1.2036601793908361
3FKY,16725,28.62087745462243,1.2037158805715993
3FKY,16726,28.622353049395567,1.2037469099132303
3FKY,16727,28.623305945753668,1.203766947338138
3FKY,16728,28.625569537653913,1.2038145446221065
3FKY,16729,28.626624714873,1.2038367315339924
3FKY,16730,28.628507825262098,1.2038763261456278
3FKY,16731,28.629021741053844,1.2038871316036444
3FKY,16732,28.63008684858077,1.2039095259650543
3FKY,16733,28.63263465956463,1.2039630931388468
3FKY,16734,28.634319578811475,1.2039985168916658
3FKY,16735,28.635850477534678,1.2040307016123772
3FKY,16736,28.636205701303631,1.2040381695064724
3FKY,16737,28.639321353291141,1.2041036680910677
3FKY,16738,28.642188383954238,1.2041639369029797
3FKY,16739,28.643225892435158,1.2041857459729914
3FKY,16740,28.644162462205266,1.2042054329096601
3FKY,16741,28.64738064571532,1.2042730774991766
3FKY,16742,28.649621726393512,1.2043201816372056
3FKY,16743,28.649759505442244,1.2043230774850302
3FKY,16744,28.651300606980119,1.2043554679696391
3FKY,16745,28.652439795591803,1.2043794105894683
3FKY,16746,28.654158399990937,1.2044155300391726
3FKY,16747,28.655947473198509,1.2044531293623155
3FKY,16748,28.656484638444947,1.2044644182462492
3FKY,16749,28.658731717024946,1.2045116409459844
3FKY,16750,28.660157031190909,1.2045415931814227
3FKY,16751,28.662956823171314,1.2046004271844868
3FKY,16752,28.664341466180307,1.2046295226024382
3FKY,16753,28.66519536736001,1.2046474652248269
3FKY,16754,28.666618166354255,1.2046773612348181
3FKY,16755,28.668552894050926,1.2047180127570636
3FKY,16756,28.671361751096168,1.2047770286029043
3FKY,16757,28.673229436764014,1.2048162682484738
3FKY,16758,28.675140186461654,1.2048564113368951
3FKY,16759,28.676211821723214,1.2048789248197256
3FKY,16760,28.677394592005349,1.2049037725977418
3FKY,16761,28.678609428176184,1.2049292934863105
3FKY,16762,28.680274097964517,1.204964263457408
3FKY,16763,28.684074308471352,1.2050440912540761
3FKY,16764,28.684937977830224,1.2050622328857772
3FKY,16765,28.686288128705776,1.2050905926592117
3FKY,16766,28.687877809887468,1.205123982885393
3FKY,16767,28.689414721082322,1.2051562638325342
3FKY,16768,28.692183339294822,1.2052144131032456
3FKY,16769,28.694791325499679,1.2052691860548919
3FKY,16770,28.69641191137212,1.2053032203612557
3FKY,16771,28.697814759733589,1.2053326811347618
3FKY,16772,28.701330217825944,1.2054065049921701
3FKY,16773,28.701994701134474,1.205420458489457
3FKY,16774,28.704216151910565,1.2054671056028332
3FKY,16775,28.704712722433118,1.2054775325874707
3FKY,16776,28.705414395183226,1.2054922661536038
3FKY,16777,28.707118243492211,1.2055280424265515
3FKY,16778,28.708012190822803,1.2055468125130622
3FKY,16779,28.709422665034815,1.2055764274476286
3FKY,16780,28.711124041318335,1.2056121493215555
3FKY,16781,28.712991125129776,1.2056513491510283
3FKY,16782,28.71404116650498,1.2056733944374467
3FKY,16783,28.71492629375037,1.2056919770907959
3FKY,16784,28.717563411888698,1.2057473399211236
3FKY,16785,28.719395672589041,1.2057858043304459
3FKY,16786,28.721620396979766,1.2058325060293824
3FKY,16787,28.722711644363443,1.2058554129728403
3FKY,16788,28.725018948017848,1.2059038453555919
3FKY,16789,28.726962987250065,1.2059446509809373
3FKY,16790,28.727871559135512,1.2059637215444068
3FKY,16791,28.729777049693869,1.2060037160559467
3FKY,16792,28.733163504099949,1.206074791376994
3FKY,16793,28.733871962656035,1.2060896600624109
3FKY,16794,28.735088602655463,1.2061151937146934
3FKY,16795,28.735462572050235,1.2061230421105646
3FKY,16796,28.738107946181312,1.2061785584130689
3FKY,16797,28.739769288777978,1.2062134223446468
3FKY,16798,28.742104623387576,1.206262428561462
3FKY,16799,28.742904518987451,1.2062792136457212
3FKY,16800,28.743990060107762,1.2063019923688081
3FKY,16801,28.746303520271248,1.2063505360025883
3FKY,16802,28.749997535633138,1.2064280439551411
3FKY,16803,28.751422194732623,1.2064579348689863
3FKY,16804,28.752472919945831,1.2064799797643797
3FKY,16805,28.754521852089418,1.2065229665290367
3FKY,16806,28.756338032967932,1.2065610688726045
3FKY,16807,28.75706302416857,1.2065762784003895
3FKY,16808,28.758842091311333,1.2066136004838652
3FKY,16809,28.759893107932026,1.2066356486483643
3FKY,16810,28.761037847514906,1.2066596624692656
3FKY,16811,28.762317608592745,1.2066865081432741
3FKY,16812,28.764719736490399,1.2067368962039018
3FKY,16813,28.766621011830104,1.2067767766757442
3FKY,16814,28.76783587037966,1.2068022584242915
3FKY,16815,28.770488298898933,1.2068578914403132
3FKY,16816,28.77172453613931,1.2068838198609062
3FKY,16817,28.773755937894588,1.2069264245826725
3FKY,16818,28.777512906392452,1.2070052157659128
3FKY,16819,28.778618244045202,1.2070283959397097
3FKY,16820,28.781207484015901,1.207082693471456
3FKY,16821,28.782111070551526,1.2071016415143636
3FKY,16822,28.783218847570414,1.207124870988189
3FKY,16823,28.783880787279035,1.2071387512858665
3FKY,16824,28.784312344921801,1.2071478005868486
3FKY,16825,28.786840496335277,1.2072008118482085
3FKY,16826,28.78941149230948,1.2072547191037057
3FKY,16827,28.791114307024348,1.2072904214782405
3FKY,16828,28.791939698552049,1.2073077268199677
3FKY,16829,28.79481852113879,1.2073680829111937
3FKY,16830,28.795525242296574,1.2073828992458291
3FKY,16831,28.795938084860246,1.2073915543625646
3FKY,16832,28.797834619383163,1.2074313138254584
3FKY,16833,28.799091015921892,1.2074576525415066
3FKY,16834,28.801124764086492,1.2075002862036426
3FKY,16835,28.803667599982955,1.2075535898042524
3FKY,16836,28.805072907582808,1.2075830472254816
3FKY,16837,28.807438127866611,1.2076326242791089
3FKY,16838,28.808489513391937,1.2076546615715382
3FKY,16839,28.811072450840904,1.2077087988517021
3FKY,16840,28.811254288018876,1.2077126099908686
3FKY,16841,28.813853718044005,1.2077670903265985
3FKY,16842,28.81521937517655,1.2077957115623126
3FKY,16843,28.817425531863233,1.2078419464278332
3FKY,16844,28.81902541446491,1.2078754743794105
3FKY,16845,28.821091647477481,1.2079187740297557
3FKY,16846,28.822005485647288,1.2079379237820518
3FKY,16847,28.823669610671356,1.2079727952401236
3FKY,16848,28.824373945123931,1.2079875541461091
3FKY,16849,28.826909911746792,1.2080406923122173
3FKY,16850,28.828130849482445,1.2080662747776088
3FKY,16851,28.829859691175866,1.2081024984933102
3FKY,16852,28.833081535579652,1.2081700015886505
3FKY,16853,28.833529887914782,1.2081793950302604
3FKY,16854,28.834080585862036,1.2081909326175502
3FKY,16855,28.836285496736082,1.2082371262596858
3FKY,16856,28.836595404962079,1.2082436188021872
3FKY,16857,28.838387971315044,1.2082811721813034
3FKY,16858,28.839528653008035,1.2083050682913365
3FKY,16859,28.841310576479554,1.2083423968123761
3FKY,16860,28.843557025144328,1.2083894547694181
3FKY,16861,28.844122224342033,1.2084012941102451
3FKY,16862,28.846250841736275,1.2084458816442294
3FKY,16863,28.847040452736653,1.2084624209795656
3FKY,16864,28.849600805119064,1.2085160490283746
3FKY,16865,28.850142765223435,1.2085274003883555
3FKY,16866,28.851186933365245,1.2085492702002745
3FKY,16867,28.8525521428788,1.2085778635376536
3FKY,16868,28.854554143471972,1.208619792785667
3FKY,16869,28.856339548575342,1.2086571845013072
3FKY,16870,28.857982670816085,1.2086915953666859
3FKY,16871,28.859051850130403,1.2087139859838025
3FKY,16872,28.860020276440206,1.2087342662863436
3FKY,16873,28.863120890082651,1.2087991955078539
3FKY,16874,28.863578525937111,1.2088087784573565
3FKY,16875,28.86573795910239,1.2088539962210318
3FKY,16876,28.867033922178393,1.2088811324155411
3FKY,16877,28.868780371322298,1.2089177003825329
3FKY,16878,28.869467550400906,1.2089320885554515
3FKY,16879,28.871458998261094,1.2089737845739121
3FKY,16880,28.873085671997547,1.2090078420526793
3FKY,16881,28.873965378555699,1.2090262599668307
3FKY,16882,28.876320610277062,1.2090755687281405
3FKY,16883,28.879229840116857,1.2091364731311001
3FKY,16884,28.880730602242966,1.2091678902197787
3FKY,16885,28.883415049711932,1.2092240846475339
3FKY,16886,28.88372371562388,1.2092305458858781
3FKY,16887,28.885624382791285,1.2092703313894742
3FKY,16888,28.886797822482585,1.2092948936314836
3FKY,16889,28.889172687120379,1.2093446023716603
3FKY,16890,28.890093680703508,1.2093638793124322
3FKY,16891,28.891667139488963,1.2093968120251635
3FKY,16892,28.893083813958771,1.2094264624530353
3FKY,16893,28.895010776453425,1.2094667918376074
3FKY,16894,28.897140615264391,1.209511365654643
3FKY,16895,28.898355439412448,1.2095367890726827
3FKY,16896,28.900413828796793,1.2095798651113692
3FKY,16897,28.902502623811756,1.2096235758823777
3FKY,16898,28.903059186302656,1.2096352224148288
3FKY,16899,28.904473764602031,1.2096648231361353
3FKY,16900,28.906471940544687,1.2097066346805223
3FKY,16901,28.907151478040859,1.2097208535756581
3FKY,16902,28.910826228041728,1.2097977425150919
3FKY,16903,28.913828935495467,1.2098605662883051
3FKY,16904,28.914501446184506,1.2098746363624169
3FKY,16905,28.916213741196287,1.2099104597647143
3FKY,16906,28.917881697317018,1.2099453545208867
3FKY,16907,28.919951568939513,1.2099886562185462
3FKY,16908,28.921889280291726,1.2100291917200878
3FKY,16909,28.922250061040984,1.2100367388390321
3FKY,16910,28.923335880517744,1.2100594526514847
3FKY,16911,28.925709486326276,1.2101091036535787
3FKY,16912,28.926269757623359,1.2101208230915137
3FKY,16913,28.926986471341287,1.2101358147380206
3FKY,16914,28.929941584434548,1.210197625477756
3FKY,16915,28.932238078474718,1.210245658006168
3FKY,16916,28.934040625124982,1.2102833579980155
3FKY,16917,28.935454524959219,1.2103129286783896
3FKY,16918,28.936637316582843,1.2103376653446782
3FKY,16919,28.937496705335359,1.2103556381112135
3FKY,16920,28.939814387597423,1.2104041074666425
3FKY,16921,28.940620537123412,1.2104209659006544
3FKY,16922,28.942197146524794,1.2104539357376711
3FKY,16923,28.943247113429635,1.2104758920017265
3FKY,16924,28.945312509522036,1.2105190811360855
3FKY,16925,28.949992565890987,1.2106169392703172
3FKY,16926,28.952218021625065,1.2106634698977121
3FKY,16927,28.953927508832226,1.210699211255476
3FKY,16928,28.955404700882202,1.2107300950179449
3FKY,16929,28.957376830779499,1.2107713252543655
3FKY,16930,28.958749910224295,1.2108000306430062
3FKY,16931,28.959978511266812,1.2108257150114061
3FKY,16932,28.96054134085405,1.2108374809943474
3FKY,16933,28.961749389271713,1.2108627349257557
3FKY,16934,28.963049234889866,1.2108899072650245
3FKY,16935,28.964908985256926,1.2109287829507696
3FKY,16936,28.966938758250457,1.2109712113161193
3FKY,16937,28.968167165024521,1.2109968879932627
3FKY,16938,28.972254827055242,1.2110823261115125
3FKY,16939,28.973265901493988,1.2111034581170732
3FKY,16940,28.973805634605991,1.211114738681653
3FKY,16941,28.974570522277308,1.2111307248560284
3FKY,16942,28.976926918437918,1.211179972277415
3FKY,16943,28.978776445015601,1.2112186249925794
3FKY,16944,28.980758643801959,1.2112600490160956
3FKY,16945,28.9815800201904,1.2112772137385146
3FKY,16946,28.984888449133905,1.2113463492071141
3FKY,16947,28.986665903496508,1.2113834906273531
3FKY,16948,28.987560118858283,1.2114021755871172
3FKY,16949,28.988762462255934,1.2114272985415619
3FKY,16950,28.990167750902586,1.2114566613748277
3FKY,16951,28.993315459046691,1.2115224286467994
3FKY,16952,28.995369284324781,1.21156533873289
3FKY,16953,28.99730406582465,1.2116057602753352
3FKY,16954,28.99993773966678,1.2116607809410316
3FKY,16955,29.000225708591714,1.2116667968123314
3FKY,16956,29.001228667785806,1.2116877490948963
3FKY,16957,29.00342601900666,1.2117336515143138
3FKY,16958,29.005653490280775,1.2117801813635445
3FKY,16959,29.007057117702573,1.2118095009462884
3FKY,16960,29.008586088596111,1.2118414379510127
3FKY,16961,29.009544703827924,1.2118614609893694
3FKY,16962,29.012338092111207,1.2119198058919287
3FKY,16963,29.013312976938145,1.2119401674412371
3FKY,16964,29.014879169055234,1.2119728783819468
3FKY,16965,29.017987482668744,1.2120377949181722
3FKY,16966,29.018680685359939,1.2120522718498352
3FKY,16967,29.021975422103097,1.2121210771799857
3FKY,16968,29.0232877118213,1.2121484811733887
3FKY,16969,29.025831631912929,1.2122016030205505
3FKY,16970,29.02748628845281,1.212236154118876
3FKY,16971,29.030554963344677,1.2123002289116853
3FKY,16972,29.031162281580098,1.2123129094854153
3FKY,16973,29.034870471335946,1.2123903321997342
3FKY,16974,29.035562311491468,1.2124047764749426
3FKY,16975,29.038998225767461,1.2124765091248069
3FKY,16976,29.040675834974451,1.2125115315515897
3FKY,16977,29.043184111143916,1.2125638934203264
3FKY,16978,29.044971435888677,1.2126012035875045
3FKY,16979,29.045667264610529,1.2126157286094008
3FKY,16980,29.046269802294852,1.2126283060943188
3FKY,16981,29.048128500431911,1.2126671040868411
3FKY,16982,29.049569510372653,1.2126971825079067
3FKY,16983,29.05113221578047,1.2127298002539091
3FKY,16984,29.054508383016749,1.2128002666928397
3FKY,16985,29.056381880609035,1.2128393680557341
3FKY,16986,29.056957798623472,1.2128513876626901
3FKY,16987,29.060712945245903,1.2129297559434651
3FKY,16988,29.061117832559088,1.2129382054636186
3FKY,16989,29.062267561321391,1.2129621986244647
3FKY,16990,29.063826783737582,1.212994736561835
3FKY,16991,29.066087717701897,1.2130419163032489
3FKY,16992,29.067992334115427,1.2130816592111981
3FKY,16993,29.069521594283138,1.213113568760396
3FKY,16994,29.072157907424227,1.2131685761110662
3FKY,16995,29.074416410399635,1.2132156983720916
3FKY,16996,29.07526074345574,1.2132333143865803
3FKY,16997,29.07545295248773,1.2132373245658457
3FKY,16998,29.0797308149277,1.2133265729001879
3FKY,16999,29.081878774838021,1.2133713829558428
3FKY,17000,29.083215025461516,1.2133992585558924
3FKY,17001,29.083851201297538,1.2134125296310765
3FKY,17002,29.085563169639524,1.2134482417734187
3FKY,17003,29.086549035418841,1.2134688067346762
3FKY,17004,29.089591565167126,1.21353227109401
3FKY,17005,29.09194019260222,1.2135812590224386
3FKY,17006,29.093181042836999,1.2136071400142729
3FKY,17007,29.095757007634312,1.2136608663508464
3FKY,17008,29.098462222948001,1.213717285877046
3FKY,17009,29.098986774930879,1.2137282255434598
3FKY,17010,29.100697333748965,1.2137638990022077
3FKY,17011,29.101359724608091,1.2137777127869356
3FKY,17012,29.105600893194179,1.2138661562206747
3FKY,17013,29.10659821399387,1.213886952966972
3FKY,17014,29.107721294954523,1.2139103717149271
3FKY,17015,29.109110324902549,1.2139393354687011
3FKY,17016,29.112145442486135,1.2140026206832752
3FKY,17017,29.113506951288194,1.2140310084215169
3FKY,17018,29.115025230264937,1.2140626640672887
3FKY,17019,29.115595902505884,1.2140745621930971
3FKY,17020,29.119594985638287,1.2141579370691189
3FKY,17021,29.121895042985511,1.2142058872164725
3FKY,17022,29.122349866968971,1.2142153688762567
3FKY,17023,29.125178262417652,1.2142743304273931
3FKY,17024,29.125718768949667,1.2142855976573539
3FKY,17025,29.126656959380796,1.214305154633156
3FKY,17026,29.128700132752865,1.2143477443552213
3FKY,17027,29.130171849776119,1.2143784212077042
3FKY,17028,29.130829446491408,1.214392128074218
3FKY,17029,29.132872565082401,1.214434713604357
3FKY,17030,29.136024279073684,1.2145004030991942
3FKY,17031,29.137507327097047,1.2145313122494159
3FKY,17032,29.137940092283038,1.2145403316365533
3FKY,17033,29.14069444168798,1.2145977342768486
3FKY,17034,29.145344324252438,1.2146946350483645
3FKY,17035,29.14682243096518,1.2147254362890456
3FKY,17036,29.148498070157689,1.2147603528275579
3FKY,17037,29.150768784844917,1.21480766779469
3FKY,17038,29.154796634257352,1.2148915917106673
3FKY,17039,29.1559253158747,1.2149151077816742
3FKY,17040,29.157123645880823,1.2149400744780448
3FKY,17041,29.159200460315731,1.2149833428090626
3FKY,17042,29.161772837829481,1.2150369335600946
3FKY,17043,29.163229248864752,1.2150672741555417
3FKY,17044,29.165043159726054,1.2151050612852912
3FKY,17045,29.16658454253653,1.2151371702264366
3FKY,17046,29.166915664055853,1.2151440677931269
3FKY,17047,29.169992269020618,1.2152081544406987
3FKY,17048,29.171073846938416,1.2152306832454722
3FKY,17049,29.172216509109948,1.215254483955394
3FKY,17050,29.174542676260053,1.2153029346568969
3FKY,17051,29.175946039589938,1.215332163753696
3FKY,17052,29.177746656382148,1.2153696657722484
3FKY,17053,29.181133292299457,1.2154401971807005
3FKY,17054,29.182807902710103,1.2154750717619425
3FKY,17055,29.184213454283253,1.2155043422888665
3FKY,17056,29.184717805696977,1.2155148452048661
3FKY,17057,29.187134996886623,1.2155651809826511
3FKY,17058,29.188277568681144,1.215588973261309
3FKY,17059,29.189510422691434,1.2156146450042273
3FKY,17060,29.191258535536683,1.2156510450624984
3FKY,17061,29.193111876590599,1.2156896350435826
3FKY,17062,29.195119262332767,1.2157314311374847
3FKY,17063,29.19674817075213,1.2157653458395361
3FKY,17064,29.198504029212867,1.2158019026465212
3FKY,17065,29.200138287190565,1.2158359267553425
3FKY,17066,29.200999874467765,1.215853864016943
3FKY,17067,29.203399801646182,1.2159038263605957
3FKY,17068,29.204853828913709,1.2159340957012255
3FKY,17069,29.205180358952415,1.2159408931654392
3FKY,17070,29.209937929004891,1.2160399284792718
3FKY,17071,29.211061730189762,1.2160633207571294
3FKY,17072,29.212909310910412,1.2161017777574539
3FKY,17073,29.214437520473034,1.2161335861960014
3FKY,17074,29.2161163566041,1.2161685288450292
3FKY,17075,29.21736090689463,1.2161944317877551
3FKY,17076,29.219803734282355,1.2162452729807602
3FKY,17077,29.221337372495903,1.216277190644717
3FKY,17078,29.223226847640071,1.2163165127390891
3FKY,17079,29.224256154105163,1.2163379332247983
3FKY,17080,29.22492647828679,1.2163518828707707
3FKY,17081,29.227340749977341,1.2164021232584243
3FKY,17082,29.229828978475204,1.2164539004973873
3FKY,17083,29.231007319573475,1.2164784196825718
3FKY,17084,29.23269249728278,1.2165134843785912
3FKY,17085,29.235706042139867,1.2165761868388394
3FKY,17086,29.236936626109731,1.2166017905201378
3FKY,17087,29.238128227016016,1.2166265826015334
3FKY,17088,29.240524782425631,1.2166764430654098
3FKY,17089,29.243159717643579,1.2167312606757936
3FKY,17090,29.244164507616269,1.2167521638353778
3FKY,17091,29.244302900834349,1.2167550428721219
3FKY,17092,29.245242493249005,1.2167745893224147
3FKY,17093,29.248035665158032,1.2168326941484706
3FKY,17094,29.248905929860726,1.2168507972217462
3FKY,17095,29.253354324360949,1.2169433276331207
3FKY,17096,29.254328379476462,1.2169635878739331
3FKY,17097,29.255718959115459,1.2169925111952087
3FKY,17098,29.256357213516861,1.2170057863191495
3FKY,17099,29.259990999888796,1.2170813630852173
3FKY,17100,29.260818758373354,1.2170985784408144
3FKY,17101,29.263391751371291,1.2171520888587308
3FKY,17102,29.265665189375206,1.2171993674875614
3FKY,17103,29.266538137131914,1.217217520902613
3FKY,17104,29.26777872375423,1.2172433190985514
3FKY,17105,29.270234010758461,1.2172943755701195
3FKY,17106,29.272042406281198,1.2173319788857868
3FKY,17107,29.272771514389024,1.2173471394454189
3FKY,17108,29.273239668261727,1.2173568738072456
3FKY,17109,29.277956130613436,1.21745493925332
3FKY,17110,29.278683645448243,1.2174700651559436
3FKY,17111,29.279171338047362,1.2174802047625446
3FKY,17112,29.281258329623395,1.2175235944067715
3FKY,17113,29.282714359672447,1.2175538651157976
3FKY,17114,29.285998974857552,1.2176221491506156
3FKY,17115,29.286819957156634,1.2176392159958771
3FKY,17116,29.288736966469212,1.217679066473389
3FKY,17117,29.289403088971024,1.2176929134141983
3FKY,17118,29.292622056877708,1.2177598251007602
3FKY,17119,29.294484060511113,1.2177985283138486
3FKY,17120,29.296538661389548,1.2178412333850606
3FKY,17121,29.297068522596248,1.217852246356854
3FKY,17122,29.299626159982214,1.2179054045159252
3FKY,17123,29.301192272871535,1.2179379535978512
3FKY,17124,29.301655547504001,1.2179475818328103
3FKY,17125,29.303090101235142,1.2179773956749071
3FKY,17126,29.306286205955576,1.218043816607802
3FKY,17127,29.307712907699688,1.2180734649241387
3FKY,17128,29.311090896658751,1.2181436601006259
3FKY,17129,29.312351887814913,1.2181698626713067
3FKY,17130,29.312750264543645,1.2181781405617662
3FKY,17131,29.315671379860706,1.2182388368482793
3FKY,17132,29.316901418265093,1.218264394250965
3FKY,17133,29.318783665021325,1.2183035020230815
3FKY,17134,29.320523299772379,1.2183396456042037
3FKY,17135,29.322261965673711,1.218375767984669
3FKY,17136,29.322777527764281,1.2183864790546006
3FKY,17137,29.325351074810751,1.2184399444216749
3FKY,17138,29.328073918523604,1.2184965088687196
3FKY,17139,29.329557905635284,1.2185273361614775
3FKY,17140,29.329681729992874,1.2185299083653587
3FKY,17141,29.331547956284428,1.2185686748340856
3FKY,17142,29.331833123615109,1.2185745984070959
3FKY,17143,29.333943500500613,1.2186184348321847
3FKY,17144,29.336642557385513,1.2186744969300218
3FKY,17145,29.338097991373605,1.2187047266722522
3FKY,17146,29.339355865130219,1.2187308524330618
3FKY,17147,29.340340854214482,1.2187513100483658
3FKY,17148,29.342215973481611,1.2187902541690701
3FKY,17149,29.343735889277827,1.2188218201996097
3FKY,17150,29.345708247785943,1.2188627814664634
3FKY,17151,29.345947161881163,1.2188677430592025
3FKY,17152,29.348769410951146,1.2189263519300098
3FKY,17153,29.351005204483737,1.2189727800394023
3FKY,17154,29.353081271506287,1.2190158897118635
3FKY,17155,29.354339822821213,1.2190420228730114
3FKY,17156,29.356289902658009,1.219082514156471
3FKY,17157,29.358489835918459,1.2191281917597394
3FKY,17158,29.360497012422805,1.2191698656273884
3FKY,17159,29.362270198809899,1.2192066801058594
3FKY,17160,29.36416770996469,1.2192460745546663
3FKY,17161,29.366122916664406,1.2192866654959102
3FKY,17162,29.366871038176235,1.2193021964663526
3FKY,17163,29.368476492249787,1.2193355249561728
3FKY,17164,29.370868628299512,1.2193851829129558
3FKY,17165,29.371384752754793,1.2193958967899685
3FKY,17166,29.372589358375613,1.2194209020136424
3FKY,17167,29.376307770828166,1.2194980856476061
3FKY,17168,29.37766437812412,1.2195262437284953
3FKY,17169,29.379953056018905,1.219573746626647
3FKY,17170,29.382035874922295,1.219616975188498
3FKY,17171,29.383848227175857,1.2196545890131263
3FKY,17172,29.384703714041922,1.2196723435100807
3FKY,17173,29.385859407817573,1.2196963279934743
3FKY,17174,29.388683473395105,1.2197549347473973
3FKY,17175,29.389881663532876,1.2197797994787223
3FKY,17176,29.391453354869871,1.219812414304055
3FKY,17177,29.394511006835916,1.2198758624225123
3FKY,17178,29.396662018984859,1.2199204952418452
3FKY,17179,29.397779837823386,1.2199436889831468
3FKY,17180,29.398557585898004,1.2199598263000657
3FKY,17181,29.399080819542494,1.2199706826351766
3FKY,17182,29.401196548097595,1.2200145799323223
3FKY,17183,29.404584792483536,1.2200848761948815
3FKY,17184,29.406190644543752,1.220118191561796
3FKY,17185,29.406661971036449,1.2201279696342184
3FKY,17186,29.408576780469609,1.2201676931927323
3FKY,17187,29.410659285562353,1.220210894202963
3FKY,17188,29.412220132940167,1.2202432725608841
3FKY,17189,29.415072091843577,1.2203024316330691
3FKY,17190,29.415741697255243,1.2203163210510408
3FKY,17191,29.417492945899433,1.2203526459127128
3FKY,17192,29.419278388268022,1.2203896789165618
3FKY,17193,29.42129691796497,1.2204315451806285
3FKY,17194,29.423780938394248,1.2204830642029447
3FKY,17195,29.423851480970207,1.2204845272366696
3FKY,17196,29.426530065410855,1.2205400790475602
3FKY,17197,29.427800136671568,1.2205664184791414
3FKY,17198,29.430975173031932,1.2206322616311358
3FKY,17199,29.431253516863006,1.2206380336902458
3FKY,17200,29.432870080740198,1.2206715560860228
3FKY,17201,29.434846983985825,1.2207125495235489
3FKY,17202,29.435901134690457,1.2207344080280955
3FKY,17203,29.43683204717507,1.2207537107820881
3FKY,17204,29.438858236982629,1.2207957233899722
3FKY,17205,29.441049497408368,1.2208411570742113
3FKY,17206,29.442822543639494,1.2208779182505307
3FKY,17207,29.443358267610979,1.2208890253818345
3FKY,17208,29.445548009016566,1.2209344241016649
3FKY,17209,29.446404391936348,1.2209521785646551
3FKY,17210,29.447838809975494,1.2209819162276767
3FKY,17211,29.450122717070361,1.2210292635935009
3FKY,17212,29.451862869139962,1.2210653372159126
3FKY,17213,29.452295722385195,1.2210743101653359
3FKY,17214,29.453983559666547,1.2211092980188623
3FKY,17215,29.45661604208513,1.221163865797936
3FKY,17216,29.458206501094228,1.2211968326678115
3FKY,17217,29.461109672384037,1.2212570070073054
3FKY,17218,29.462406695467141,1.2212838895842457
3FKY,17219,29.46346492315314,1.2213058223617161
3FKY,17220,29.464515983923135,1.2213276062081413
3FKY,17221,29.466615859256681,1.2213711261835485
3FKY,17222,29.467702953361567,1.2213936556302925
3FKY,17223,29.468519841148428,1.2214105849214421
3FKY,17224,29.471745357912265,1.2214774286675576
3FKY,17225,29.472928048622975,1.2215019371501374
3FKY,17226,29.474726445857055,1.2215392037595492
3FKY,17227,29.478343761325149,1.221614158773991
3FKY,17228,29.480568652570494,1.2216602588430145
3FKY,17229,29.481137863114959,1.2216720526885252
3FKY,17230,29.483208311351959,1.2217149506992999
3FKY,17231,29.484107450418076,1.2217335796635105
3FKY,17232,29.485245707217786,1.221757162421363
3FKY,17233,29.488497320892833,1.2218245278558619
3FKY,17234,29.488635690518098,1.221827394451638
3FKY,17235,29.491050406721261,1.2218774189092227
3FKY,17236,29.492104593554483,1.2218992573238989
3FKY,17237,29.494162643378228,1.2219418905254957
3FKY,17238,29.495035345815012,1.2219599684039919
3FKY,17239,29.495970563451905,1.2219793409770694
3FKY,17240,29.498668606487183,1.2220352278896929
3FKY,17241,29.500852872714415,1.2220804706242414
3FKY,17242,29.502601700628684,1.2221166929120668
3FKY,17243,29.505898220618981,1.2221849685783392
3FKY,17244,29.50740664090543,1.2222162088582518
3FKY,17245,29.50892265934365,1.222247605695864
3FKY,17246,29.509631301019507,1.222262281433127
3FKY,17247,29.511411761482385,1.2222991534092813
3FKY,17248,29.51353825262543,1.2223431899590076
3FKY,17249,29.515789069506884,1.222389799386344
3FKY,17250,29.518509102435562,1.2224461228662802
3FKY,17251,29.519893807551455,1.2224747948351706
3FKY,17252,29.521443432697676,1.2225068808723818
3FKY,17253,29.522262252101598,1.2225238347421465
3FKY,17254,29.525418571660396,1.2225891849637422
3FKY,17255,29.526435064519191,1.2226102302619932
3FKY,17256,29.527612403206753,1.2226346052326271
3FKY,17257,29.529869016783284,1.2226813235568186
3FKY,17258,29.531079472351415,1.2227063826969213
3FKY,17259,29.533097977244427,1.222748169124779
3FKY,17260,29.53489906298849,1.2227854534070124
3FKY,17261,29.53645104071957,1.2228175799915653
3FKY,17262,29.538459985287478,1.2228591647263305
3FKY,17263,29.541292333027108,1.222917791333292
3FKY,17264,29.544008974532101,1.2229740203028385
3FKY,17265,29.544999652939307,1.2229945246934071
3FKY,17266,29.546602471820819,1.2230276980248358
3FKY,17267,29.548539509968549,1.2230677874476776
3FKY,17268,29.551039185432966,1.2231195194103248
3FKY,17269,29.551851396002061,1.2231363280201453
3FKY,17270,29.553372602591978,1.2231678086044526
3FKY,17271,29.554513998676804,1.2231914286746017
3FKY,17272,29.556563546721893,1.2232338409121928
3FKY,17273,29.557446894125494,1.2232521199716366
3FKY,17274,29.558958202647251,1.223283392762698
3FKY,17275,29.559926000396953,1.2233034185230154
3FKY,17276,29.561428514899326,1.22333450804217
3FKY,17277,29.562977784634306,1.2233665641773572
3FKY,17278,29.564904288285177,1.223406424535378
3FKY,17279,29.565669086860197,1.2234222482537653
3FKY,17280,29.5670066204361,1.2234499213942422
3FKY,17281,29.570463723601932,1.2235214448498024
3FKY,17282,29.572483189276156,1.2235632233183154
3FKY,17283,29.573560767754547,1.2235855155515589
3FKY,17284,29.576517297346474,1.2236466762011677
3FKY,17285,29.577462954077504,1.223666238011891
3FKY,17286,29.5788997775994,1.2236959594772592
3FKY,17287,29.579931821069831,1.2237173074046392
3FKY,17288,29.580816003220978,1.223735596508928
3FKY,17289,29.585062785930447,1.2238234364228073
3FKY,17290,29.586502013998683,1.2238532038029248
3FKY,17291,29.587265411329344,1.2238689927637469
3FKY,17292,29.589814243946599,1.2239217075041182
3FKY,17293,29.591171284626668,1.2239497727783706
3FKY,17294,29.592729343630158,1.223981994565801
3FKY,17295,29.593530512022767,1.2239985629775685
3FKY,17296,29.595689078776655,1.224043201693906
3FKY,17297,29.597305153748827,1.224076620726225
3FKY,17298,29.599570267041823,1.2241234597739692
3FKY,17299,29.600944041776241,1.2241518664426085
3FKY,17300,29.60199715920232,1.2241736421703489
3FKY,17301,29.603812658019798,1.2242111810518039
3FKY,17302,29.606694336137267,1.2242707628490315
3FKY,17303,29.607159030643636,1.2242803706366996
3FKY,17304,29.609906569134466,1.2243371758067434
3FKY,17305,29.611457177283992,1.2243692333605913
3FKY,17306,29.611771586954532,1.2243757334207392
3FKY,17307,29.615306105084969,1.2244488031640712
3FKY,17308,29.617526477459553,1.2244947031005851
3FKY,17309,29.619572113239936,1.2245369893281182
3FKY,17310,29.621612046553413,1.2245791562233805
3FKY,17311,29.623312077837685,1.2246142959889588
3FKY,17312,29.62460860135689,1.2246410945430881
3FKY,17313,29.625827121305772,1.2246662802641808
3FKY,17314,29.627959316219247,1.2247103495862193
3FKY,17315,29.629530787235655,1.2247428285578181
3FKY,17316,29.629915971856871,1.2247507893752321
3FKY,17317,29.633529171193153,1.2248254627871082
3FKY,17318,29.634930056060007,1.2248544134255459
3FKY,17319,29.638467063197698,1.2249275060485756
3FKY,17320,29.640499742731045,1.2249695096106512
3FKY,17321,29.640776929001767,1.2249752373132752
3FKY,17322,29.643260902936515,1.225026564287959
3FKY,17323,29.645637398028505,1.2250756683875463
3FKY,17324,29.647484617914039,1.2251138350299935
3FKY,17325,29.647894113052807,1.2251222957212469
3FKY,17326,29.649765249396161,1.225160955038431
3FKY,17327,29.651502705234236,1.2251968513069578
3FKY,17328,29.65260792172727,1.2252196848065424
3FKY,17329,29.655006775480068,1.2252692430681016
3FKY,17330,29.656902161199056,1.2253083986942643
3FKY,17331,29.658624782897263,1.2253439842077709
3FKY,17332,29.659955511034351,1.2253714733688368
3FKY,17333,29.661417023666989,1.2254016634651437
3FKY,17334,29.663450725177224,1.2254436718846351
3FKY,17335,29.664423278095818,1.2254637605631595
3FKY,17336,29.665211621994562,1.2254800440494635
3FKY,17337,29.669819370632212,1.2255752141905678
3FKY,17338,29.6701480030505,1.225582001603496
3FKY,17339,29.670690882522099,1.2255932138877408
3FKY,17340,29.672444060945438,1.2256294222094062
3FKY,17341,29.674586144090821,1.2256736611123686
3FKY,17342,29.676119279833667,1.2257053228821271
3FKY,17343,29.678504002383249,1.2257545696919314
3FKY,17344,29.679627701984735,1.2257777744815646
3FKY,17345,29.681501303538496,1.225816464031886
3FKY,17346,29.68348548895522,1.2258574357886638
3FKY,17347,29.685680515137104,1.225902759634228
3FKY,17348,29.68697581168767,1.2259295046888661
3FKY,17349,29.68755745251616,1.2259415141162449
3FKY,17350,29.690026165311991,1.2259924855474931
3FKY,17351,29.690818676467423,1.2260088480497044
3FKY,17352,29.692432475740294,1.2260421665197134
3FKY,17353,29.693563789839018,1.2260655230698727
3FKY,17354,29.694954199605089,1.226094228171313
3FKY,17355,29.696543433132028,1.2261270371793898
3FKY,17356,29.697926948989195,1.2261555985243382
3FKY,17357,29.699317571971331,1.2261843059185877
3FKY,17358,29.701637711700293,1.2262322003416919
3FKY,17359,29.702005207491212,1.2262397863506316
3FKY,17360,29.703514244225296,1.2262709360552853
3FKY,17361,29.705699623005064,1.2263160454852702
3FKY,17362,29.707188940353401,1.2263467862335642
3FKY,17363,29.709742052374846,1.2263994827956659
3FKY,17364,29.711021678545226,1.2264258935933929
3FKY,17365,29.712145601667999,1.2264490902945961
3FKY,17366,29.713839480428213,1.2264840495076479
3FKY,17367,29.716446502280224,1.2265378527293549
3FKY,17368,29.717803542280109,1.2265658581290817
3FKY,17369,29.719383526161323,1.2265984636432237
3FKY,17370,29.7199188346728,1.2266095104006451
3FKY,17371,29.722387104920223,1.2266604449425222
3FKY,17372,29.723140549776925,1.2266759924007875
3FKY,17373,29.725746005941094,1.2267297548974541
3FKY,17374,29.72840375477951,1.2267845940040627
3FKY,17375,29.730183567609309,1.2268213167002853
3FKY,17376,29.732118830314963,1.2268612455305183
3FKY,17377,29.733601193852763,1.2268918291515336
3FKY,17378,29.735108842225451,1.2269229336586971
3FKY,17379,29.735903790876197,1.226939334039425
3FKY,17380,29.736589259736935,1.2269534755948095
3FKY,17381,29.737284849679902,1.2269678257864161
3FKY,17382,29.739749900080252,1.2270186790312374
3FKY,17383,29.742782045647253,1.2270812283874659
3FKY,17384,29.74448176621469,1.2271162900942267
3FKY,17385,29.745452370283015,1.2271363111918649
3FKY,17386,29.747452150624568,1.2271775605532267
3FKY,17387,29.747664238506719,1.2271819351972237
3FKY,17388,29.748258289155309,1.2271941883371544
3FKY,17389,29.749808285330108,1.227226158637778
3FKY,17390,29.753888678020523,1.227310317044874
3FKY,17391,29.754351733179739,1.2273198672278649
3FKY,17392,29.754880387571152,1.2273307702574681
3FKY,17393,29.75743895212484,1.2273835370214643
3FKY,17394,29.75906842815138,1.2274171414703168
3FKY,17395,29.759693625058617,1.2274300345716624
3FKY,17396,29.762726421125393,1.2274925763805959
3FKY,17397,29.764649841843159,1.227532239186943
3FKY,17398,29.766241697641075,1.227565063832903
3FKY,17399,29.767995876074082,1.2276012346141767
3FKY,17400,29.768475007348986,1.2276111140125125
3FKY,17401,29.768703413257349,1.2276158235768033
3FKY,17402,29.769994353631379,1.227642441492061
3FKY,17403,29.772120163368118,1.2276862723312136
3FKY,17404,29.77416952970032,1.2277285255467019
3FKY,17405,29.775637603553697,1.2277587929556466
3FKY,17406,29.777564987078257,1.2277985288600231
3FKY,17407,29.779892300927248,1.2278465082144601
3FKY,17408,29.782029761852503,1.2278905719541064
3FKY,17409,29.783448448914235,1.2279198173033463
3FKY,17410,29.785715439444232,1.2279665484539326
3FKY,17411,29.787597400931027,1.2280053413654737
3FKY,17412,29.788164956849403,1.2280170401669925
3FKY,17413,29.790404924191339,1.2280632106236171
3FKY,17414,29.791096721416739,1.2280774696743371
3FKY,17415,29.792709344130799,1.2281107077729685
3FKY,17416,29.795010079079692,1.2281581271373037
3FKY,17417,29.796845015563385,1.2281959448365298
3FKY,17418,29.796977250184273,1.2281986701224599
3FKY,17419,29.800371862461279,1.2282686292245286
3FKY,17420,29.802559995015685,1.2283137220383353
3FKY,17421,29.804607171617477,1.2283559085473292
3FKY,17422,29.80635792212605,1.2283919854051601
3FKY,17423,29.807773180439735,1.2284211481653031
3FKY,17424,29.809741316447035,1.2284617023518198
3FKY,17425,29.81025544637102,1.228472295972739
3FKY,17426,29.81074130774714,1.228482307037712
3FKY,17427,29.812878624871789,1.2285263450102053
3FKY,17428,29.815067198559213,1.228571437453704
3FKY,17429,29.816465419043929,1.2286002449287965
3FKY,17430,29.816866197117584,1.2286085020172528
3FKY,17431,29.818429140198152,1.2286407022488437
3FKY,17432,29.820873553100064,1.2286910610994495
3FKY,17433,29.82202385899728,1.2287147585431444
3FKY,17434,29.823533867219915,1.2287458655181747
3FKY,17435,29.824056389062175,1.2287566295635082
3FKY,17436,29.825366006371507,1.2287836075048191
3FKY,17437,29.828204840404961,1.2288420850725699
3FKY,17438,29.830427963461208,1.2288878775747705
3FKY,17439,29.831088164744013,1.2289014762543684
3FKY,17440,29.833790615202911,1.2289571391609422
3FKY,17441,29.834293146251181,1.2289674896143372
3FKY,17442,29.835918536055136,1.229000966593514
3FKY,17443,29.837424177824158,1.2290319763953859
3FKY,17444,29.839655471792518,1.2290779301002424
3FKY,17445,29.840750340674155,1.229100478397364
3FKY,17446,29.842402825800747,1.2291345097491009
3FKY,17447,29.844561476062943,1.2291789636687112
3FKY,17448,29.845563729737858,1.2291996029197125
3FKY,17449,29.845816403708469,1.2292048061400269
3FKY,17450,29.848926469414636,1.2292688487528334
3FKY,17451,29.84982599925933,1.2292873712897663
3FKY,17452,29.852230294914008,1.229336877621436
3FKY,17453,29.853108317996732,1.229354956307813
3FKY,17454,29.854675591953924,1.2293872261588972
3FKY,17455,29.857626036889457,1.2294479729201757
3FKY,17456,29.858408215096745,1.2294640766973521
3FKY,17457,29.85926054151594,1.2294816244719742
3FKY,17458,29.862387922646619,1.2295460091366996
3FKY,17459,29.864781312398147,1.2295952805456583
3FKY,17460,29.865158835016054,1.229603052217539
3FKY,17461,29.867839337298289,1.2296582315630331
3FKY,17462,29.868234688987272,1.2296663698458947
3FKY,17463,29.870043758957667,1.229703608719285
3FKY,17464,29.871648861269996,1.2297366480681113
3FKY,17465,29.873452548783487,1.2297737740260053
3FKY,17466,29.874766915410504,1.2298008274076973
3FKY,17467,29.875994802270117,1.2298261002535784
3FKY,17468,29.878628965267648,1.2298803158708878
3FKY,17469,29.880837187356114,1.2299257630482838
3FKY,17470,29.881196040941301,1.2299331484160647
3FKY,17471,29.882450704325258,1.2299589696028344
3FKY,17472,29.883252086380729,1.2299754618987424
3FKY,17473,29.886834648959308,1.2300491876764788
3FKY,17474,29.887611761496768,1.2300651793404176
3FKY,17475,29.888889155738532,1.2300914655054165
3FKY,17476,29.88990538318458,1.230112376989891
3FKY,17477,29.89089040210726,1.2301326459397297
3FKY,17478,29.893776952577412,1.2301920411969147
3FKY,17479,29.894402769299276,1.2302049179692689
3FKY,17480,29.896715840345273,1.2302525104292532
3FKY,17481,29.898715561269693,1.2302936540880305
3FKY,17482,29.899308819040431,1.2303058599242394
3FKY,17483,29.901428764821436,1.2303494752382695
3FKY,17484,29.904568515368766,1.2304140689583096
3FKY,17485,29.905684323719154,1.2304370235360613
3FKY,17486,29.906637197767019,1.2304566258657619
3FKY,17487,29.907223817018878,1.2304686935215299
3FKY,17488,29.908440040575119,1.2304937127243338
3FKY,17489,29.910152228236683,1.2305289336519001
3FKY,17490,29.912128119971982,1.2305695779083692
3FKY,17491,29.915676398094607,1.2306425629131879
3FKY,17492,29.91677366080857,1.2306651317797355
3FKY,17493,29.917604157695603,1.2306822134423412
3FKY,17494,29.920847623446129,1.2307489227852122
3FKY,17495,29.921475738718375,1.2307618410044316
3FKY,17496,29.923098924553052,1.2307952238514326
3FKY,17497,29.927081980875748,1.2308771365501248
3FKY,17498,29.928420525682412,1.2309046628852587
3FKY,17499,29.929513503858171,1.2309271388399965
3FKY,17500,29.931416074956342,1.2309662622487527
3FKY,17501,29.932479183307361,1.2309881228732205
3FKY,17502,29.93490650103589,1.2310380341869791
3FKY,17503,29.936171404262506,1.2310640427454573
3FKY,17504,29.937466551155627,1.2310906725957491
3FKY,17505,29.940925677879608,1.2311617937714989
3FKY,17506,29.942278991820999,1.2311896173867525
3FKY,17507,29.943546402956542,1.2312156743031153
3FKY,17508,29.945944760640508,1.2312649810286274
3FKY,17509,29.946624257447482,1.2312789501300176
3FKY,17510,29.947673787366504,1.2313005260639782
3FKY,17511,29.950250498827355,1.2313534957530006
3FKY,17512,29.951725016427368,1.2313838065187619
3FKY,17513,29.952241616308036,1.231394425773316
3FKY,17514,29.955761307407613,1.231466774292961
3FKY,17515,29.95697559868044,1.2314917335017712
3FKY,17516,29.958799025396985,1.2315292122644605
3FKY,17517,29.960248508602564,1.231559004168296
3FKY,17518,29.961610183322087,1.2315869906468975
3FKY,17519,29.96365663500422,1.2316290501393221
3FKY,17520,29.96521398716262,1.231661056500573
3FKY,17521,29.967514807626785,1.2317083409379455
3FKY,17522,29.969126311779796,1.2317414580722095
3FKY,17523,29.972113362389049,1.2318028409493729
3FKY,17524,29.972868465931935,1.2318183575867849
3FKY,17525,29.974164756475417,1.2318449946306427
3FKY,17526,29.976084143352161,1.2318844344163145
3FKY,17527,29.978945672013548,1.2319432310969878
3FKY,17528,29.979476030062528,1.2319541282133502
3FKY,17529,29.98118290081382,1.2319891981481412
3FKY,17530,29.983789342889001,1.2320427490488128
3FKY,17531,29.986073830248667,1.2320896832845971
3FKY,17532,29.989012974643607,1.2321500646598744
3FKY,17533,29.990669145357121,1.2321840874981727
3FKY,17534,29.991128962504096,1.2321935333894469
3FKY,17535,29.992998209413106,1.232231932045075
3FKY,17536,29.996969998590252,1.2323135178105578
3FKY,17537,29.997740907352384,1.2323293526629617
3FKY,17538,30.000169704927757,1.2323792400523339
3FKY,17539,30.000440612765903,1.2323848043615573
3FKY,17540,30.00304044240816,1.2324382022628613
3FKY,17541,30.004417973839328,1.2324664944434052
3FKY,17542,30.006342727420186,1.2325060245595747
3FKY,17543,30.008540656853015,1.2325511635438036
3FKY,17544,30.010480315351952,1.2325909970321431
3FKY,17545,30.011922840139597,1.2326206203784145
3FKY,17546,30.012577513815845,1.2326340643666016
3FKY,17547,30.01558806830079,1.2326958854306798
3FKY,17548,30.015690228316085,1.2326979832093918
3FKY,17549,30.020276438078774,1.2327921538839133
3FKY,17550,30.022185163728185,1.2328313444724461
3FKY,17551,30.022465609930357,1.2328371025819771
3FKY,17552,30.02493633627083,1.2328878302683139
3FKY,17553,30.026007639723339,1.2329098250727804
3FKY,17554,30.028697008962148,1.2329650384656934
3FKY,17555,30.029232920259304,1.232976040557207
3FKY,17556,30.030192906661014,1.2329957485327003
3FKY,17557,30.032136865664391,1.2330356559419764
3FKY,17558,30.035461684202115,1.2331039079342552
3FKY,17559,30.035779232791867,1.2331104263852806
3FKY,17560,30.037774115447792,1.233151375377145
3FKY,17561,30.040230449958795,1.2332017947315694
3FKY,17562,30.043181702687548,1.2332623701786076
3FKY,17563,30.044103795348359,1.2332812958281298
3FKY,17564,30.046378580532583,1.2333279838061981
3FKY,17565,30.047589318014584,1.2333528324143455
3FKY,17566,30.049682659098625,1.2333957939837754
3FKY,17567,30.051041930169443,1.23342368945745
3FKY,17568,30.053675066925475,1.233477725888515
3FKY,17569,30.053969324993226,1.233483764415966
3FKY,17570,30.055086648192432,1.2335066929549843
3FKY,17571,30.057543698878892,1.2335571124823301
3FKY,17572,30.0592464047152,1.2335920513843737
3FKY,17573,30.060876857736755,1.2336255067575912
3FKY,17574,30.061581572623705,1.2336399665680724
3FKY,17575,30.063779690956821,1.2336850679386087
3FKY,17576,30.066134560706963,1.2337333837323969
3FKY,17577,30.068286319050976,1.2337775305548224
3FKY,17578,30.069703099241767,1.233806597242499
3FKY,17579,30.071437860499834,1.2338421867029041
3FKY,17580,30.072187255531684,1.233857560584402
3FKY,17581,30.074548396933661,1.2339059982813789
3FKY,17582,30.077496754795959,1.233966479776313
3FKY,17583,30.077937551830342,1.2339755218647617
3FKY,17584,30.078701703206761,1.2339911967776929
3FKY,17585,30.079521705515081,1.2340080171302377
3FKY,17586,30.081039938557787,1.2340391593825084
3FKY,17587,30.081677214828105,1.234052231066689
3FKY,17588,30.084183413457129,1.2341036363718678
3FKY,17589,30.086219473179316,1.2341453969568184
3FKY,17590,30.086371862492232,1.2341485224796362
3FKY,17591,30.089355050690944,1.2342097064280564
3FKY,17592,30.09049188040964,1.2342330215343202
3FKY,17593,30.093015323312727,1.2342847729526225
3FKY,17594,30.094608383622464,1.2343174427273105
3FKY,17595,30.096238908328761,1.2343508799098186
3FKY,17596,30.097721844678084,1.2343812897102855
3FKY,17597,30.100594678768669,1.2344401992857588
3FKY,17598,30.101124492792739,1.2344510632048693
3FKY,17599,30.10495940924401,1.2345296959137833
3FKY,17600,30.105713991639178,1.2345451675927994
3FKY,17601,30.109614201363083,1.2346251329630407
3FKY,17602,30.109896013338936,1.2346309107078453
3FKY,17603,30.111310887405711,1.2346599182264379
3FKY,17604,30.11267906656435,1.2346879677654676
3FKY,17605,30.11537970096381,1.2347433325842634
3FKY,17606,30.116158213848333,1.2347592921602462
3FKY,17607,30.117911701410506,1.2347952380390472
3FKY,17608,30.118290786947092,1.2348030090217617
3FKY,17609,30.121762027675143,1.2348741647030494
3FKY,17610,30.123012380123015,1.2348997942115496
3FKY,17611,30.125865559078605,1.2349582761892623
3FKY,17612,30.128522533179499,1.2350127340405086
3FKY,17613,30.12995071777171,1.2350420053938218
3FKY,17614,30.130485267419001,1.2350529610761991
3FKY,17615,30.132850060510965,1.2351014267311684
3FKY,17616,30.134496084484937,1.2351351603274234
3FKY,17617,30.135520910935114,1.2351561626434491
3FKY,17618,30.136167347652734,1.235169410232831
3FKY,17619,30.13946393330589,1.2352369657776645
3FKY,17620,30.141564259404539,1.2352800049512478
3FKY,17621,30.142727480994655,1.235303840650289
3FKY,17622,30.144582895984403,1.2353418592070822
3FKY,17623,30.145528450346848,1.2353612337283413
3FKY,17624,30.147934603103227,1.2354105347139066
3FKY,17625,30.150075660577905,1.2354544023624492
3FKY,17626,30.151032736867872,1.2354740111811078
3FKY,17627,30.152176740455907,1.2354974494047248
3FKY,17628,30.153728698394261,1.2355292450428721
3FKY,17629,30.155221161809337,1.2355598210190382
3FKY,17630,30.157639961859005,1.2356093731714375
3FKY,17631,30.158901948206417,1.2356352257555423
3FKY,17632,30.160374465708269,1.2356653905190034
3FKY,17633,30.163826900969529,1.2357361113367136
3FKY,17634,30.165372068156632,1.2357677617377909
3FKY,17635,30.167129614995815,1.2358037614278261
3FKY,17636,30.167570086839763,1.2358127834127073
3FKY,17637,30.170251016764684,1.2358676942633107
3FKY,17638,30.171878427348496,1.2359010257235479
3FKY,17639,30.172515181846066,1.2359140670293212
3FKY,17640,30.174692841138775,1.2359586664135054
3FKY,17641,30.175243316885918,1.2359699401350139
3FKY,17642,30.17732632799925,1.2360125991894104
3FKY,17643,30.178243031515674,1.2360313723649903
3FKY,17644,30.179897521705598,1.2360652539556098
3FKY,17645,30.182092264607608,1.2361101977153008
3FKY,17646,30.185502982316528,1.2361800388615625
3FKY,17647,30.187291863608877,1.2362166681432505
3FKY,17648,30.189824186770636,1.2362685183467479
3FKY,17649,30.19149604324026,1.2363027490016507
3FKY,17650,30.192452789085067,1.2363223375994754
3FKY,17651,30.192831830450384,1.2363300980792107
3FKY,17652,30.196602816671074,1.236407302467101
3FKY,17653,30.197245979847104,1.2364204696339185
3FKY,17654,30.199446882344567,1.2364655265791658
3FKY,17655,30.200024097246505,1.236477343069053
3FKY,17656,30.202211109867253,1.2365221136061537
3FKY,17657,30.204057723102668,1.2365599145338946
3FKY,17658,30.20584602148255,1.2365965206313474
3FKY,17659,30.208535449074073,1.2366515706169523
3FKY,17660,30.210697070486955,1.2366958151434824
3FKY,17661,30.213277581414225,1.2367486315169689
3FKY,17662,30.213925484756256,1.2367618920656416
3FKY,17663,30.216820515311717,1.2368211425212845
3FKY,17664,30.217961922713549,1.2368445020847905
3FKY,17665,30.220866009123274,1.2369039339058898
3FKY,17666,30.222438243023173,1.2369361083148347
3FKY,17667,30.223633572396309,1.2369605691381449
3FKY,17668,30.226767277597055,1.2370246939444463
3FKY,17669,30.228219709419943,1.2370544138352948
3FKY,17670,30.229360850165506,1.2370777635377772
3FKY,17671,30.231265227345457,1.2371167293890921
3FKY,17672,30.234839872232236,1.2371898676160249
3FKY,17673,30.235294511484753,1.237199169351449
3FKY,17674,30.235937664079316,1.237212327874248
3FKY,17675,30.237360572427015,1.237241439242607
3FKY,17676,30.238346831587172,1.2372616167767838
3FKY,17677,30.241177317348107,1.237319522876265
3FKY,17678,30.243947345756972,1.2373761895151154
3FKY,17679,30.244839398828031,1.2373944377463757
3FKY,17680,30.247567905088513,1.2374502516041224
3FKY,17681,30.249573676331924,1.2374912797124284
3FKY,17682,30.251109357442214,1.2375226911941906
3FKY,17683,30.251943911992285,1.237539761197437
3FKY,17684,30.253235620619421,1.2375661813793468
3FKY,17685,30.255960299276115,1.2376219092076761
3FKY,17686,30.256986467113521,1.2376428967588438
3FKY,17687,30.260469785396857,1.2377141361743091
3FKY,17688,30.263009167374154,1.2377660680024787
3FKY,17689,30.263544531299207,1.2377770162258719
3FKY,17690,30.264614898893889,1.2377989050150686
3FKY,17691,30.267184791965885,1.2378514572004482
3FKY,17692,30.268295026351382,1.23787415988421
3FKY,17693,30.269980905919969,1.2379086328813602
3FKY,17694,30.271305432034055,1.2379357162214539
3FKY,17695,30.274832275191141,1.2380078287036602
3FKY,17696,30.276217495612393,1.2380361508111859
3FKY,17697,30.278181284183315,1.2380763011671698
3FKY,17698,30.278747151407089,1.2380878702822284
3FKY,17699,30.279380615203923,1.2381008212761586
3FKY,17700,30.281092909824832,1.2381358279929882
3FKY,17701,30.282982939406878,1.2381744672328989
3FKY,17702,30.285114265323926,1.2382180380215853
3FKY,17703,30.286820271534872,1.2382529128762239
3FKY,17704,30.288557197001353,1.2382884187854595
3FKY,17705,30.290303670937746,1.2383241188562966
3FKY,17706,30.290902924947805,1.2383363681066153
3FKY,17707,30.293794058919364,1.2383954635869727
3FKY,17708,30.29444701729523,1.2384088098243531
3FKY,17709,30.295698913580551,1.2384343977377306
3FKY,17710,30.298371581381023,1.2384890234908883
3FKY,17711,30.299365296891796,1.2385093330916594
3FKY,17712,30.300868978782631,1.2385400647741964
3FKY,17713,30.303463841487542,1.2385930958047953
3FKY,17714,30.304638067997164,1.2386170926450015
3FKY,17715,30.307243226555968,1.2386703307758671
3FKY,17716,30.308825040538345,1.2387026550699138
3FKY,17717,30.310530882811925,1.2387375129309492
3FKY,17718,30.311901629333939,1.2387655226010412
3FKY,17719,30.315017249234661,1.2388291844489718
3FKY,17720,30.316640331333101,1.2388623477908021
3FKY,17721,30.317290505941738,1.2388756321210375
3FKY,17722,30.31997598961421,1.2389305002598894
3FKY,17723,30.32237257995914,1.2389794638574245
3FKY,17724,30.323673048570054,1.2390060323032568
3FKY,17725,30.325884050156816,1.2390512015405937
3FKY,17726,30.327483715893099,1.2390838805815723
3FKY,17727,30.327548493320489,1.2390852038800035
3FKY,17728,30.329720360115562,1.2391295707999428
3FKY,17729,30.331003132898953,1.239155774550968
3FKY,17730,30.332719921431174,1.23919084326122
3FKY,17731,30.335945104179267,1.239256721143394
3FKY,17732,30.338431210934942,1.2393075002006491
3FKY,17733,30.338705718711761,1.2393131069305217
3FKY,17734,30.34273429142225,1.2393953862683416
3FKY,17735,30.345284851805765,1.2394474759434815
3FKY,17736,30.346039136083331,1.2394628801477754
3FKY,17737,30.346834242640277,1.2394791178288016
3FKY,17738,30.349835559181056,1.2395404088546451
3FKY,17739,30.351641882022513,1.2395772949991419
3FKY,17740,30.353483611140934,1.2396149030299732
3FKY,17741,30.353697330963271,1.2396192671058384
3FKY,17742,30.354585470355939,1.2396374024031258
3FKY,17743,30.356537866704105,1.2396772682847319
3FKY,17744,30.358815877197841,1.2397237812444919
3FKY,17745,30.35914418285838,1.2397304845236345
3FKY,17746,30.362174055587854,1.2397923461467792
3FKY,17747,30.362865273062944,1.2398064584639055
3FKY,17748,30.365408746398586,1.2398583861822399
3FKY,17749,30.366718072052461,1.2398851166126867
3FKY,17750,30.366953136169901,1.2398899154838712
3FKY,17751,30.369357592832699,1.2399390017807956
3FKY,17752,30.370563762968747,1.2399636246681967
3FKY,17753,30.372724098612689,1.240007724771208
3FKY,17754,30.373674378557062,1.2400271228543558
3FKY,17755,30.375018253717734,1.2400545548863811
3FKY,17756,30.375709338293394,1.240068661506734
3FKY,17757,30.376639463526445,1.2400876472415272
3FKY,17758,30.380958510477537,1.2401758039056097
3FKY,17759,30.381899994144927,1.2401950198269573
3FKY,17760,30.383182214945144,1.2402211898010764
3FKY,17761,30.383985013829847,1.2402375745497862
3FKY,17762,30.387321679539912,1.2403056720126326
3FKY,17763,30.387477982139849,1.2403088618750693
3FKY,17764,30.389667972725189,1.2403535548863529
3FKY,17765,30.390963448986554,1.240379992020568
3FKY,17766,30.39285454032121,1.240418583020974
3FKY,17767,30.396264624065491,1.2404881686631741
3FKY,17768,30.398084598099931,1.2405253051747107
3FKY,17769,30.399157293323249,1.240547192965463
3FKY,17770,30.401312063077132,1.2405911587599194
3FKY,17771,30.403238407791772,1.2406304624643305
3FKY,17772,30.403521412240252,1.2406362365716483
3FKY,17773,30.405627687860243,1.2406792098273933
3FKY,17774,30.406763742760912,1.2407023875520153
3FKY,17775,30.40800116433585,1.2407276328608556
3FKY,17776,30.409748688392881,1.2407632841722427
3FKY,17777,30.411330260182552,1.2407955490014226
3FKY,17778,30.413492925696261,1.2408396670655613
3FKY,17779,30.415140229692259,1.2408732707767425
3FKY,17780,30.416541951847563,1.2409018640941285
3FKY,17781,30.420285213227622,1.2409782185516589
3FKY,17782,30.421876622294697,1.2410106784406285
3FKY,17783,30.424133777695261,1.2410567160673289
3FKY,17784,30.425623899774799,1.2410871081137291
3FKY,17785,30.426044881717296,1.241095694189992
3FKY,17786,30.427251033113343,1.2411202937472914
3FKY,17787,30.430566184791985,1.241187904027869
3FKY,17788,30.432610717012651,1.2412295990463511
3FKY,17789,30.434252432059168,1.2412630782283809
3FKY,17790,30.4364662118622,1.241308221988207
3FKY,17791,30.438994099460675,1.2413597690779241
3FKY,17792,30.439518146577466,1.2413704548483842
3FKY,17793,30.442812097193769,1.2414376192223413
3FKY,17794,30.443839336702982,1.2414585641174611
3FKY,17795,30.446374488041805,1.2415102530616153
3FKY,17796,30.447862950241202,1.2415406001641514
3FKY,17797,30.448274130837699,1.2415489832759956
3FKY,17798,30.452238936566204,1.2416298144630968
3FKY,17799,30.452400421233421,1.2416331065676938
3FKY,17800,30.454668693612735,1.2416793477440724
3FKY,17801,30.456229503667011,1.2417111655385653
3FKY,17802,30.459186977494923,1.2417714526979917
3FKY,17803,30.462237120236882,1.2418336258178839
3FKY,17804,30.463644128975577,1.2418623047783472
3FKY,17805,30.463736801283353,1.2418641936882511
3FKY,17806,30.466175751016316,1.2419139049850441
3FKY,17807,30.467738139910853,1.241945748949199
3FKY,17808,30.469970094916757,1.2419912383165836
3FKY,17809,30.47232044417763,1.2420391388706287
3FKY,17810,30.472996397629881,1.24205291458537
3FKY,17811,30.475657343972255,1.2421071423345875
3FKY,17812,30.476639034513724,1.2421271477277427
3FKY,17813,30.480201170218486,1.2421997360498476
3FKY,17814,30.482000407520481,1.2422363988511707
3FKY,17815,30.482278201460016,1.2422420593221408
3FKY,17816,30.483658396410451,1.2422701824958526
3FKY,17817,30.485275556770308,1.2423031333219348
3FKY,17818,30.487835604916182,1.2423552943900071
3FKY,17819,30.489407036111224,1.2423873112693686
3FKY,17820,30.490563116250105,1.2424108651167542
3FKY,17821,30.492465996893262,1.2424496332216937
3FKY,17822,30.494592316490191,1.2424929521016672
3FKY,17823,30.495659895669498,1.2425147010069009
3FKY,17824,30.49857317618542,1.2425740489179657
3FKY,17825,30.501733712785473,1.2426384306023071
3FKY,17826,30.502861789918121,1.2426614092803416
3FKY,17827,30.505153970175073,1.2427080991689532
3FKY,17828,30.508319163525627,1.2427725687564417
3FKY,17829,30.508621432738792,1.2427787252895832
3FKY,17830,30.509948361608991,1.2428057514376314
3FKY,17831,30.511444276459617,1.2428362186932629
3FKY,17832,30.513459474430956,1.2428772609928411
3FKY,17833,30.513974592564864,1.2428877518700538
3FKY,17834,30.516368759234918,1.2429365102193546
3FKY,17835,30.519769418443634,1.243005762982903
3FKY,17836,30.522486398595223,1.2430610901837784
3FKY,17837,30.524012500891956,1.2430921658741378
3FKY,17838,30.524664914863976,1.2431054506014318
3FKY,17839,30.528296305309851,1.2431793919046081
3FKY,17840,30.528988081850343,1.2431934771561801
3FKY,17841,30.531635553893889,1.2432473808200355
3FKY,17842,30.532520422995528,1.2432653966125451
3FKY,17843,30.535087962964752,1.2433176698354651
3FKY,17844,30.537593125987335,1.243368670991476
3FKY,17845,30.538796090527864,1.2433931607029907
3FKY,17846,30.542433590344835,1.2434672092625552
3FKY,17847,30.543555770858809,1.2434900525937982
3FKY,17848,30.544894378902494,1.2435173010183407
3FKY,17849,30.54664912936456,1.2435530194463287
3FKY,17850,30.549332618105819,1.243607640613231
3FKY,17851,30.549839047468744,1.2436179484785934
3FKY,17852,30.552254717639791,1.2436671158636117
3FKY,17853,30.552403213744526,1.2436701382182562
3FKY,17854,30.55504053102095,1.2437238145516616
3FKY,17855,30.556919889396699,1.2437620630171624
3FKY,17856,30.557940022183118,1.243782824138933
3FKY,17857,30.558687222208601,1.2437980304793501
3FKY,17858,30.561312109409759,1.2438514483405441
3FKY,17859,30.561819139150845,1.2438617664031286
3FKY,17860,30.565713886088627,1.2439410217061084
3FKY,17861,30.56640582805468,1.243955101699924
3FKY,17862,30.569827252292068,1.2440247202717822
3FKY,17863,30.570755551057289,1.2440436084688815
3FKY,17864,30.572256919811803,1.244074156377132
3FKY,17865,30.573171865474613,1.2440927721394623
3FKY,17866,30.57652521797073,1.2441609980865693
3FKY,17867,30.577073834892371,1.2441721596673936
3FKY,17868,30.577674092438642,1.2441843717591481
3FKY,17869,30.579361169900096,1.2442186942922022
3FKY,17870,30.581271351188185,1.2442575545898453
3FKY,17871,30.582123531950437,1.244274890771726
3FKY,17872,30.583689664123867,1.2443067504623893
3FKY,17873,30.586964570831945,1.2443733689686418
3FKY,17874,30.588290841717242,1.2444003470997329
3FKY,17875,30.591164721895932,1.2444588036757109
3FKY,17876,30.591962943542448,1.244475039531463
3FKY,17877,30.593903928935024,1.2445145183573936
3FKY,17878,30.594344671311447,1.2445234826973504
3FKY,17879,30.597803992065156,1.2445938402138663
3FKY,17880,30.598684317545956,1.24461174410969
3FKY,17881,30.600552319752058,1.2446497343379173
3FKY,17882,30.60235791922404,1.2446864543573684
3FKY,17883,30.603668955357811,1.2447131158885525
3FKY,17884,30.606309924361099,1.2447668215054499
3FKY,17885,30.607197610216673,1.244784872585307
3FKY,17886,30.609965074170525,1.2448411472472634
3FKY,17887,30.61255955451669,1.2448939020845944
3FKY,17888,30.614093749425795,1.2449250965679344
3FKY,17889,30.614529926137585,1.244933965120526
3FKY,17890,30.616220532308297,1.2449683387332016
3FKY,17891,30.618933198168868,1.2450234910062135
3FKY,17892,30.620919448811762,1.2450638726973391
3FKY,17893,30.623251058855256,1.2451112740853918
3FKY,17894,30.624286841394813,1.245132330857091
3FKY,17895,30.626485026205565,1.245177017315874
3FKY,17896,30.629962279912174,1.2452477024353645
3FKY,17897,30.632042550744419,1.245289987967235
3FKY,17898,30.633073425421806,1.2453109419586654
3FKY,17899,30.634505098868011,1.2453400421692837
3FKY,17900,30.636966502070038,1.2453900710890928
3FKY,17901,30.637769787939714,1.2454063977330645
3FKY,17902,30.640130602098409,1.2454543796266615
3FKY,17903,30.641932026156088,1.2454909910650305
3FKY,17904,30.644915016322436,1.2455516138247036
3FKY,17905,30.646049434037305,1.2455746676125599
3FKY,17906,30.647626935997415,1.2456067251082379
3FKY,17907,30.649835202208212,1.2456515994096387
3FKY,17908,30.653446522587743,1.2457249817700553
3FKY,17909,30.655307862837653,1.2457628026860315
3FKY,17910,30.656976615671123,1.2457967094066154
3FKY,17911,30.657369899398759,1.2458047002468171
3FKY,17912,30.659980471531046,1.2458577412254015
3FKY,17913,30.660304029010714,1.2458643150314033
3FKY,17914,30.666254397309981,1.2459852041111155
3FKY,17915,30.667369501442241,1.2460078575235845
3FKY,17916,30.668505077052274,1.2460309263921869
3FKY,17917,30.670143759729601,1.246064214973013
3FKY,17918,30.672229553672548,1.2461065849896922
3FKY,17919,30.674737467459259,1.2461575278792505
3FKY,17920,30.67633472059816,1.2461899715654439
3FKY,17921,30.677115282986964,1.246205826178491
3FKY,17922,30.680363237440851,1.2462717957554215
3FKY,17923,30.681610551406159,1.2462971291650065
3FKY,17924,30.683763780128785,1.2463408608278155
3FKY,17925,30.685908845897313,1.2463844251769001
3FKY,17926,30.686926951655238,1.2464051014527928
3FKY,17927,30.688782701229105,1.2464427881975664
3FKY,17928,30.690306444178017,1.2464737316672629
3FKY,17929,30.693810208699261,1.246544881588866
3FKY,17930,30.697025094930328,1.2466101617710517
3FKY,17931,30.698187640993126,1.2466337671205916
3FKY,17932,30.699662901225725,1.2466637214479903
3FKY,17933,30.701067698950059,1.246692244404908
3FKY,17934,30.702147527612919,1.246714168759385
3FKY,17935,30.70381245671328,1.2467479719739309
3FKY,17936,30.706006763397124,1.2467925217922105
3FKY,17937,30.708647877083649,1.2468461407797515
3FKY,17938,30.710835019299246,1.2468905416483134
3FKY,17939,30.712630313825795,1.2469269864901598
3FKY,17940,30.714852272394495,1.2469720912233648
3FKY,17941,30.715769624680632,1.2469907125754616
3FKY,17942,30.717093906775858,1.2470175937133074
3FKY,17943,30.722357901195021,1.247124439960984
3FKY,17944,30.723298081441563,1.2471435223633964
3FKY,17945,30.72497439352777,1.2471775449679743
3FKY,17946,30.727993904922691,1.2472388269440264
3FKY,17947,30.728978468981424,1.2472588083441964
3FKY,17948,30.731115486317091,1.2473021772989905
3FKY,17949,30.73449994882974,1.2473708590108661
3FKY,17950,30.736811860755569,1.2474177730218337
3FKY,17951,30.737140846520649,1.2474244487563597
3FKY,17952,30.738643923788715,1.2474549485419519
3FKY,17953,30.741641173910146,1.2475157652026692
3FKY,17954,30.742422623373763,1.2475316209652951
3FKY,17955,30.744663285369775,1.2475770833186401
3FKY,17956,30.746065719239532,1.247605537434209
3FKY,17957,30.747557893774363,1.2476358115942037
3FKY,17958,30.748595072562704,1.2476568540862856
3FKY,17959,30.750278592123021,1.2476910089145581
3FKY,17960,30.750382603273199,1.2476931190363703
3FKY,17961,30.752409658264188,1.2477342421163349
3FKY,17962,30.756282119312573,1.2478127993774544
3FKY,17963,30.759373045240149,1.2478754987639122
3FKY,17964,30.761255410027118,1.2479136809621982
3FKY,17965,30.763088878643007,1.2479508702193778
3FKY,17966,30.764383756325252,1.2479771342712838
3FKY,17967,30.766943772970272,1.2480290575570026
3FKY,17968,30.767443631913306,1.2480391956447567
3FKY,17969,30.771994935311831,1.2481315009245466
3FKY,17970,30.774471265580722,1.248181720672124
3FKY,17971,30.775505052604512,1.2482026851790151
3FKY,17972,30.776542152737594,1.2482237165197354
3FKY,17973,30.778339075765462,1.2482601554606421
3FKY,17974,30.780117703142174,1.2482962223453105
3FKY,17975,30.782440272027451,1.2483433176700189
3FKY,17976,30.784195345083948,1.2483789045577769
3FKY,17977,30.78542525117939,1.2484038422485557
3FKY,17978,30.788129169248759,1.2484586653923384
3FKY,17979,30.789220315533818,1.2484807881877478
3FKY,17980,30.791152143825528,1.2485199546988295
3FKY,17981,30.791598290559033,1.2485289998472406
3FKY,17982,30.795397701323974,1.2486060261866134
3FKY,17983,30.796818367665722,1.2486348264657194
3FKY,17984,30.798807068753927,1.2486751410417634
3FKY,17985,30.801926918971105,1.2487383834386259
3FKY,17986,30.804048489899561,1.2487813879142999
3FKY,17987,30.805092555287633,1.2488025506906353
3FKY,17988,30.807614186911891,1.2488536616483192
3FKY,17989,30.808971626872413,1.2488811747361779
3FKY,17990,30.812875782435455,1.2489603022057165
3FKY,17991,30.814632399283472,1.2489959028010162
3FKY,17992,30.816226971150172,1.2490282184220169
3FKY,17993,30.818002987748915,1.2490642102209113
3FKY,17994,30.819686379399862,1.2490983239749855
3FKY,17995,30.820989924130135,1.2491247395312801
3FKY,17996,30.824520296714521,1.2491962776206038
3FKY,17997,30.826416656723175,1.2492347030268616
3FKY,17998,30.82715003893799,1.2492495630262337
3FKY,17999,30.828246969258863,1.2492717890109941
3FKY,18000,30.830599978773638,1.2493194643186407
3FKY,18001,30.832710311753406,1.2493622211082405
3FKY,18002,30.833933956680603,1.2493870123212245
3FKY,18003,30.836040870741179,1.2494296975345482
3FKY,18004,30.837560069576522,1.2494604749740232
3FKY,18005,30.838984783614638,1.2494893375577445
3FKY,18006,30.840728851666775,1.2495246688703792
3FKY,18007,30.84227835842567,1.2495560579242933
3FKY,18008,30.845378183190167,1.2496188500995022
3FKY,18009,30.84680784586136,1.2496478092633665
3FKY,18010,30.847991904270678,1.2496717929735404
3FKY,18011,30.850917783736598,1.2497310561883566
3FKY,18012,30.851540433545868,1.249743667496763
3FKY,18013,30.856768111328169,1.2498495451997367
3FKY,18014,30.858007087776286,1.2498746372411411
3FKY,18015,30.859973822301274,1.2499144669752416
3FKY,18016,30.861155720996397,1.2499384018324433
3FKY,18017,30.862322957344919,1.2499620393098292
3FKY,18018,30.864642114542409,1.2500090027870638
3FKY,18019,30.866370255347597,1.250043996896498
3FKY,18020,30.867874220484044,1.2500744507476365
3FKY,18021,30.870112940143311,1.2501197812988785
3FKY,18022,30.873975475291143,1.2501979876949947
3FKY,18023,30.875019524643921,1.2502191261675284
3FKY,18024,30.876605277741561,1.2502512316273344
3FKY,18025,30.878561741343983,1.2502908414267215
3FKY,18026,30.880573493139501,1.250331569260805
3FKY,18027,30.881527805830604,1.2503508888188846
3FKY,18028,30.883809590756993,1.2503970811434553
3FKY,18029,30.886111138313119,1.2504436718129694
3FKY,18030,30.888041186029149,1.2504827408016177
3FKY,18031,30.888451248713871,1.2504910413378179
3FKY,18032,30.891256013268592,1.2505478142285174
3FKY,18033,30.892568305173349,1.2505743762165451
3FKY,18034,30.895437697705241,1.2506324533796203
3FKY,18035,30.898004041192742,1.2506843944758337
3FKY,18036,30.901573024852063,1.2507566247608428
3FKY,18037,30.904214382938314,1.2508100787634597
3FKY,18038,30.905281046317917,1.2508316645215871
3FKY,18039,30.909259826842465,1.2509121786655928
3FKY,18040,30.909921587093102,1.2509255694671
3FKY,18041,30.912987103198347,1.2509875986992902
3FKY,18042,30.914225920498406,1.2510126646941797
3FKY,18043,30.91617722494674,1.2510521460006889
3FKY,18044,30.917138874821323,1.251071602882037
3FKY,18045,30.919552976614167,1.2511204456170846
3FKY,18046,30.921226289615891,1.2511542994018783
3FKY,18047,30.924337628726313,1.2512172443082255
3FKY,18048,30.927414574257583,1.2512794902905546
3FKY,18049,30.93030029389622,1.2513378649982969
3FKY,18050,30.931155543138974,1.2513551651595203
3FKY,18051,30.931779603896707,1.2513677886406023
3FKY,18052,30.933523305828558,1.25140305951263
3FKY,18053,30.936134940824576,1.2514558847115804
3FKY,18054,30.937703095508596,1.2514876024995705
3FKY,18055,30.941271015352832,1.2515597649142598
3FKY,18056,30.942373685128839,1.2515820659507899
3FKY,18057,30.943425598371775,1.2516033400872542
3FKY,18058,30.945431252942313,1.2516439019066903
3FKY,18059,30.946805126520466,1.2516716859984087
3FKY,18060,30.949670724634156,1.2517296355182315
3FKY,18061,30.95255149217768,1.2517878890976277
3FKY,18062,30.956148008219202,1.2518606124150153
3FKY,18063,30.956804801926793,1.2518738926495527
3FKY,18064,30.95806395104713,1.2518993519935064
3FKY,18065,30.960750919745159,1.2519536793795922
3FKY,18066,30.9616396588433,1.2519716481330327
3FKY,18067,30.963633679540216,1.2520119628129451
3FKY,18068,30.966543960428652,1.2520707999137672
3FKY,18069,30.967357126918358,1.252087239193117
3FKY,18070,30.969395425765306,1.2521284452600574
3FKY,18071,30.973117108271417,1.2522036789621089
3FKY,18072,30.975797095801603,1.2522578520316638
3FKY,18073,30.97764184675642,1.2522951403291653
3FKY,18074,30.978511504928282,1.2523127185080387
3FKY,18075,30.981528010485874,1.252373688453589
3FKY,18076,30.9844402662088,1.252432548473897
3FKY,18077,30.98518011725108,1.252447501269349
3FKY,18078,30.987383111549004,1.2524920239355493
3FKY,18079,30.988788958496322,1.2525204353717654
3FKY,18080,30.990502240010631,1.2525550590295575
3FKY,18081,30.993918931440668,1.2526241039929673
3FKY,18082,30.995600173181455,1.2526580773568305
3FKY,18083,30.996523063303762,1.2526767260868836
3FKY,18084,30.998852525059629,1.2527237960065833
3FKY,18085,30.999931742585279,1.2527456024542174
3FKY,18086,31.003510215991646,1.2528179056369593
3FKY,18087,31.003776281882956,1.2528232813411175
3FKY,18088,31.004596789865442,1.252839859074949
3FKY,18089,31.008252471659414,1.2529137166532092
3FKY,18090,31.011336166592248,1.252976014708076
3FKY,18091,31.01269373483867,1.2530034398700618
3FKY,18092,31.016903107539086,1.2530884724628051
3FKY,18093,31.018531524651578,1.2531213662034042
3FKY,18094,31.021266746121658,1.2531766152551718
3FKY,18095,31.022159691516354,1.2531946514340919
3FKY,18096,31.022917674599721,1.253209961369846
3FKY,18097,31.027071960733281,1.2532938673799223
3FKY,18098,31.029417537142393,1.2533412395743762
3FKY,18099,31.030912648544618,1.2533714345047804
3FKY,18100,31.032351280145122,1.2534004880952245
3FKY,18101,31.033351778040657,1.2534206930489493
3FKY,18102,31.036850128135573,1.2534913393146612
3FKY,18103,31.039131712948159,1.2535374118740934
3FKY,18104,31.040955094756175,1.2535742306190054
3FKY,18105,31.044496353499703,1.2536457346060419
3FKY,18106,31.047039715069758,1.2536970868496928
3FKY,18107,31.047685661628069,1.2537101286261991
3FKY,18108,31.050983461409785,1.2537767096791479
3FKY,18109,31.051499720807612,1.2537871323976353
3FKY,18110,31.053768092625319,1.2538329273428563
3FKY,18111,31.056940331639414,1.2538969671744347
3FKY,18112,31.05887625024948,1.2539360470809027
3FKY,18113,31.059601620635835,1.253950689638428
3FKY,18114,31.060117817901467,1.2539611096566199
3FKY,18115,31.064363521949453,1.2540468106489051
3FKY,18116,31.064546339700378,1.2540505007563818
3FKY,18117,31.067544710027573,1.2541110201832795
3FKY,18118,31.068491430570109,1.254130128285184
3FKY,18119,31.069327268145681,1.2541469981425124
3FKY,18120,31.074470594936361,1.2542508018210128
3FKY,18121,31.075857770313448,1.2542787966086801
3FKY,18122,31.076723237569301,1.2542962624124916
3FKY,18123,31.079984285390015,1.2543620707147796
3FKY,18124,31.08199249153164,1.2544025948170665
3FKY,18125,31.083319518625995,1.2544293725158229
3FKY,18126,31.085197254780656,1.2544672618379769
3FKY,18127,31.085374098244355,1.2544708301605185
3FKY,18128,31.08757491212657,1.2545152370244086
3FKY,18129,31.09139220631014,1.2545922566493271
3FKY,18130,31.092526343012963,1.2546151386441307
3FKY,18131,31.094243456071229,1.254649781797138
3FKY,18132,31.097739982015742,1.2547203220596801
3FKY,18133,31.098998197458108,1.2547457048128583
3FKY,18134,31.102603989543528,1.2548184438278873
3FKY,18135,31.104064246979821,1.2548479001470072
3FKY,18136,31.104360813845794,1.254853882410595
3FKY,18137,31.106602719516395,1.2548991045799329
3FKY,18138,31.109564267367688,1.2549588403750496
3FKY,18139,31.110718883457405,1.2549821287472707
3FKY,18140,31.113919818346702,1.255046688694808
3FKY,18141,31.117843116764071,1.25512581352874
3FKY,18142,31.119453469114994,1.2551582895690674
3FKY,18143,31.12247078967328,1.2552191377314201
3FKY,18144,31.123473128589062,1.2552393505363115
3FKY,18145,31.123697405720325,1.255243873183451
3FKY,18146,31.126304536653503,1.2552964459314317
3FKY,18147,31.128679225719797,1.2553443295773732
3FKY,18148,31.131427994042927,1.2553997539423143
3FKY,18149,31.134840408284518,1.2554685562248875
3FKY,18150,31.135929892257064,1.2554905219855361
3FKY,18151,31.141458441584156,1.2556019805675676
3FKY,18152,31.142124476974271,1.2556154075380019
3FKY,18153,31.145029788257748,1.2556739756125188
3FKY,18154,31.146135944321646,1.2556962738581665
3FKY,18155,31.146903388998417,1.2557117440193213
3FKY,18156,31.149452031777546,1.2557631182307984
3FKY,18157,31.152091771606187,1.2558163265133813
3FKY,18158,31.154419785826661,1.2558632495847128
3FKY,18159,31.157076983384396,1.2559168054787049
3FKY,18160,31.158428864523113,1.2559440518058447
3FKY,18161,31.161461439505334,1.2560051693265271
3FKY,18162,31.16480110393082,1.2560724723862464
3FKY,18163,31.165521344482553,1.2560869866631168
3FKY,18164,31.167879393736904,1.2561345048632055
3FKY,18165,31.17098591438425,1.2561971031313925
3FKY,18166,31.173681407994319,1.2562514164289378
3FKY,18167,31.175005738293549,1.2562781003826784
3FKY,18168,31.17789049903687,1.2563362235141284
3FKY,18169,31.178308326757257,1.25634464182488
3FKY,18170,31.181166002671532,1.2564022162051636
3FKY,18171,31.185381763072417,1.2564871474693011
3FKY,18172,31.187680060723984,1.2565334468585194
3FKY,18173,31.19105513947131,1.2566014349966879
3FKY,18174,31.191622600674908,1.2566128656667364
3FKY,18175,31.192454978624067,1.25662963250627
3FKY,18176,31.194839521164969,1.2566776638259218
3FKY,18177,31.195178956337568,1.2566845008452159
3FKY,18178,31.199674722706305,1.2567750525997112
3FKY,18179,31.201084422503907,1.2568034448111847
3FKY,18180,31.202026648071339,1.2568224214496699
3FKY,18181,31.205866014913905,1.2568997442139196
3FKY,18182,31.207582437125676,1.2569343104870228
3FKY,18183,31.209750931366575,1.2569779794811176
3FKY,18184,31.210228681009852,1.2569876001680063
3FKY,18185,31.211641292375756,1.2570160462088471
3FKY,18186,31.214073064981534,1.2570650137978903
3FKY,18187,31.214453970708213,1.2570726837645878
3FKY,18188,31.220333279400165,1.2571910643452862
3FKY,18189,31.222477166785843,1.2572342289997251
3FKY,18190,31.224645044850313,1.2572778751714146
3FKY,18191,31.225499059306443,1.2572950687397884
3FKY,18192,31.229720158326661,1.2573800471676364
3FKY,18193,31.231297514466455,1.257411800751792
3FKY,18194,31.233408209976542,1.2574542896781824
3FKY,18195,31.237044277415031,1.2575274814270008
3FKY,18196,31.238512887234716,1.2575570424105054
3FKY,18197,31.239131983598682,1.257569503713287
3FKY,18198,31.24326826990071,1.2576527565921061
3FKY,18199,31.243739445915157,1.2576622398122062
3FKY,18200,31.244970894968038,1.2576870244849301
3FKY,18201,31.2483581066395,1.2577551944431096
3FKY,18202,31.249559597738337,1.2577793743878547
3FKY,18203,31.251413289540181,1.2578166789254195
3FKY,18204,31.252851756763306,1.257845626532184
3FKY,18205,31.259166756854302,1.2579727012402728
3FKY,18206,31.262847577728522,1.2580467632892294
3FKY,18207,31.262937864999767,1.258048579910813
3FKY,18208,31.264633784836231,1.258082702113551
3FKY,18209,31.267597974502046,1.2581423399040215
3FKY,18210,31.2692837054928,1.2581762545806421
3FKY,18211,31.272788729814987,1.258246768105082
3FKY,18212,31.276320668309161,1.2583178190875115
3FKY,18213,31.277806176283431,1.2583477014221263
3FKY,18214,31.279599872045772,1.2583837822867543
3FKY,18215,31.281797629590525,1.2584279895957575
3FKY,18216,31.284063112167278,1.2584735575503636
3FKY,18217,31.285734562989461,1.2585071760825768
3FKY,18218,31.287886051336585,1.2585504484719374
3FKY,18219,31.289403673987628,1.2585809711717493
3FKY,18220,31.295367750397048,1.2587009145797308
3FKY,18221,31.296468929335706,1.2587230591149192
3FKY,18222,31.299004466436841,1.2587740468858442
3FKY,18223,31.299927481232615,1.258792607516187
3FKY,18224,31.303481568231632,1.2588640730403446
3FKY,18225,31.305671190026501,1.2589080999005016
3FKY,18226,31.308238405096045,1.2589597170910543
3FKY,18227,31.311890814184327,1.2590331498686131
3FKY,18228,31.312885775299886,1.2590531531172768
3FKY,18229,31.314831551931817,1.2590922711686179
3FKY,18230,31.316289137770855,1.2591215737964501
3FKY,18231,31.320271693168991,1.2592016337611225
3FKY,18232,31.32208070312824,1.2592379979955606
3FKY,18233,31.32347286618749,1.2592659821700665
3FKY,18234,31.324950163782923,1.2592956769724539
3FKY,18235,31.327536101033722,1.2593476545874185
3FKY,18236,31.329770139979857,1.2593925572816764
3FKY,18237,31.334215865588476,1.2594819086415718
3FKY,18238,31.335568380563387,1.259509090584908
3FKY,18239,31.335712275858487,1.2595119824619916
3FKY,18240,31.338397667000777,1.2595659497985465
3FKY,18241,31.341649676070301,1.2596313011556433
3FKY,18242,31.343188502335295,1.2596622237452086
3FKY,18243,31.343442440439844,1.2596673265379503
3FKY,18244,31.347331159748499,1.2597454663392396
3FKY,18245,31.347547628946856,1.2597498159219689
3FKY,18246,31.349089859306968,1.2597808040002099
3FKY,18247,31.353712767371803,1.259873687656107
3FKY,18248,31.358653183988306,1.259972943137831
3FKY,18249,31.360373833018109,1.2600075100159291
3FKY,18250,31.36154814318046,1.2600311007068481
3FKY,18251,31.365547989089457,1.2601114502089303
3FKY,18252,31.365825645715532,1.260117027626541
3FKY,18253,31.370249415088409,1.2602058866069665
3FKY,18254,31.372318076144349,1.2602474370554411
3FKY,18255,31.374597974847532,1.2602932287672803
3FKY,18256,31.3770821046732,1.2603431205624447
3FKY,18257,31.378037526373653,1.2603623089305178
3FKY,18258,31.379907231670895,1.260399858617629
3FKY,18259,31.383269044535076,1.2604673718028516
3FKY,18260,31.387340856134738,1.2605491386065919
3FKY,18261,31.388077055755417,1.2605639218015157
3FKY,18262,31.391896356561279,1.2606406121694298
3FKY,18263,31.39295191701089,1.2606618066708757
3FKY,18264,31.39501680362342,1.2607032663094975
3FKY,18265,31.398853969984749,1.2607803068855725
3FKY,18266,31.400842744554172,1.2608202345866182
3FKY,18267,31.403050180033315,1.2608645507603846
3FKY,18268,31.406654171046576,1.2609369006454021
3FKY,18269,31.409252186577426,1.2609890530633017
3FKY,18270,31.41067218867466,1.2610175571940521
3FKY,18271,31.412210047763988,1.2610484263770572
3FKY,18272,31.414365516268873,1.2610916914566963
3FKY,18273,31.416305250039741,1.261130624988253
3FKY,18274,31.419242380110791,1.2611895755567872
3FKY,18275,31.421132213239385,1.2612275045745094
3FKY,18276,31.42349488825004,1.2612749219411516
3FKY,18277,31.426981327845549,1.2613448892837285
3FKY,18278,31.429107900513241,1.2613875643367833
3FKY,18279,31.431859051191413,1.2614427709835137
3FKY,18280,31.434469548844099,1.2614951529475777
3FKY,18281,31.440392695989665,1.261613998112924
3FKY,18282,31.443057192925448,1.2616674563417456
3FKY,18283,31.445214038269622,1.2617107278165625
3FKY,18284,31.446586107021471,1.2617382540241704
3FKY,18285,31.452492538269517,1.2618567409773165
3FKY,18286,31.453664595183433,1.2618802518983969
3FKY,18287,31.45539913489803,1.2619150451612078
3FKY,18288,31.456962089115603,1.2619463957559678
3FKY,18289,31.459555820723654,1.2619984205315533
3FKY,18290,31.463993176761686,1.2620874195449223
3FKY,18291,31.466736953441803,1.2621424476928074
3FKY,18292,31.470509701333754,1.2622181085810888
3FKY,18293,31.471962656413613,1.2622472457806906
3FKY,18294,31.473159389397768,1.2622712442610196
3FKY,18295,31.475262849131994,1.2623134245255048
3FKY,18296,31.478168573173001,1.2623716901201814
3FKY,18297,31.480186152390988,1.2624121450480401
3FKY,18298,31.483773132575731,1.2624840651812783
3FKY,18299,31.48516955024132,1.262512062707112
3FKY,18300,31.486928699023174,1.2625473319396974
3FKY,18301,31.489155619334852,1.2625919781262778
3FKY,18302,31.492572284226942,1.262660473717693
3FKY,18303,31.49543089280106,1.2627177788199759
3FKY,18304,31.497558112257995,1.262760420441289
3FKY,18305,31.501296557193466,1.2628353567302111
3FKY,18306,31.50256030377712,1.2628606872409629
3FKY,18307,31.503542752479103,1.2628803790716896
3FKY,18308,31.50688170839965,1.2629473015481416
3FKY,18309,31.510475838440669,1.2630193345000933
3FKY,18310,31.511907609109841,1.2630480286636712
3FKY,18311,31.51543883387799,1.2631187952702918
3FKY,18312,31.516831259145974,1.2631466987227831
3FKY,18313,31.519166189772772,1.2631934880916886
3FKY,18314,31.520663115179349,1.2632234838720957
3FKY,18315,31.523570405024255,1.2632817388668107
3FKY,18316,31.527442908233198,1.2633593302102557
3FKY,18317,31.52885338662065,1.263387590052107
3FKY,18318,31.530421118701483,1.2634189998311181
3FKY,18319,31.53249829971508,1.2634606153034911
3FKY,18320,31.536381382876002,1.2635384076109828
3FKY,18321,31.537618956728643,1.263563199719107
3FKY,18322,31.540195270326564,1.2636148090143144
3FKY,18323,31.542856300786784,1.2636681131639473
3FKY,18324,31.543152515161339,1.2636740466117213
3FKY,18325,31.546781680176746,1.2637467398806406
3FKY,18326,31.547162521830838,1.2637543680113181
3FKY,18327,31.551867371931937,1.2638486007841503
3FKY,18328,31.555103653988876,1.2639134157382723
3FKY,18329,31.556845852406969,1.2639483064105521
3FKY,18330,31.561179487596245,1.2640350911108282
3FKY,18331,31.562168011180194,1.2640548862948939
3FKY,18332,31.563148380257356,1.2640745178788031
3FKY,18333,31.568015657208782,1.2641719790622614
3FKY,18334,31.569672737840147,1.2642051583319684
3FKY,18335,31.571736554031649,1.2642464803383286
3FKY,18336,31.575036747203377,1.2643125544449723
3FKY,18337,31.577378757097545,1.2643594423968458
3FKY,18338,31.57788047966956,1.2643694868523487
3FKY,18339,31.578957755081237,1.264391053571239
3FKY,18340,31.582855715016798,1.2644690864440797
3FKY,18341,31.585084753613742,1.2645137071822099
3FKY,18342,31.587774708239014,1.2645675524085696
3FKY,18343,31.588118037302916,1.264574424713097
3FKY,18344,31.589862421212796,1.2646093408930277
3FKY,18345,31.591230196269038,1.2646367180681257
3FKY,18346,31.593452667085536,1.2646812014382143
3FKY,18347,31.596342528428615,1.2647390404750298
3FKY,18348,31.599978724689599,1.2648118132502602
3FKY,18349,31.602925853925406,1.2648707923558731
3FKY,18350,31.603338234700722,1.264879044862284
3FKY,18351,31.607453218298176,1.2649613903895824
3FKY,18352,31.609025616913808,1.2649928544684597
3FKY,18353,31.613970409043297,1.2650917958621886
3FKY,18354,31.615615925034387,1.265124719624459
3FKY,18355,31.619359110906814,1.2651996107293337
3FKY,18356,31.621987464853916,1.2652521943898101
3FKY,18357,31.623129378962936,1.2652750391950356
3FKY,18358,31.625390117956517,1.2653202656725091
3FKY,18359,31.629928064838275,1.2654110432118244
3FKY,18360,31.631494853970818,1.2654423839046458
3FKY,18361,31.635239277698492,1.2655172809699149
3FKY,18362,31.638282688008115,1.2655781528931396
3FKY,18363,31.640816325840518,1.2656288265110258
3FKY,18364,31.641411104118308,1.2656407219847146
3FKY,18365,31.64513301399246,1.26571515706867
3FKY,18366,31.649337288007757,1.265799233767106
3FKY,18367,31.649725556035914,1.2658069980349762
3FKY,18368,31.6501056521019,1.2658145988404694
3FKY,18369,31.653756153971717,1.2658875958373312
3FKY,18370,31.654835575091827,1.2659091795974242
3FKY,18371,31.657300671117536,1.2659584694907355
3FKY,18372,31.659236067844454,1.2659971666376768
3FKY,18373,31.663325243722642,1.2660789234733587
3FKY,18374,31.665461784372692,1.2661216382456575
3FKY,18375,31.666973353175369,1.2661518574027775
3FKY,18376,31.669054820662911,1.2661934687464076
3FKY,18377,31.67014217653562,1.2662152059137166
3FKY,18378,31.672110146895847,1.2662545463636456
3FKY,18379,31.674539222796589,1.2663031027973031
3FKY,18380,31.676656406427377,1.2663454230877869
3FKY,18381,31.678820032804744,1.2663886702591509
3FKY,18382,31.683740807833079,1.2664870225930267
3FKY,18383,31.68648225495728,1.2665418130315367
3FKY,18384,31.688433159850106,1.2665808022851963
3FKY,18385,31.690938671557255,1.2666308737148271
3FKY,18386,31.69202415785146,1.2666525660145447
3FKY,18387,31.696242221158531,1.2667368560384396
3FKY,18388,31.697848103386576,1.266768945085861
3FKY,18389,31.700379878041169,1.2668195338428574
3FKY,18390,31.701731907881225,1.2668465486539744
3FKY,18391,31.705627016098273,1.2669243733111992
3FKY,18392,31.708323287833693,1.2669782422940736
3FKY,18393,31.711955204563381,1.2670508009669625
3FKY,18394,31.714137217319571,1.2670943913642752
3FKY,18395,31.717357194283302,1.2671587145896888
3FKY,18396,31.719324674612107,1.2671980159597149
3FKY,18397,31.721132823335807,1.2672341335291499
3FKY,18398,31.724500531943196,1.2673014003896723
3FKY,18399,31.726248951338679,1.2673363220398604
3FKY,18400,31.72900827143307,1.2673914327236473
3FKY,18401,31.730340369534332,1.2674180372740778
3FKY,18402,31.733655717285213,1.2674842486940672
3FKY,18403,31.736555110370574,1.2675421501719422
3FKY,18404,31.737695904840876,1.2675649313477277
3FKY,18405,31.744422973833803,1.2676992597025276
3FKY,18406,31.744850844511468,1.2677078030853139
3FKY,18407,31.748493530350082,1.2677805350193594
3FKY,18408,31.751789506485562,1.2678463407549951
3FKY,18409,31.752978527197136,1.2678700792823194
3FKY,18410,31.755410998714204,1.2679186416367205
3FKY,18411,31.758046995033173,1.2679712651016799
3FKY,18412,31.759527362981046,1.2680008173305393
3FKY,18413,31.762297740024561,1.2680561198498841
3FKY,18414,31.763095563817849,1.2680720456339534
3FKY,18415,31.766756544388532,1.2681451218451576
3FKY,18416,31.767588654954096,1.2681617308754634
3FKY,18417,31.772113350308778,1.2682520405500564
3FKY,18418,31.77479162252482,1.2683054939131655
3FKY,18419,31.775348567078872,1.2683166092141063
3FKY,18420,31.780273953213872,1.2684149040757335
3FKY,18421,31.783113800050749,1.268471574820488
3FKY,18422,31.785272024546302,1.2685146417139443
3FKY,18423,31.787071357597686,1.2685505458902231
3FKY,18424,31.791236157972033,1.268633647077569
3FKY,18425,31.793740575206865,1.26868361565043
3FKY,18426,31.797676043024175,1.2687621328200565
3FKY,18427,31.800661551999944,1.268821693962551
3FKY,18428,31.801444098113002,1.2688373053575353
3FKY,18429,31.805334778829081,1.2689149195979303
3FKY,18430,31.808387068346534,1.2689758056539309
3FKY,18431,31.808588470285329,1.2689798230500731
3FKY,18432,31.812461456049366,1.2690570756323372
3FKY,18433,31.816290121376124,1.2691334395541969
3FKY,18434,31.81652308724016,1.2691380859825825
3FKY,18435,31.819718965277985,1.2692018250133421
3FKY,18436,31.822599080809528,1.2692592636912217
3FKY,18437,31.826454074605731,1.2693361404793118
3FKY,18438,31.830794175696187,1.2694226857688575
3FKY,18439,31.832381467759173,1.2694543362426662
3FKY,18440,31.833820742460862,1.2694830345802504
3FKY,18441,31.837342884669532,1.2695532614019764
3FKY,18442,31.840855077760068,1.2696232859835248
3FKY,18443,31.843112442127012,1.2696682902958079
3FKY,18444,31.844506479980474,1.2696960819617471
3FKY,18445,31.847977026317924,1.2697652684482061
3FKY,18446,31.84946334362218,1.2697948975211992
3FKY,18447,31.853947151789963,1.2698842760501317
3FKY,18448,31.858555968441809,1.2699761398949063
3FKY,18449,31.862541384724416,1.2700555726430531
3FKY,18450,31.864428706183979,1.270093186837314
3FKY,18451,31.865443726453911,1.2701134156648097
3FKY,18452,31.869477648440682,1.2701938064532945
3FKY,18453,31.872229599173746,1.2702486463122764
3FKY,18454,31.874209551286047,1.2702881006031097
3FKY,18455,31.876990537173985,1.270343514937764
3FKY,18456,31.880405930027631,1.2704115672519867
3FKY,18457,31.88180751319307,1.2704394929926413
3FKY,18458,31.883064587023565,1.270464538945526
3FKY,18459,31.884321485496873,1.2704895809109493
3FKY,18460,31.891191173576441,1.2706264412337356
3FKY,18461,31.894263401859146,1.2706876424673057
3FKY,18462,31.896948475775368,1.2707411288638328
3FKY,18463,31.899094470466807,1.2707838752389731
3FKY,18464,31.902599386680549,1.2708536870744416
3FKY,18465,31.903354813849052,1.2708687333674979
3FKY,18466,31.907567427720938,1.2709526352419167
3FKY,18467,31.91058850493317,1.2710128020843228
3FKY,18468,31.91253638374511,1.2710515939280735
3FKY,18469,31.917424857236917,1.2711489422556348
3FKY,18470,31.918558937161936,1.2711715250877134
3FKY,18471,31.92051300602553,1.2712104353450071
3FKY,18472,31.923124332782109,1.2712624313441716
3FKY,18473,31.92544958855202,1.2713087293889105
3FKY,18474,31.927541585029715,1.2713503815794169
3FKY,18475,31.930484178597748,1.2714089670682331
3FKY,18476,31.933171424200598,1.2714624663552421
3FKY,18477,31.934288913476351,1.2714847133350602
3FKY,18478,31.938327227483146,1.2715651048575272
3FKY,18479,31.941254379048107,1.2716233730705451
3FKY,18480,31.945548255811619,1.2717088426406664
3FKY,18481,31.946613456061506,1.2717300445507742
3FKY,18482,31.94724464611518,1.2717426076881992
3FKY,18483,31.950649188264716,1.2718103691808387
3FKY,18484,31.953618324527465,1.2718694617291522
3FKY,18485,31.954667564255235,1.2718903433238344
3FKY,18486,31.957035548244345,1.2719374688363694
3FKY,18487,31.959238337330433,1.2719813052192839
3FKY,18488,31.964148706489077,1.272079018090468
3FKY,18489,31.9686180541186,1.2721679484210229
3FKY,18490,31.970173791928545,1.272198902772826
3FKY,18491,31.970884721920964,1.2722130478214917
3FKY,18492,31.974840970598624,1.2722917606180413
3FKY,18493,31.975391674047774,1.2723027169265451
3FKY,18494,31.9794068121025,1.27238259570881
3FKY,18495,31.982903722276884,1.2724521605703953
3FKY,18496,31.983749200881054,1.2724689793054302
3FKY,18497,31.986431234397124,1.2725223303507702
3FKY,18498,31.988727392924059,1.2725680037887093
3FKY,18499,31.99390414850879,1.2726709698575895
3FKY,18500,31.995018688993998,1.2726931370642025
3FKY,18501,31.99774138368744,1.2727472873862968
3FKY,18502,32.001731666731267,1.2728266439811318
3FKY,18503,32.00341038501913,1.2728600279455686
3FKY,18504,32.004588041315593,1.2728834469783956
3FKY,18505,32.007284152924605,1.2729370605971877
3FKY,18506,32.009447738476865,1.2729800830179518
3FKY,18507,32.012508615266881,1.2730409453933076
3FKY,18508,32.013384963596607,1.2730583701394365
3FKY,18509,32.019163560777358,1.2731732620756508
3FKY,18510,32.023533943708891,1.2732601485557704
3FKY,18511,32.025676844312031,1.2733027488556272
3FKY,18512,32.026776947121455,1.2733246180562221
3FKY,18513,32.031865996860276,1.2734257795769062
3FKY,18514,32.032146209145196,1.2734313494798124
3FKY,18515,32.034586047034281,1.2734798461817567
3FKY,18516,32.037206260605259,1.2735319261577784
3FKY,18517,32.040253592805954,1.2735924929646065
3FKY,18518,32.044898085346247,1.2736847983589401
3FKY,18519,32.046273700225484,1.2737121362670276
3FKY,18520,32.049316534210568,1.2737726051161604
3FKY,18521,32.050313886570002,1.2737924244191463
3FKY,18522,32.051160649709395,1.2738092509836541
3FKY,18523,32.057378653161138,1.2739328060444486
3FKY,18524,32.059161349595101,1.2739682269677106
3FKY,18525,32.060176069873194,1.2739883883055334
3FKY,18526,32.06270624700668,1.2740386586578576
3FKY,18527,32.064928123437284,1.2740828019595165
3FKY,18528,32.066208370120648,1.2741082366649068
3FKY,18529,32.067862276136985,1.2741410941216185
3FKY,18530,32.072389076174431,1.2742310218250577
3FKY,18531,32.075415154925786,1.2742911332258879
3FKY,18532,32.076056289232881,1.2743038686445296
3FKY,18533,32.080842613740167,1.2743989396262836
3FKY,18534,32.083060002669811,1.2744429813197446
3FKY,18535,32.086431601534173,1.2745099449700923
3FKY,18536,32.087516066389306,1.2745314828834
3FKY,18537,32.088969683806177,1.2745603517459219
3FKY,18538,32.091395489611926,1.274608526827592
3FKY,18539,32.092499682257071,1.2746304548433889
3FKY,18540,32.095802229928339,1.2746960374497609
3FKY,18541,32.096649430687464,1.2747128607763212
3FKY,18542,32.101552433517583,1.2748102180116174
3FKY,18543,32.103756044280374,1.27485397192843
3FKY,18544,32.105280640680711,1.2748842427587146
3FKY,18545,32.105717146826805,1.2748929094469492
3FKY,18546,32.111508636900005,1.2750078920316779
3FKY,18547,32.115814219144383,1.2750933671085363
3FKY,18548,32.11762613606215,1.2751293358472098
3FKY,18549,32.119959531058555,1.2751756550608389
3FKY,18550,32.120709872328213,1.2751905494029572
3FKY,18551,32.122736172760078,1.275230770780716
3FKY,18552,32.123701927025579,1.275249940229628
3FKY,18553,32.125683338630438,1.2752892687614705
3FKY,18554,32.126575446994465,1.2753069755961093
3FKY,18555,32.127740771669522,1.2753301049398034
3FKY,18556,32.130141497227612,1.2753777531763473
3FKY,18557,32.131963765950289,1.2754139193419654
3FKY,18558,32.134279526116863,1.2754598782437909
3FKY,18559,32.137272287342384,1.2755192705509031
3FKY,18560,32.138057776387782,1.2755348583749608
3FKY,18561,32.143495303606876,1.2756427594530917
3FKY,18562,32.147786032783543,1.2757278972843962
3FKY,18563,32.148977574911562,1.2757515391838248
3FKY,18564,32.151198470098251,1.2757956037503517
3FKY,18565,32.154949418762776,1.275870022504199
3FKY,18566,32.156339004720138,1.2758975907626589
3FKY,18567,32.157544941342607,1.2759215150844778
3FKY,18568,32.159461868569494,1.2759595436753983
3FKY,18569,32.161423691251585,1.275998461742651
3FKY,18570,32.163927067125982,1.2760481212608139
3FKY,18571,32.167783850177088,1.2761246245626698
3FKY,18572,32.168523182299054,1.2761392894601631
3FKY,18573,32.170899061727674,1.2761864146745818
3FKY,18574,32.172650727641219,1.2762211575925377
3FKY,18575,32.175317064954584,1.2762740404839885
3FKY,18576,32.176933795619313,1.2763061048993019
3FKY,18577,32.182410943825793,1.2764147265020021
3FKY,18578,32.182971715912892,1.2764258470894776
3FKY,18579,32.183767724475601,1.276441632449983
3FKY,18580,32.188352787923648,1.2765325533994951
3FKY,18581,32.19433305005672,1.2766511311470812
3FKY,18582,32.198708002359012,1.2767378715380167
3FKY,18583,32.200734923811872,1.2767780564835753
3FKY,18584,32.203752140891055,1.2768378722972662
3FKY,18585,32.204856649645109,1.2768597682941865
3FKY,18586,32.205937094873917,1.2768811868877981
3FKY,18587,32.210443154955641,1.2769705105129208
3FKY,18588,32.210934175965157,1.2769802436444488
3FKY,18589,32.215604118877529,1.2770728086206264
3FKY,18590,32.218200297587437,1.2771242657100224
3FKY,18591,32.218881471632699,1.2771377664533319
3FKY,18592,32.223153527141314,1.2772224345475338
3FKY,18593,32.224015799566963,1.2772395232896128
3FKY,18594,32.226717526909397,1.2772930653533623
3FKY,18595,32.230155671970024,1.2773611982886761
3FKY,18596,32.234387853952775,1.2774450614826296
3FKY,18597,32.235840296435647,1.2774738412222204
3FKY,18598,32.240871693325445,1.2775735319247188
3FKY,18599,32.24143336762338,1.277584660300809
3FKY,18600,32.241513748279928,1.2775862528638415
3FKY,18601,32.24720557844612,1.2776990187085668
3FKY,18602,32.251578802762424,1.2777856537345564
3FKY,18603,32.255050385343601,1.2778544227563717
3FKY,18604,32.256009219858548,1.2778734157792544
3FKY,18605,32.25807897923405,1.2779144135362603
3FKY,18606,32.260117973901593,1.2779548006204164
3FKY,18607,32.261524993698174,1.277982669211899
3FKY,18608,32.264616886504228,1.2780439076492156
3FKY,18609,32.269262170853494,1.2781359072490914
3FKY,18610,32.270460243368241,1.2781596339348686
3FKY,18611,32.274790945426872,1.2782453956937359
3FKY,18612,32.276757664544533,1.2782843411258571
3FKY,18613,32.278896105973445,1.2783266856969331
3FKY,18614,32.281398785005265,1.2783762409755948
3FKY,18615,32.283938164899652,1.2784265210007359
3FKY,18616,32.285830966294213,1.2784639974080789
3FKY,18617,32.290015648041745,1.2785468478636648
3FKY,18618,32.293002016642937,1.278605970224036
3FKY,18619,32.294441064802889,1.2786344586728635
3FKY,18620,32.297814178354614,1.2787012328058507
3FKY,18621,32.300159851175771,1.2787476656736361
3FKY,18622,32.302881044637431,1.2788015299039839
3FKY,18623,32.303880213548204,1.2788213072243042
3FKY,18624,32.306268815166121,1.2788685854175108
3FKY,18625,32.307000723537129,1.2788830719143431
3FKY,18626,32.311708881303012,1.2789762554934181
3FKY,18627,32.313860286027932,1.2790188337081532
3FKY,18628,32.316388151063855,1.2790688605964919
3FKY,18629,32.317257752760518,1.2790860697128639
3FKY,18630,32.31763385417171,1.2790935125577969
3FKY,18631,32.32014141032014,1.2791431346403173
3FKY,18632,32.320767785493445,1.2791555296916031
3FKY,18633,32.322692327144004,1.279193612813035
3FKY,18634,32.327250533385154,1.2792838067655758
3FKY,18635,32.332360905217726,1.279384918946072
3FKY,18636,32.333351907167831,1.2794045256682389
3FKY,18637,32.33523264796527,1.2794417348215752
3FKY,18638,32.336170622259466,1.2794602915885611
3FKY,18639,32.338796553843103,1.2795122412616096
3FKY,18640,32.341341466659017,1.2795625861010522
3FKY,18641,32.342169233339597,1.2795789610015542
3FKY,18642,32.347163304371087,1.2796777493899729
3FKY,18643,32.34765054162829,1.2796873870871479
3FKY,18644,32.352529329082557,1.2797838869452938
3FKY,18645,32.353056712454112,1.2797943178761146
3FKY,18646,32.354766286919194,1.2798281303656691
3FKY,18647,32.357437949284957,1.2798809695368358
3FKY,18648,32.360415651549978,1.2799398588838922
3FKY,18649,32.361126459470825,1.2799539159714739
3FKY,18650,32.363709466719925,1.280004996768644
3FKY,18651,32.364786997511992,1.2800263051004244
3FKY,18652,32.366447034981498,1.2800591318942804
3FKY,18653,32.369950587041501,1.280128410929535
3FKY,18654,32.37078611480559,1.2801449320534113
3FKY,18655,32.371652773193425,1.2801620685065298
3FKY,18656,32.376151176979093,1.2802510118467263
3FKY,18657,32.377588925676747,1.2802794379987461
3FKY,18658,32.38191175776111,1.2803649021808807
3FKY,18659,32.383553661991762,1.2803973618132509
3FKY,18660,32.384770212095724,1.280421411874757
3FKY,18661,32.387358601833107,1.2804725804240407
3FKY,18662,32.390021614654835,1.2805252220248928
3FKY,18663,32.391233849162113,1.2805491843790429
3FKY,18664,32.392680462443245,1.2805777791337742
3FKY,18665,32.394555038696559,1.2806148323496858
3FKY,18666,32.398192854133825,1.2806867350138849
3FKY,18667,32.401073974675455,1.2807436784805712
3FKY,18668,32.404494048707583,1.2808112707248565
3FKY,18669,32.40877265260707,1.2808958254043272
3FKY,18670,32.409794669312831,1.2809160218897888
3FKY,18671,32.415964269602057,1.2810379350934946
3FKY,18672,32.41719237579516,1.281062201465889
3FKY,18673,32.419891445887117,1.2811155312648566
3FKY,18674,32.423657051696985,1.2811899305888101
3FKY,18675,32.424825804683643,1.2812130214613453
3FKY,18676,32.427304083005907,1.2812619830472509
3FKY,18677,32.428007293204175,1.2812758755312852
3FKY,18678,32.429778404553367,1.2813108645955182
3FKY,18679,32.431497704024764,1.2813448291799727
3FKY,18680,32.434269543084788,1.2813995846802306
3FKY,18681,32.435906446124648,1.2814319193133361
3FKY,18682,32.436538902222317,1.281444412342964
3FKY,18683,32.438726006471185,1.2814876137043243
3FKY,18684,32.439793495541871,1.2815086990386788
3FKY,18685,32.444052764535847,1.281592825824422
3FKY,18686,32.44439278885536,1.2815995415635113
3FKY,18687,32.451772443863021,1.2817452866972305
3FKY,18688,32.452944420737708,1.2817684312307924
3FKY,18689,32.455273579821991,1.2818144268881078
3FKY,18690,32.460905708340441,1.2819256419483678
3FKY,18691,32.463242531748158,1.2819717832970234
3FKY,18692,32.465322251109718,1.282012846644849
3FKY,18693,32.467124213966706,1.2820484247219621
3FKY,18694,32.473414596599412,1.2821726147258197
3FKY,18695,32.477158094206693,1.2822465162827363
3FKY,18696,32.478545238651435,1.2822738992534821
3FKY,18697,32.481529026509975,1.2823327988346347
3FKY,18698,32.483738871229065,1.2823764191359617
3FKY,18699,32.485855052385588,1.2824181892140412
3FKY,18700,32.489688718600355,1.2824938562734494
3FKY,18701,32.491025374268972,1.2825202374903746
3FKY,18702,32.492655240824547,1.2825524049982295
3FKY,18703,32.495616153476632,1.2826108403447065
3FKY,18704,32.500488031139199,1.2827069839119229
3FKY,18705,32.502421830541579,1.2827451442789279
3FKY,18706,32.503579632389332,1.2827679910606244
3FKY,18707,32.506941237026197,1.2828343229444912
3FKY,18708,32.50939266944787,1.2828826929578552
3FKY,18709,32.512505353441696,1.2829441077139665
3FKY,18710,32.51452644529973,1.2829839832567276
3FKY,18711,32.51713984898516,1.2830355430988161
3FKY,18712,32.520048227501299,1.2830929200635679
3FKY,18713,32.525186266938491,1.2831942778721237
3FKY,18714,32.525378143615576,1.2831980628572264
3FKY,18715,32.527729404782995,1.2832444432442087
3FKY,18716,32.531753653185802,1.2833238206674618
3FKY,18717,32.534976123225725,1.2833873796474322
3FKY,18718,32.53624855897106,1.2834124759008343
3FKY,18719,32.539192545093677,1.2834705382654359
3FKY,18720,32.541861043043951,1.2835231650827732
3FKY,18721,32.544319773726031,1.2835716530622201
3FKY,18722,32.546921959925662,1.2836229680950855
3FKY,18723,32.55109056866155,1.2837051686576988
3FKY,18724,32.551564673698195,1.2837145171750499
3FKY,18725,32.553819101494305,1.2837589695940392
3FKY,18726,32.558912482627676,1.2838593943392034
3FKY,18727,32.562740295389524,1.2839348610634789
3FKY,18728,32.564592401388929,1.2839713744162347
3FKY,18729,32.566187299686518,1.2840028162144468
3FKY,18730,32.56646797418454,1.2840083493471111
3FKY,18731,32.570286371865166,1.2840836217223839
3FKY,18732,32.574879006631207,1.2841741508497611
3FKY,18733,32.577887136192516,1.2842334430584441
3FKY,18734,32.579731558871387,1.2842697964866512
3FKY,18735,32.581769317530274,1.2843099593555951
3FKY,18736,32.585287266935602,1.2843792928448414
3FKY,18737,32.587005146751224,1.2844131483110413
3FKY,18738,32.591192290260544,1.2844956635561056
3FKY,18739,32.59429026754357,1.2845567113967344
3FKY,18740,32.596798839713109,1.2846061424656494
3FKY,18741,32.597793816965378,1.2846257478284764
3FKY,18742,32.603367912659088,1.284735576131667
3FKY,18743,32.606344630905646,1.2847942235780787
3FKY,18744,32.609920606721239,1.2848646740864436
3FKY,18745,32.612560974233915,1.2849166896420141
3FKY,18746,32.614309930867755,1.2849511431374268
3FKY,18747,32.616644563376326,1.2849971326897687
3FKY,18748,32.619313643677245,1.2850497084592332
3FKY,18749,32.620204381165941,1.2850672538028995
3FKY,18750,32.626941485653042,1.2851999504789848
3FKY,18751,32.628856262210377,1.2852376621755217
3FKY,18752,32.633099092599032,1.2853212211594525
3FKY,18753,32.63332365247463,1.2853256435263898
3FKY,18754,32.638000516131285,1.2854177438207186
3FKY,18755,32.640480772145374,1.2854665841980721
3FKY,18756,32.641729405493507,1.2854911711688684
3FKY,18757,32.645124515180285,1.2855580222537613
3FKY,18758,32.648318699327753,1.2856209138597068
3FKY,18759,32.649614494914253,1.2856464264349798
3FKY,18760,32.653359829780008,1.2857201644924967
3FKY,18761,32.65830804524002,1.285817578348607
3FKY,18762,32.660951398818732,1.2858696141386958
3FKY,18763,32.665037177532305,1.2859500406752096
3FKY,18764,32.666029522978768,1.2859695737461287
3FKY,18765,32.668317960670784,1.2860146176303591
3FKY,18766,32.674022970846977,1.2861269038858989
3FKY,18767,32.67545129253552,1.2861550146403857
3FKY,18768,32.677407038094216,1.2861935046109976
3FKY,18769,32.681797269568293,1.2862799021876594
3FKY,18770,32.685421205357947,1.2863512150735685
3FKY,18771,32.686926777121677,1.286380840999968
3FKY,18772,32.689785463539849,1.2864370909965652
3FKY,18773,32.690915792170799,1.2864593316458344
3FKY,18774,32.692948564010436,1.2864993280421986
3FKY,18775,32.698332669178001,1.2866052585688963
3FKY,18776,32.703492990953073,1.2867067780450212
3FKY,18777,32.707405353108832,1.2867837409608247
3FKY,18778,32.709317129966969,1.2868213472368952
3FKY,18779,32.710649268945261,1.2868475508934047
3FKY,18780,32.712041339067667,1.2868749328471283
3FKY,18781,32.718130029606996,1.2869946902566669
3FKY,18782,32.720951536286719,1.2870501822091147
3FKY,18783,32.721585186049587,1.287062644180057
3FKY,18784,32.724195399293841,1.2871139778936638
3FKY,18785,32.728196468796547,1.2871926608836866
3FKY,18786,32.730293008019892,1.2872338884332586
3FKY,18787,32.7328150489042,1.2872834815419543
3FKY,18788,32.735876083393784,1.2873436707895101
3FKY,18789,32.737323344516582,1.2873721273649481
3FKY,18790,32.743026654676292,1.2874842618039986
3FKY,18791,32.745084227566338,1.2875247139455406
3FKY,18792,32.748145974932505,1.2875849059308508
3FKY,18793,32.750478147116894,1.2876307530491002
3FKY,18794,32.755288474437705,1.2877253119428882
3FKY,18795,32.759138029494494,1.2878009794774807
3FKY,18796,32.761191296254729,1.2878413370337574
3FKY,18797,32.76434000029159,1.2879032232721377
3FKY,18798,32.766146438723247,1.2879387265939186
3FKY,18799,32.768406370629492,1.2879831413932086
3FKY,18800,32.772697386698297,1.2880674691962379
3FKY,18801,32.776271047053456,1.2881376951852161
3FKY,18802,32.780223887531363,1.2882153679824953
3FKY,18803,32.781889072278332,1.2882480872425508
3FKY,18804,32.78557929053428,1.2883205934794717
3FKY,18805,32.791602419690285,1.2884389285087674
3FKY,18806,32.794248442785388,1.2884909108783076
3FKY,18807,32.794950166547629,1.288504696220186
3FKY,18808,32.799460869282669,1.2885933053168619
3FKY,18809,32.801303130467545,1.2886294932911941
3FKY,18810,32.802588975017535,1.2886547508391311
3FKY,18811,32.807677289309488,1.2887546945680908
3FKY,18812,32.81028963370003,1.2888060027428738
3FKY,18813,32.812423030313816,1.2888479025508157
3FKY,18814,32.816821913242791,1.2889342921025555
3FKY,18815,32.81855324008189,1.2889682919991265
3FKY,18816,32.821600841564759,1.289028138794579
3FKY,18817,32.824819846533401,1.2890913484818496
3FKY,18818,32.825435736137848,1.2891034419867085
3FKY,18819,32.826975619222651,1.2891336783759653
3FKY,18820,32.831328053798899,1.2892191368125006
3FKY,18821,32.83447288165722,1.2892808808145324
3FKY,18822,32.837061494729106,1.2893317021506379
3FKY,18823,32.841574368162618,1.2894202970281772
3FKY,18824,32.844594179440264,1.2894795773234113
3FKY,18825,32.847088565228361,1.2895285412175592
3FKY,18826,32.849566057318846,1.2895771716542468
3FKY,18827,32.851479249421672,1.2896147242498328
3FKY,18828,32.853280766452478,1.2896500838606015
3FKY,18829,32.855392960472884,1.2896915401071449
3FKY,18830,32.860072286510672,1.28978337696863
3FKY,18831,32.86300829510057,1.2898409959911596
3FKY,18832,32.865615529320202,1.2898921606753935
3FKY,18833,32.86749644231773,1.2899290706827005
3FKY,18834,32.871934068513738,1.2900161480456391
3FKY,18835,32.875332513904993,1.2900828300990757
3FKY,18836,32.876477441461041,1.2901052943360729
3FKY,18837,32.879571075739932,1.2901659915333896
3FKY,18838,32.883737989281315,1.2902477419888658
3FKY,18839,32.887453459845688,1.2903206312404247
3FKY,18840,32.891846960300199,1.2904068166145115
3FKY,18841,32.893857058669511,1.2904462459146233
3FKY,18842,32.899398762023537,1.2905549435523624
3FKY,18843,32.903170085949036,1.2906289108807265
3FKY,18844,32.905552476635449,1.2906756347470383
3FKY,18845,32.90956311854822,1.2907542883432555
3FKY,18846,32.914434351151158,1.2908498127307559
3FKY,18847,32.916783956508532,1.2908958857313957
3FKY,18848,32.919892177397969,1.2909568317650177
3FKY,18849,32.922596569991647,1.2910098571877084
3FKY,18850,32.923588517449858,1.2910293059012639
3FKY,18851,32.926743837651081,1.2910911690431028
3FKY,18852,32.929428261268107,1.2911437974628148
3FKY,18853,32.930712635244355,1.2911689769969095
3FKY,18854,32.932559221294241,1.2912051775678492
3FKY,18855,32.937656540118851,1.2913051004094722
3FKY,18856,32.939525346707434,1.2913417327249452
3FKY,18857,32.942431588139968,1.2913986987563468
3FKY,18858,32.946249634780827,1.2914735335115386
3FKY,18859,32.949314324424392,1.2915335991270165
3FKY,18860,32.950027021525379,1.2915475670546255
3FKY,18861,32.952823182707974,1.2916023666843413
3FKY,18862,32.955922732708245,1.2916631094613467
3FKY,18863,32.958961748599421,1.2917226631606515
3FKY,18864,32.960229263219567,1.2917475010428667
3FKY,18865,32.967258528253524,1.2918852359992488
3FKY,18866,32.968121405863798,1.2919021426454307
3FKY,18867,32.971243787828854,1.2919633186584036
3FKY,18868,32.974639235605984,1.292029841490727
3FKY,18869,32.981717811204476,1.2921685123048878
3FKY,18870,32.981932073419223,1.292172709515585
3FKY,18871,32.98443965504444,1.2922218298483525
3FKY,18872,32.986155560059949,1.2922554411678966
3FKY,18873,32.991402748571069,1.2923582181989677
3FKY,18874,32.992445674198173,1.2923786450790196
3FKY,18875,32.996344780608645,1.2924550106360813
3FKY,18876,32.997675524092941,1.2924810727462144
3FKY,18877,32.997964696921173,1.2924867360176793
3FKY,18878,33.002448053853726,1.2925745366230703
3FKY,18879,33.005903337682398,1.292642199709638
3FKY,18880,33.006727422144458,1.292658336818381
3FKY,18881,33.010077290597266,1.2927239314085921
3FKY,18882,33.013373865199526,1.2927884791897419
3FKY,18883,33.019009745646699,1.2928988237187642
3FKY,18884,33.019053829426532,1.2928996867950422
3FKY,18885,33.022962978260999,1.2929762181782243
3FKY,18886,33.026799278783606,1.2930513189693671
3FKY,18887,33.028485563450957,1.2930843289011373
3FKY,18888,33.031343949014023,1.2931402814152975
3FKY,18889,33.034800980659156,1.2932079491117698
3FKY,18890,33.038873975552228,1.2932876690869404
3FKY,18891,33.042330686466578,1.2933553227950818
3FKY,18892,33.044809350172009,1.2934038322784025
3FKY,18893,33.046885651244224,1.2934444657944302
3FKY,18894,33.050525744845075,1.2935156998787383
3FKY,18895,33.05445040314418,1.2935924983004401
3FKY,18896,33.056509249093622,1.2936327843462243
3FKY,18897,33.057738931004963,1.2936568452963586
3FKY,18898,33.061428682325982,1.2937290392670147
3FKY,18899,33.064485946042382,1.2937888548825871
3FKY,18900,33.065955752305271,1.2938176107784491
3FKY,18901,33.067983024088932,1.2938572721109938
3FKY,18902,33.070830652547926,1.2939129807623226
3FKY,18903,33.073911337133957,1.2939732460303832
3FKY,18904,33.075537747100135,1.2940050612138054
3FKY,18905,33.080451094012041,1.2941011693968751
3FKY,18906,33.084023457233634,1.2941710426069859
3FKY,18907,33.084773237109786,1.2941857073575969
3FKY,18908,33.087774705693043,1.2942444106410931
3FKY,18909,33.089902594162069,1.2942860266685472
3FKY,18910,33.091820050138523,1.2943235260313639
3FKY,18911,33.0956799756786,1.294399010648853
3FKY,18912,33.096669597887157,1.2944183629696533
3FKY,18913,33.102763795319277,1.2945375302161148
3FKY,18914,33.110092068988962,1.2946808143293722
3FKY,18915,33.113130501239027,1.2947402178140701
3FKY,18916,33.116436383938023,1.2948048470471765
3FKY,18917,33.119913887835516,1.2948728279532602
3FKY,18918,33.121850175195114,1.294910678432784
3FKY,18919,33.125422824025968,1.294980513546947
3FKY,18920,33.126187204828881,1.2949954545265641
3FKY,18921,33.127242352602565,1.2950160787034672
3FKY,18922,33.130055131870684,1.2950710563714076
3FKY,18923,33.135978877394855,1.2951868323404601
3FKY,18924,33.138279509792341,1.2952317939979845
3FKY,18925,33.14246028258043,1.2953134955699468
3FKY,18926,33.144981532067966,1.2953627638854457
3FKY,18927,33.147755573598225,1.2954169699032856
3FKY,18928,33.149724349957367,1.2954554393017894
3FKY,18929,33.152948368461779,1.2955184333514431
3FKY,18930,33.157534759992771,1.2956080415097129
3FKY,18931,33.160456794853907,1.2956651285110203
3FKY,18932,33.163852519934537,1.2957314667097062
3FKY,18933,33.167069436564624,1.2957943086100061
3FKY,18934,33.17109487715696,1.2958729405910407
3FKY,18935,33.174961594607176,1.2959484676201396
3FKY,18936,33.177510330194053,1.2959982486354191
3FKY,18937,33.180673193509641,1.2960600219208314
3FKY,18938,33.181834398682938,1.2960827004606319
3FKY,18939,33.184416893153028,1.2961331356060117
3FKY,18940,33.185273472331687,1.2961498638416749
3FKY,18941,33.190746570326212,1.2962567435206518
3FKY,18942,33.192223088502487,1.2962855757337728
3FKY,18943,33.194823050817376,1.2963363440664732
3FKY,18944,33.19741180110826,1.2963868914915431
3FKY,18945,33.199329341661553,1.2964243317377286
3FKY,18946,33.203026693463144,1.2964965199940075
3FKY,18947,33.203396576794006,1.2965037414910134
3FKY,18948,33.20713286810475,1.2965766855253116
3FKY,18949,33.212157756495195,1.2966747805145935
3FKY,18950,33.21345554488299,1.2967001145059338
3FKY,18951,33.216169093474583,1.2967530838047585
3FKY,18952,33.221379021809625,1.2968547771354788
3FKY,18953,33.223755013094419,1.2969011517991282
3FKY,18954,33.227490082406305,1.2969740496331525
3FKY,18955,33.230250646853783,1.2970279252957404
3FKY,18956,33.234544177514849,1.297111714150593
3FKY,18957,33.235959709256129,1.2971393372653115
3FKY,18958,33.237133373065177,1.2971622400499578
3FKY,18959,33.239503831027669,1.2972084957499221
3FKY,18960,33.240597639952156,1.29722983912743
3FKY,18961,33.24426075147607,1.2973013144768937
3FKY,18962,33.247081664757005,1.2973563540054533
3FKY,18963,33.249123311910125,1.2973961876256035
3FKY,18964,33.251113139527753,1.2974350090422999
3FKY,18965,33.255211787940162,1.2975149697650779
3FKY,18966,33.259321700254866,1.2975951452881604
3FKY,18967,33.259671008174038,1.2976019593037038
3FKY,18968,33.264376189960885,1.2976937406864417
3FKY,18969,33.266101062711364,1.2977273852006681
3FKY,18970,33.269432541448289,1.2977923649069676
3FKY,18971,33.270968687433829,1.2978223259758392
3FKY,18972,33.275158546064048,1.2979040416743037
3FKY,18973,33.277213237960851,1.297944112884591
3FKY,18974,33.278467087173361,1.2979685652157187
3FKY,18975,33.280036084984197,1.2979991628665732
3FKY,18976,33.282969772382245,1.2980563719372327
3FKY,18977,33.284720560143704,1.2980905123901318
3FKY,18978,33.288025829881171,1.2981549628752855
3FKY,18979,33.290801909534927,1.2982090920457328
3FKY,18980,33.294453776392189,1.2982802942469143
3FKY,18981,33.296909836164275,1.2983281790270966
3FKY,18982,33.299212370993395,1.2983730689911666
3FKY,18983,33.301808624888551,1.2984236834080711
3FKY,18984,33.303851342153955,1.2984635051461955
3FKY,18985,33.307384552058224,1.2985323804002531
3FKY,18986,33.309060771823965,1.2985650548099577
3FKY,18987,33.311248593624597,1.2986077005979308
3FKY,18988,33.31359621017792,1.2986534596035455
3FKY,18989,33.317427303298864,1.2987281306068277
3FKY,18990,33.318104766679028,1.2987413344516012
3FKY,18991,33.324687314988196,1.2988696221412208
3FKY,18992,33.325338533354596,1.2988823130873237
3FKY,18993,33.330277853355597,1.2989785665383886
3FKY,18994,33.333120006619438,1.2990339488770526
3FKY,18995,33.334721243372393,1.2990651496155716
3FKY,18996,33.339387779299628,1.2991560746604096
3FKY,18997,33.341935962962154,1.2992057220182487
3FKY,18998,33.342112011834836,1.2992091519840594
3FKY,18999,33.34381421985313,1.299242315690212
3FKY,19000,33.346664486588857,1.2992978448506567
3FKY,19001,33.350108213724816,1.2993649326958994
3FKY,19002,33.35301788973424,1.2994216138989669
3FKY,19003,33.353915953837706,1.2994391079088832
3FKY,19004,33.359225798674906,1.2995425372252796
3FKY,19005,33.362058477707052,1.2995977109990304
3FKY,19006,33.364595134755191,1.2996471169886776
3FKY,19007,33.368991298386966,1.2997327357887236
3FKY,19008,33.36951427496551,1.2997429208001592
3FKY,19009,33.372121342015298,1.2997936924525848
3FKY,19010,33.378040531080622,1.299908959075964
3FKY,19011,33.382745608632433,1.3000005755525714
3FKY,19012,33.38545413321151,1.3000533125583091
3FKY,19013,33.385536025214833,1.3000549070237384
3FKY,19014,33.388315996716251,1.3001090328636904
3FKY,19015,33.389836993249247,1.3001386456002464
3FKY,19016,33.393872881696858,1.3002172182508211
3FKY,19017,33.397540024719355,1.3002886078680447
3FKY,19018,33.400019952574013,1.3003368833110363
3FKY,19019,33.401618191546035,1.3003679944335058
3FKY,19020,33.402904889804233,1.3003930406020863
3FKY,19021,33.412081773653142,1.3005716588451366
3FKY,19022,33.413289456845838,1.3005951632821109
3FKY,19023,33.417773093905062,1.3006824219919881
3FKY,19024,33.42263531130758,1.3007770418618814
3FKY,19025,33.423996018844079,1.3008035203111887
3FKY,19026,33.42737709707928,1.3008693114758447
3FKY,19027,33.429361101500803,1.3009079159431225
3FKY,19028,33.430999078789633,1.3009397866018724
3FKY,19029,33.434782649469895,1.3010134017870121
3FKY,19030,33.43715457849509,1.3010595491891652
3FKY,19031,33.439585854188707,1.3011068495201705
3FKY,19032,33.442057109958739,1.3011549258991648
3FKY,19033,33.447771752683416,1.3012660930722808
3FKY,19034,33.450435689117107,1.3013179114887929
3FKY,19035,33.452722274371858,1.3013623880918319
3FKY,19036,33.456869476270249,1.3014430518605804
3FKY,19037,33.458824868399027,1.3014810828293666
3FKY,19038,33.461533777448658,1.3015337673235139
3FKY,19039,33.46338478100035,1.3015697655285878
3FKY,19040,33.467400984160882,1.3016478689811406
3FKY,19041,33.468519047252329,1.3016696112175121
3FKY,19042,33.470135341299411,1.3017010415810855
3FKY,19043,33.475083269269852,1.3017972539941796
3FKY,19044,33.477141811097667,1.3018372802262268
3FKY,19045,33.481624645717012,1.3019244400845327
3FKY,19046,33.485665825085114,1.3020030078286817
3FKY,19047,33.490555998827105,1.3020980752004137
3FKY,19048,33.491088823047235,1.3021084331447847
3FKY,19049,33.493510930926348,1.302155517163041
3FKY,19050,33.497227875517439,1.3022277685558969
3FKY,19051,33.500570220191264,1.3022927349091611
3FKY,19052,33.502722066511353,1.3023345594036646
3FKY,19053,33.505537454999121,1.3023892788484288
3FKY,19054,33.50657974341204,1.3024095360178514
3FKY,19055,33.510667848824731,1.3024889864589075
3FKY,19056,33.512526349811694,1.3025251039650703
3FKY,19057,33.514173961971956,1.3025571222886274
3FKY,19058,33.516170844325281,1.3025959269834859
3FKY,19059,33.518027660368332,1.3026320087830434
3FKY,19060,33.523023657294949,1.3027290864376049
3FKY,19061,33.527336593940298,1.3028128856701671
3FKY,19062,33.527897162343443,1.3028237769720188
3FKY,19063,33.5323359200423,1.3029100145260002
3FKY,19064,33.53498411209452,1.3029614616997638
3FKY,19065,33.538282005694285,1.303025527968763
3FKY,19066,33.540010352302666,1.3030591022994016
3FKY,19067,33.544139493733617,1.30313931023136
3FKY,19068,33.546478971537887,1.3031847520340718
3FKY,19069,33.549871029209939,1.3032506362376168
3FKY,19070,33.551854525015507,1.3032891602898069
3FKY,19071,33.553351656256552,1.3033182372690055
3FKY,19072,33.559784362002134,1.3034431645938223
3FKY,19073,33.561787424167925,1.3034820629178221
3FKY,19074,33.565533514032836,1.3035548067296261
3FKY,19075,33.568716118731295,1.303616605260447
3FKY,19076,33.570625013391442,1.3036536699994143
3FKY,19077,33.572749319654093,1.303694916116301
3FKY,19078,33.580122755265691,1.3038380706534556
3FKY,19079,33.581076320073201,1.3038565828739395
3FKY,19080,33.582900577883514,1.3038919977342267
3FKY,19081,33.585543547718927,1.3039433047886977
3FKY,19082,33.590017388889308,1.3040301493111734
3FKY,19083,33.594708233695997,1.3041212000158804
3FKY,19084,33.599335952735757,1.3042110192017424
3FKY,19085,33.601863844706088,1.3042600803284006
3FKY,19086,33.603756558903207,1.3042968127671228
3FKY,19087,33.607136341013671,1.3043624025798264
3FKY,19088,33.61209961477261,1.3044587164789323
3FKY,19089,33.617837410644924,1.3045700513632448
3FKY,19090,33.620432689173043,1.304620406436058
3FKY,19091,33.625126306785646,1.3047114697437987
3FKY,19092,33.626644720647249,1.3047409279174034
3FKY,19093,33.632391726273724,1.3048524173800682
3FKY,19094,33.632516192419772,1.3048548318649287
3FKY,19095,33.635417724967333,1.3049111166383982
3FKY,19096,33.639509727027033,1.304990490360272
3FKY,19097,33.640659997124104,1.3050128016055658
3FKY,19098,33.644348707455308,1.305084347203247
3FKY,19099,33.646483673799196,1.3051257548550961
3FKY,19100,33.652848025512682,1.3052491836011926
3FKY,19101,33.655628001838885,1.3053030941482877
3FKY,19102,33.658866010120647,1.3053658842494535
3FKY,19103,33.661615979565042,1.3054192081341074
3FKY,19104,33.667681575134409,1.3055368166931103
3FKY,19105,33.671962187123434,1.3056198090267794
3FKY,19106,33.674743965689274,1.3056737392101518
3FKY,19107,33.67722281533139,1.3057217946508175
3FKY,19108,33.678477733137051,1.3057461220467259
3FKY,19109,33.679691797992731,1.3057696570503476
3FKY,19110,33.684509714229392,1.3058630495893753
3FKY,19111,33.687953446340011,1.3059298002652988
3FKY,19112,33.692777337232727,1.3060232971495596
3FKY,19113,33.695555254086713,1.3060771358300933
3FKY,19114,33.696878873080855,1.3061027880491329
3FKY,19115,33.699749904369114,1.3061584279514817
3FKY,19116,33.701410161608685,1.3061906022596548
3FKY,19117,33.703360930405289,1.3062284054106952
3FKY,19118,33.709774009454414,1.306352674138431
3FKY,19119,33.713284422157834,1.3064206917649999
3FKY,19120,33.716320586072605,1.3064795175087613
3FKY,19121,33.716799143133343,1.306488789320875
3FKY,19122,33.719337676476492,1.3065379710791503
3FKY,19123,33.723230286022329,1.3066133832277551
3FKY,19124,33.725555190064547,1.3066584218903645
3FKY,19125,33.729889510623778,1.3067423833622787
3FKY,19126,33.730311374972963,1.3067505551397351
3FKY,19127,33.737465244037324,1.3068891222974464
3FKY,19128,33.738221955860645,1.3069037785986561
3FKY,19129,33.739633216728755,1.3069311120318827
3FKY,19130,33.743021535403194,1.3069967349728868
3FKY,19131,33.747452755511105,1.3070825512368183
3FKY,19132,33.751015776154965,1.3071515496176582
3FKY,19133,33.75447696708396,1.3072185725649041
3FKY,19134,33.757100971138684,1.3072693818275927
3FKY,19135,33.762787618321383,1.3073794870570365
3FKY,19136,33.76487877669895,1.3074199738685286
3FKY,19137,33.769217076230788,1.3075039634678678
3FKY,19138,33.772564969183961,1.3075687750802778
3FKY,19139,33.781353832434959,1.3077389027504762
3FKY,19140,33.784565570544729,1.307801067444444
3FKY,19141,33.788965719007116,1.3078862295799032
3FKY,19142,33.792403560351907,1.3079527630013308
3FKY,19143,33.797043658876703,1.3080425586465576
3FKY,19144,33.803533266211005,1.3081681358303803
3FKY,19145,33.805264785761103,1.3082016395721097
3FKY,19146,33.808031730968224,1.3082551763246597
3FKY,19147,33.814669849881945,1.3083836062677772
3FKY,19148,33.817758039700621,1.3084433502295176
3FKY,19149,33.822007745081315,1.3085255603520864
3FKY,19150,33.828567299330643,1.3086524441304552
3FKY,19151,33.83126663540056,1.3087046547701868
3FKY,19152,33.832060466388953,1.3087200086767761
3FKY,19153,33.834419923075934,1.3087656431178651
3FKY,19154,33.843477033859898,1.3089408026489042
3FKY,19155,33.843608473121549,1.3089433444392384
3FKY,19156,33.849907815780398,1.309065156198836
3FKY,19157,33.855806287310429,1.3091792059512291
3FKY,19158,33.859168204308261,1.3092442057703009
3FKY,19159,33.864138220329394,1.3093402909114864
3FKY,19160,33.864960349173565,1.3093561844192405
3FKY,19161,33.871533697744965,1.3094832543596497
3FKY,19162,33.877365227965292,1.3095959738277081
3FKY,19163,33.880696708756204,1.3096603647055916
3FKY,19164,33.882089698151873,1.3096872874732115
3FKY,19165,33.886024558151384,1.3097633348267212
3FKY,19166,33.887284213379559,1.309787678710691
3FKY,19167,33.89337676530041,1.3099054159531265
3FKY,19168,33.89540569192674,1.3099446221706441
3FKY,19169,33.901250633452712,1.3100575610707124
3FKY,19170,33.908091025410769,1.3101897222011094
3FKY,19171,33.911149215723874,1.3102488042528493
3FKY,19172,33.917020039962452,1.3103622169167954
3FKY,19173,33.917826650362251,1.3103777982607112
3FKY,19174,33.920344946525631,1.3104264431542352
3FKY,19175,33.923211131204141,1.3104818058703487
3FKY,19176,33.929895572318969,1.3106109122652108
3FKY,19177,33.933092980137268,1.3106726639857296
3FKY,19178,33.940838519344659,1.3108222419694531
3FKY,19179,33.944887850008804,1.3109004338265724
3FKY,19180,33.950935647079703,1.3110172070317803
3FKY,19181,33.952220601216332,1.31104201608361
3FKY,19182,33.955356880875527,1.3111025673433501
3FKY,19183,33.961367008040689,1.3112185953463518
3FKY,19184,33.967991612810025,1.311346474200662
3FKY,19185,33.969283711566121,1.3113714149309625
3FKY,19186,33.971083185885327,1.3114061484854509
3FKY,19187,33.975836600846925,1.3114978947439739
3FKY,19188,33.979060057236772,1.311560107428406
3FKY,19189,33.982892544781237,1.311634070569818
3FKY,19190,33.989169708144921,1.3117552044778922
3FKY,19191,33.995160903987049,1.3118708094794793
3FKY,19192,33.996106454528125,1.311889053716238
3FKY,19193,33.999113519429471,1.311947072835302
3FKY,19194,34.000975745171694,1.3119830018332239
3FKY,19195,34.006754688634373,1.3120944920668309
3FKY,19196,34.008189916305319,1.312122179719921
3FKY,19197,34.012020784970936,1.3121960799511456
3FKY,19198,34.013238909844404,1.3122195775901504
3FKY,19199,34.016202908007195,1.3122767513820643
3FKY,19200,34.018639680091702,1.3123237534254428
3FKY,19201,34.023854544748048,1.3124243354677136
3FKY,19202,34.026092226498903,1.3124674925370559
3FKY,19203,34.033479258897913,1.3126099525303421
3FKY,19204,34.036863563507602,1.3126752141724061
3FKY,19205,34.03860253394442,1.312708746554595
3FKY,19206,34.040714288616051,1.3127494661439354
3FKY,19207,34.045475086903409,1.3128412608820936
3FKY,19208,34.046410098716997,1.3128592884416626
3FKY,19209,34.052865431236135,1.3129837441706314
3FKY,19210,34.057090219205762,1.3130651896792069
3FKY,19211,34.059967796834862,1.3131206607599946
3FKY,19212,34.063634641099156,1.3131913431429727
3FKY,19213,34.06621617083308,1.3132411026344037
3FKY,19214,34.069087278307279,1.3132964415790922
3FKY,19215,34.071418855801319,1.3133413796781634
3FKY,19216,34.076810987804308,1.3134453000630033
3FKY,19217,34.084544678372957,1.3135943340097929
3FKY,19218,34.090693058485847,1.313712805785894
3FKY,19219,34.093019729786661,1.3137576351140456
3FKY,19220,34.093799470156803,1.313772658482695
3FKY,19221,34.097312935647594,1.313840350791206
3FKY,19222,34.105320250668669,1.3139946109821385
3FKY,19223,34.113515728196525,1.3141524773556337
3FKY,19224,34.116861539371939,1.3142169209954286
3FKY,19225,34.120496628147059,1.3142869328270539
3FKY,19226,34.127183590113077,1.3144157140149666
3FKY,19227,34.1299272939358,1.3144685501203519
3FKY,19228,34.134152161446039,1.3145499051664815
3FKY,19229,34.137961960597316,1.3146232632413133
3FKY,19230,34.141068052503869,1.314683068331683
3FKY,19231,34.145134288967917,1.3147613560563001
3FKY,19232,34.147360545183034,1.3148042164519746
3FKY,19233,34.148664253227281,1.3148293150898451
3FKY,19234,34.152918407062153,1.3149112115871251
3FKY,19235,34.15523875818505,1.3149558783978716
3FKY,19236,34.158712511464834,1.3150227453899446
3FKY,19237,34.162860131218011,1.315102579323344
3FKY,19238,34.16595442996362,1.3151621356383814
3FKY,19239,34.167991387142287,1.3152013397096576
3FKY,19240,34.168671032707252,1.3152144201729257
3FKY,19241,34.176549016029377,1.3153660304023695
3FKY,19242,34.181428685270866,1.3154599299073453
3FKY,19243,34.189577922477497,1.315616730786525
3FKY,19244,34.194238868366142,1.3157064044501099
3FKY,19245,34.196571792274831,1.3157512861418428
3FKY,19246,34.204170219093548,1.3158974570009667
3FKY,19247,34.20824911672279,1.3159759160159776
3FKY,19248,34.211715036770194,1.3160425805180056
3FKY,19249,34.216570603676594,1.3161359682081208
3FKY,19250,34.222783888474417,1.3162554593824169
3FKY,19251,34.223936394942029,1.316277622689811
3FKY,19252,34.224974503464743,1.3162975857449191
3FKY,19253,34.231136330310797,1.3164160727984084
3FKY,19254,34.234845455222434,1.3164873911931843
3FKY,19255,34.235760679471099,1.3165049883681508
3FKY,19256,34.239701488331434,1.3165807562951763
3FKY,19257,34.243498394457674,1.3166537533533331
3FKY,19258,34.246896556910329,1.3167190809711788
3FKY,19259,34.250918006714251,1.3167963867242001
3FKY,19260,34.254068007307268,1.3168569371309589
3FKY,19261,34.257681268476553,1.3169263890653211
3FKY,19262,34.261683738631454,1.3170033178653033
3FKY,19263,34.268308419443152,1.3171306365483681
3FKY,19264,34.274627173679058,1.3172520642107579
3FKY,19265,34.281060260192561,1.317375677501391
3FKY,19266,34.282219326833548,1.3173979480099962
3FKY,19267,34.283999289457618,1.3174321477893243
3FKY,19268,34.288377161155999,1.3175162594000587
3FKY,19269,34.292249180496881,1.3175906476454113
3FKY,19270,34.295769637819184,1.3176582781262356
3FKY,19271,34.299629287719377,1.3177324207481553
3FKY,19272,34.30370669137568,1.3178107418179947
3FKY,19273,34.30854866584977,1.3179037431499481
3FKY,19274,34.315280614349312,1.3180330349052083
3FKY,19275,34.317485807991737,1.318075384425937
3FKY,19276,34.320988131658794,1.3181426418127997
3FKY,19277,34.32612693479112,1.3182413193622025
3FKY,19278,34.330032835491309,1.3183163172382975
3FKY,19279,34.332622975004867,1.3183660486032025
3FKY,19280,34.338032978164847,1.3184699160464737
3FKY,19281,34.342509604766718,1.3185558572701102
3FKY,19282,34.346680732613898,1.3186359285597289
3FKY,19283,34.349673234302855,1.3186933712909086
3FKY,19284,34.351217365504816,1.3187230107678722
3FKY,19285,34.354033105284806,1.3187770569565742
3FKY,19286,34.362548981227391,1.3189404998613989
3FKY,19287,34.368752839746016,1.3190595560899221
3FKY,19288,34.372179672001465,1.3191253147048139
3FKY,19289,34.374581841575989,1.3191714087751389
3FKY,19290,34.383046665286372,1.319333823348027
3FKY,19291,34.385261997860916,1.3193763256333308
3FKY,19292,34.390417487435514,1.3194752310299056
3FKY,19293,34.391127887979096,1.3194888591151279
3FKY,19294,34.401674221294066,1.3196911598752992
3FKY,19295,34.403959745129072,1.3197349969206542
3FKY,19296,34.407620381125014,1.3198052060036944
3FKY,19297,34.409823467617038,1.3198474582496693
3FKY,19298,34.413386719070445,1.3199157937735806
3FKY,19299,34.420412066543705,1.3200505145140375
3FKY,19300,34.4267249022203,1.3201715601295547
3FKY,19301,34.42765124244189,1.3201893213280513
3FKY,19302,34.432510623166351,1.3202824888249471
3FKY,19303,34.439224528447937,1.3204112017673422
3FKY,19304,34.439794349061053,1.3204221252770707
3FKY,19305,34.447596868030708,1.3205716911413989
3FKY,19306,34.453017352566988,1.3206755860065347
3FKY,19307,34.454278838378421,1.3206997638346529
3FKY,19308,34.462053578262818,1.3208487659075716
3FKY,19309,34.463391397819009,1.3208744033838293
3FKY,19310,34.466051049398047,1.3209253704792623
3FKY,19311,34.473422507920034,1.321066619994409
3FKY,19312,34.477037242312726,1.3211358788527703
3FKY,19313,34.480463096150949,1.3212015153800885
3FKY,19314,34.486807433530302,1.3213230590292715
3FKY,19315,34.489079008190473,1.3213665747208996
3FKY,19316,34.490071344790863,1.3213855840859008
3FKY,19317,34.493449268360003,1.3214502901020246
3FKY,19318,34.49821047209295,1.3215414882438257
3FKY,19319,34.506694413532635,1.3217039777064643
3FKY,19320,34.510243819467149,1.3217719521008624
3FKY,19321,34.512756814731546,1.3218200761623287
3FKY,19322,34.515578917503234,1.3218741175689164
3FKY,19323,34.521764478035507,1.3219925592455304
3FKY,19324,34.523437805844743,1.3220245984552974
3FKY,19325,34.529729574529384,1.3221450600106444
3FKY,19326,34.530810151643557,1.3221657475244755
3FKY,19327,34.536397460203155,1.3222727106851992
3FKY,19328,34.540442867324607,1.3223501503604513
3FKY,19329,34.544072112770557,1.3224196197535067
3FKY,19330,34.553138988045298,1.3225931578795473
3FKY,19331,34.558185831206316,1.3226897435547083
3FKY,19332,34.559880514789626,1.3227221745556492
3FKY,19333,34.567141780640377,1.3228611237181773
3FKY,19334,34.568753116641467,1.3228919557280461
3FKY,19335,34.572842264936767,1.3229701960597691
3FKY,19336,34.576904006787849,1.323047907425742
3FKY,19337,34.579127756492085,1.3230904514327098
3FKY,19338,34.585523480523015,1.3232128045788696
3FKY,19339,34.587907992865986,1.3232584185029168
3FKY,19340,34.590475706819561,1.3233075351775716
3FKY,19341,34.595560631956396,1.3234047971020781
3FKY,19342,34.601075096515103,1.3235102669647398
3FKY,19343,34.607431424111226,1.3236318279059442
3FKY,19344,34.615343626982856,1.3237831284300337
3FKY,19345,34.618705577037375,1.3238474118407744
3FKY,19346,34.620179730917542,1.3238755979614176
3FKY,19347,34.627582414739344,1.324017129702701
3FKY,19348,34.633052147119379,1.3241216956714812
3FKY,19349,34.639058756734521,1.3242365157175229
3FKY,19350,34.646775511448283,1.3243840116322265
3FKY,19351,34.650496019535844,1.3244551185257287
3FKY,19352,34.659812754282626,1.3246331645725762
3FKY,19353,34.664497545768413,1.3247226835283399
3FKY,19354,34.668325632933993,1.3247958277286669
3FKY,19355,34.669770879402996,1.3248234413572915
3FKY,19356,34.678122141053478,1.3249829936232511
3FKY,19357,34.679264084051241,1.3250048091441382
3FKY,19358,34.682972848378405,1.3250756583867793
3FKY,19359,34.685502280776703,1.3251239764506264
3FKY,19360,34.689286394006217,1.3251962585581674
3FKY,19361,34.695237010430859,1.3253099160773916
3FKY,19362,34.70431572845181,1.3254833019517345
3FKY,19363,34.70662166713592,1.3255273372883549
3FKY,19364,34.714849534561829,1.3256844487611645
3FKY,19365,34.719161607747012,1.3257667805433173
3FKY,19366,34.722089074316592,1.3258226726780913
3FKY,19367,34.725449687278889,1.3258868316785162
3FKY,19368,34.732173513268314,1.3260151899994239
3FKY,19369,34.735003949212455,1.3260692195088764
3FKY,19370,34.742376001195773,1.3262099324995784
3FKY,19371,34.747807482928458,1.3263135955810954
3FKY,19372,34.754375717888735,1.3264389434565456
3FKY,19373,34.755462166479234,1.326459676046736
3FKY,19374,34.756892301025886,1.3264869666677601
3FKY,19375,34.763440685414949,1.3266119194018768
3FKY,19376,34.764375887556398,1.3266297634636208
3FKY,19377,34.770050763337757,1.3267380374037574
3FKY,19378,34.774675719550181,1.3268262728414102
3FKY,19379,34.775612616649759,1.3268441463555145
3FKY,19380,34.778794959918081,1.3269048552348632
3FKY,19381,34.782076694299022,1.3269674572682211
3FKY,19382,34.789016263540894,1.3270998260650018
3FKY,19383,34.794154032572671,1.327197817922781
3FKY,19384,34.798293695427397,1.3272767677960056
3FKY,19385,34.800618376626829,1.3273211010590968
3FKY,19386,34.806717966718651,1.3274374173817505
3FKY,19387,34.815912896531614,1.3276127411210368
3FKY,19388,34.819542429130031,1.3276819406298739
3FKY,19389,34.822676522981752,1.3277416913601647
3FKY,19390,34.824100464226703,1.3277688375622758
3FKY,19391,34.827043326078119,1.3278249389067465
3FKY,19392,34.831133939208776,1.3279029165087501
3FKY,19393,34.834001934603975,1.3279575851431875
3FKY,19394,34.837390610378172,1.3280221758880364
3FKY,19395,34.84540065037357,1.3281748408719247
3FKY,19396,34.848089204329234,1.3282260786361513
3FKY,19397,34.853030276705645,1.3283202391585485
3FKY,19398,34.857421147944358,1.32840390906331
3FKY,19399,34.858026694582094,1.3284154475965788
3FKY,19400,34.860136670429256,1.3284556518531137
3FKY,19401,34.870541704699107,1.3286538954146005
3FKY,19402,34.873946183239966,1.3287187533584839
3FKY,19403,34.875271323775664,1.3287439974525352
3FKY,19404,34.878251580113719,1.3288007699588593
3FKY,19405,34.883720240699269,1.3289049391079109
3FKY,19406,34.889044554273639,1.329006350835128
3FKY,19407,34.89216004528339,1.3290656877267097
3FKY,19408,34.897379690422483,1.3291650938945239
3FKY,19409,34.904508069766898,1.3293008391752221
3FKY,19410,34.907136889121169,1.3293508961187634
3FKY,19411,34.910534307347383,1.3294155856275574
3FKY,19412,34.916496088317999,1.3295290950073635
3FKY,19413,34.917473743836666,1.3295477081630922
3FKY,19414,34.930330692143073,1.3297924617359445
3FKY,19415,34.931378851572305,1.3298124132225748
3FKY,19416,34.934323387361026,1.3298684602189617
3FKY,19417,34.942577786855772,1.3300255638368661
3FKY,19418,34.951382565391093,1.3301931222092995
3FKY,19419,34.956782034931351,1.330295865782646
3FKY,19420,34.970338642736856,1.3305537921439154
3FKY,19421,34.973580964522398,1.3306154727527206
3FKY,19422,34.980629432660862,1.330749550076368
3FKY,19423,34.98383797153538,1.3308105790490916
3FKY,19424,34.996641726376822,1.3310540888325413
3FKY,19425,35.007149049018366,1.3312538903629747
3FKY,19426,35.010115725550456,1.3313102976413846
3FKY,19427,35.021140502130798,1.3315198976809817
3FKY,19428,35.025335238059576,1.3315996381896347
3FKY,19429,35.033901616279877,1.3317624673057011
3FKY,19430,35.036594174448012,1.3318136431503587
3FKY,19431,35.038738150609404,1.3318543910182528
3FKY,19432,35.045391668949925,1.3319808381656959
3FKY,19433,35.048432336240566,1.3320386206946775
3FKY,19434,35.050786280910529,1.3320833515479036
3FKY,19435,35.056991174583239,1.3322012528943501
3FKY,19436,35.064801370337044,1.3323496423136507
3FKY,19437,35.067928936686577,1.3324090597184326
3FKY,19438,35.068937183478219,1.3324282137937431
3FKY,19439,35.073199223479264,1.3325091784631873
3FKY,19440,35.080795620161751,1.3326534726892392
3FKY,19441,35.085493233002225,1.3327426964424669
3FKY,19442,35.088685932319507,1.3328033333255416
3FKY,19443,35.090460799073036,1.3328370410343016
3FKY,19444,35.096230169523544,1.3329466052067238
3FKY,19445,35.10207368758563,1.3330575683120449
3FKY,19446,35.106333129015184,1.3331384454198274
3FKY,19447,35.10854038140284,1.3331803541938798
3FKY,19448,35.115712383401231,1.3333165188392768
3FKY,19449,35.119196390430794,1.3333826597288412
3FKY,19450,35.122413310806557,1.3334437272939499
3FKY,19451,35.130686014935755,1.3336007571631483
3FKY,19452,35.132014271067526,1.3336259679808253
3FKY,19453,35.138174870297014,1.333742892318001
3FKY,19454,35.138738174791307,1.33375358297506
3FKY,19455,35.142716755203999,1.3338290879015207
3FKY,19456,35.149285192777342,1.3339537334122025
3FKY,19457,35.152897867792703,1.3340222841305933
3FKY,19458,35.158179376463018,1.3341224947258181
3FKY,19459,35.162131572534562,1.3341974782091151
3FKY,19460,35.165926621440654,1.3342694762342548
3FKY,19461,35.172744423913656,1.334398810873507
3FKY,19462,35.178965686246059,1.3345168181278972
3FKY,19463,35.184724900076354,1.3346260517711939
3FKY,19464,35.186647450842152,1.3346625143454371
3FKY,19465,35.191651081612015,1.3347574071742805
3FKY,19466,35.193546050259066,1.3347933431038548
3FKY,19467,35.202708291734467,1.3349670809683127
3FKY,19468,35.207056818746828,1.3350495314590609
3FKY,19469,35.215642225551193,1.3352123005981218
3FKY,19470,35.218605464320021,1.3352684754876831
3FKY,19471,35.22135708490692,1.3353206365601531
3FKY,19472,35.22659000789136,1.3354198287989814
3FKY,19473,35.230103198308996,1.3354864186559117
3FKY,19474,35.232256056056123,1.3355272227992363
3FKY,19475,35.241576178221692,1.3357038571563957
3FKY,19476,35.24731945949506,1.335812691823572
3FKY,19477,35.249482717365815,1.3358536830681138
3FKY,19478,35.252454262643184,1.3359099883773273
3FKY,19479,35.2653655071055,1.3361546051251765
3FKY,19480,35.268248922497946,1.3362092282653413
3FKY,19481,35.275057345265026,1.3363381975024295
3FKY,19482,35.278660295860568,1.3364064417227048
3FKY,19483,35.281811594597777,1.3364661282563479
3FKY,19484,35.292184494699924,1.336662575238861
3FKY,19485,35.292821884629781,1.3366746454950744
3FKY,19486,35.295823835386827,1.3367314919857534
3FKY,19487,35.307292173053042,1.3369486400983437
3FKY,19488,35.31205971538791,1.3370389011137682
3FKY,19489,35.31514908010503,1.3370973869469334
3FKY,19490,35.323645335255513,1.3372582193044507
3FKY,19491,35.3252389019869,1.3372883830397566
3FKY,19492,35.327943848422677,1.337339581903713
3FKY,19493,35.335532409791419,1.337483206715393
3FKY,19494,35.33865712647502,1.3375423421439032
3FKY,19495,35.343997913836155,1.3376434107743198
3FKY,19496,35.347875672724641,1.3377167883867216
3FKY,19497,35.353528415753608,1.3378237462564067
3FKY,19498,35.359557447411817,1.337937814614425
3FKY,19499,35.363767192652958,1.3380174565856966
3FKY,19500,35.367719309129633,1.3380922202989927
3FKY,19501,35.373050417472228,1.3381930643164057
3FKY,19502,35.375797900079561,1.3382450331279125
3FKY,19503,35.380419408262988,1.3383324447024789
3FKY,19504,35.385568264700957,1.338429823860962
3FKY,19505,35.387811545756158,1.3384722483129434
3FKY,19506,35.399938744301913,1.3387015720205473
3FKY,19507,35.401324138578239,1.3387277671414466
3FKY,19508,35.401930936950968,1.338739240361297
3FKY,19509,35.413488783779954,1.3389577550015759
3FKY,19510,35.422337105533771,1.3391250187968438
3FKY,19511,35.424649464123334,1.3391687269053305
3FKY,19512,35.431629830478492,1.339300660855498
3FKY,19513,35.43566217062579,1.3393768690655854
3FKY,19514,35.439737262943268,1.3394538808546201
3FKY,19515,35.444779227811296,1.3395491586380646
3FKY,19516,35.446478071902057,1.3395812600921386
3FKY,19517,35.452285420314603,1.339690990267318
3FKY,19518,35.453698454681074,1.3397176882717603
3FKY,19519,35.461692813296317,1.3398687244178535
3FKY,19520,35.464572726723404,1.3399231299930501
3FKY,19521,35.471387699322584,1.3400518655179754
3FKY,19522,35.475275436196057,1.3401252997229123
3FKY,19523,35.477999833538853,1.3401767575856942
3FKY,19524,35.48155221459033,1.3402438512687291
3FKY,19525,35.485346498848749,1.3403155100588138
3FKY,19526,35.491254433063212,1.3404270795809168
3FKY,19527,35.494450869932173,1.340487439437728
3FKY,19528,35.496976114694803,1.3405351229290579
3FKY,19529,35.504878320888672,1.3406843271236482
3FKY,19530,35.50637793423725,1.3407126399496505
3FKY,19531,35.513088146158658,1.3408393219917449
3FKY,19532,35.517105542132541,1.3409151606535217
3FKY,19533,35.520799991537352,1.3409848990840942
3FKY,19534,35.537048858836258,1.3412915784715067
3FKY,19535,35.546576951269941,1.3414713780614334
3FKY,19536,35.551069659701994,1.3415561492246286
3FKY,19537,35.554694664820857,1.3416245441279597
3FKY,19538,35.558007810665281,1.3416870519666386
3FKY,19539,35.560322395948099,1.3417307186223593
3FKY,19540,35.571391370045099,1.3419395247583004
3FKY,19541,35.572698308302719,1.3419641768161419
3FKY,19542,35.580146160721888,1.3421046529188942
3FKY,19543,35.585506489269825,1.3422057465304209
3FKY,19544,35.610566424558272,1.3426782657223817
3FKY,19545,35.617837028351332,1.3428153259329021
3FKY,19546,35.637136993343354,1.3431790871987277
3FKY,19547,35.644547785079808,1.3433187379098324
3FKY,19548,35.650436725703912,1.3434297001476336
3FKY,19549,35.657786287337714,1.3435681712501497
3FKY,19550,35.663523981791094,1.3436762636804203
3FKY,19551,35.675215198099579,1.3438964876075059
3FKY,19552,35.688863253028792,1.3441535262701887
3FKY,19553,35.693791371646206,1.3442463271995908
3FKY,19554,35.698734222221447,1.3443393991101953
3FKY,19555,35.707120668673532,1.3444972978223488
3FKY,19556,35.715504204123562,1.3446551231947006
3FKY,19557,35.722235512694972,1.3447818309414292
3FKY,19558,35.727875184215037,1.3448879809117509
3FKY,19559,35.738202913784683,1.345082347854714
3FKY,19560,35.749813464254267,1.3453008238412227
3FKY,19561,35.761302076547352,1.345516970396587
3FKY,19562,35.771938263686081,1.345717048490918
3FKY,19563,35.777600212888494,1.3458235437000945
3FKY,19564,35.784786516503111,1.3459586982511649
3FKY,19565,35.790308290805051,1.3460625383770273
3FKY,19566,35.80087191091345,1.3462611709805765
3FKY,19567,35.803656066365726,1.346313517855245
3FKY,19568,35.815486054820894,1.3465359191366966
3FKY,19569,35.819211523174715,1.3466059495489837
3FKY,19570,35.82883024290615,1.3467867429727411
3FKY,19571,35.832222020341888,1.346850489022374
3FKY,19572,35.840515579699989,1.3470063478775116
3FKY,19573,35.852847443887626,1.3472380642807014
3FKY,19574,35.855406826153427,1.3472861502197733
3FKY,19575,35.863846760041525,1.3474447084118524
3FKY,19576,35.870709639089434,1.3475736252535158
3FKY,19577,35.871836365898865,1.347594789253665
3FKY,19578,35.878960372579357,1.3477285961430923
3FKY,19579,35.886870919217053,1.3478771606809588
3FKY,19580,35.893242272046535,1.3479968063843313
3FKY,19581,35.898666179829668,1.3480986519368221
3FKY,19582,35.902782770903897,1.3481759446663517
3FKY,19583,35.910976921134463,1.3483297840782249
3FKY,19584,35.920556399337684,1.3485096097975982
3FKY,19585,35.948910697995487,1.3490417354870907
3FKY,19586,35.954619694943972,1.3491488509636507
3FKY,19587,35.967740754975544,1.3493950035925868
3FKY,19588,35.972580332460183,1.3494857833007345
3FKY,19589,35.974105954930131,1.3495143993186356
3FKY,19590,35.981437289224992,1.3496519042949613
3FKY,19591,35.982280702660731,1.3496677222828586
3FKY,19592,35.995119634879543,1.3499084900524838
3FKY,19593,35.997382562445594,1.3499509221537678
3FKY,19594,36.006378291557475,1.3501195876699579
3FKY,19595,36.011644802961811,1.3502183224019519
3FKY,19596,36.023682880264168,1.3504439809978692
3FKY,19597,36.027902472800896,1.3505230700308475
3FKY,19598,36.032646195817094,1.3506119774617877
3FKY,19599,36.036902899698788,1.350691752139344
3FKY,19600,36.046071020934022,1.3508635554469537
3FKY,19601,36.062572105517027,1.351172717620438
3FKY,19602,36.07099986499199,1.351330591737351
3FKY,19603,36.083126631357452,1.3515577256308631
3FKY,19604,36.105605238663578,1.3519786482068952
3FKY,19605,36.112192806945536,1.3521019787174404
3FKY,19606,36.120675028208694,1.3522607637963415
3FKY,19607,36.12828776018997,1.3524032563771862
3FKY,19608,36.140522020699947,1.3526322217431961
3FKY,19609,36.162611070816958,1.3530455223162703
3FKY,19610,36.169496211846429,1.3531743220016872
3FKY,19611,36.179460385230577,1.3533606991494536
3FKY,19612,36.191387346250998,1.3535837559619119
3FKY,19613,36.199231037792948,1.3537304278504891
3FKY,19614,36.204328058706807,1.3538257302814245
3FKY,19615,36.208963957012834,1.3539124049670919
3FKY,19616,36.216017656383826,1.3540442732253741
3FKY,19617,36.218122596019938,1.3540836223895145
3FKY,19618,36.224206062303203,1.354197338612102
3FKY,19619,36.231946920480745,1.3543420221086466
3FKY,19620,36.237233955399475,1.354440832591848
3FKY,19621,36.238682532348932,1.3544679040863852
3FKY,19622,36.252815305555878,1.3547319937329916
3FKY,19623,36.263621961980888,1.3549338957400403
3FKY,19624,36.270084655258827,1.3550546246083506
3FKY,19625,36.285581239450806,1.3553440707979643
3FKY,19626,36.292780000476505,1.3554785086913488
3FKY,19627,36.302787804112171,1.3556653837076384
3FKY,19628,36.324716105185857,1.3560747593053395
3FKY,19629,36.328612128302112,1.3561474805474862
3FKY,19630,36.338813869609638,1.356337882737553
3FKY,19631,36.347413870542489,1.3564983697727815
3FKY,19632,36.356601888076916,1.3566698089748641
3FKY,19633,36.365925589471196,1.3568437577580477
3FKY,19634,36.370425180632942,1.3569276969571895
3FKY,19635,36.373286102042762,1.3569810643173745
3FKY,19636,36.395306920702311,1.3573917683780738
3FKY,19637,36.400258789698697,1.3574841071734491
3FKY,19638,36.421145256096082,1.3578735134723943
3FKY,19639,36.434354221044089,1.3581197231615323
3FKY,19640,36.438139343219724,1.358190268059118
3FKY,19641,36.451308802285958,1.3584356842028726
3FKY,19642,36.459454268981773,1.3585874548100325
3FKY,19643,36.460448532412435,1.3586059792866287
3FKY,19644,36.486089750796417,1.3590836227525034
3FKY,19645,36.492471825607282,1.3592024816676023
3FKY,19646,36.497434844005937,1.3592949050804983
3FKY,19647,36.508603455692551,1.3595028686782662
3FKY,19648,36.520355499606836,1.3597216616527061
3FKY,19649,36.521729454688398,1.359747238880668
3FKY,19650,36.530731440805511,1.3599148058576238
3FKY,19651,36.547893032592818,1.3602342021780705
3FKY,19652,36.563607175256564,1.3605265940978013
3FKY,19653,36.575085866396911,1.3607401375671786
3FKY,19654,36.580159501752924,1.3608345141038427
3FKY,19655,36.587372913363723,1.3609686821301357
3FKY,19656,36.600724908046864,1.3612169916915791
3FKY,19657,36.603127308268306,1.3612616647731923
3FKY,19658,36.609443736867441,1.3613791129508761
3FKY,19659,36.610791745746887,1.3614041766236933
3FKY,19660,36.617281471934561,1.3615248343371071
3FKY,19661,36.62253032638629,1.3616224138039539
3FKY,19662,36.629304827106083,1.3617483456469648
3FKY,19663,36.63599564563178,1.3618727104836594
3FKY,19664,36.642261025836071,1.3619891572376599
3FKY,19665,36.648657407709507,1.3621080284857341
3FKY,19666,36.65446619062557,1.3622159707257948
3FKY,19667,36.662678693340531,1.3623685657157407
3FKY,19668,36.670468136758601,1.362513284127316
3FKY,19669,36.676858996206974,1.3626320070668301
3FKY,19670,36.678468889233606,1.3626619124043393
3FKY,19671,36.685758289595022,1.3627973119326102
3FKY,19672,36.705859626818551,1.3631706216052666
3FKY,19673,36.709785067253229,1.3632435105400997
3FKY,19674,36.711321666197414,1.3632720415790989
3FKY,19675,36.716648372811655,1.3633709414072128
3FKY,19676,36.723834651642221,1.363504356149766
3FKY,19677,36.741049092323976,1.3638238926998241
3FKY,19678,36.748654945152012,1.3639650496249238
3FKY,19679,36.762925445235965,1.3642298562431006
3FKY,19680,36.779596729351034,1.3645391472667232
3FKY,19681,36.839451552794557,1.3656490159847898
3FKY,19682,36.881992188668747,1.3664372852609648
3FKY,19683,36.894876197677029,1.3666759336095005
3FKY,19684,36.901581677274216,1.36680012160228
3FKY,19685,36.930817507854364,1.3673414483350994
3FKY,19686,36.941078878925239,1.3675313957074589
3FKY,19687,36.970744934056349,1.3680803932103562
3FKY,19688,36.978276522543496,1.3682197370867608
3FKY,19689,36.984130196006092,1.3683280276208656
3FKY,19690,36.986598483657971,1.3683736873512238
3FKY,19691,36.998800161326152,1.3685993782576171
3FKY,19692,37.012910246228387,1.3688603220253381
3FKY,19693,37.021026295297226,1.3690103930209669
3FKY,19694,37.035883132672822,1.3692850629403512
3FKY,19695,37.038534201773516,1.3693340695260541
3FKY,19696,37.056173039978425,1.3696600892735789
3FKY,19697,37.060100705819899,1.3697326740032643
3FKY,19698,37.072883474272423,1.3699688777067314
3FKY,19699,37.075497650942559,1.3700171782057944
3FKY,19700,37.09203799061811,1.3703227442011761
3FKY,19701,37.097394492966892,1.3704216855429752
3FKY,19702,37.109315401891884,1.3706418541036811
3FKY,19703,37.12015299749936,1.3708419841463877
3FKY,19704,37.127908643487658,1.3709851841200045
3FKY,19705,37.136275029545097,1.3711396440081225
3FKY,19706,37.159609927133822,1.371570360047617
3FKY,19707,37.164740109384653,1.3716650349256549
3FKY,19708,37.174484805235544,1.3718448502892189
3FKY,19709,37.184434680245637,1.3720284274341532
3FKY,19710,37.185511836132861,1.3720482996980194
3FKY,19711,37.192983810892919,1.3721861409540812
3FKY,19712,37.199665727392521,1.3723093956718531
3FKY,19713,37.218423997603871,1.3726553518194928
3FKY,19714,37.221841421523507,1.3727183695006879
3FKY,19715,37.227559085335479,1.3728237973953936
3FKY,19716,37.241520066278206,1.3730811896444195
3FKY,19717,37.260159673473218,1.3734247644008688
3FKY,19718,37.281544243403232,1.3738188298761553
3FKY,19719,37.296584662419413,1.3740959204273124
3FKY,19720,37.30078826905573,1.3741733537370553
3FKY,19721,37.303543854299328,1.3742241111346807
3FKY,19722,37.338725558015696,1.3748719872681037
3FKY,19723,37.348335083541187,1.3750488949867465
3FKY,19724,37.354884590361067,1.3751694558806304
3FKY,19725,37.362519202249487,1.3753099776464506
3FKY,19726,37.367930548363006,1.375409569550422
3FKY,19727,37.377216215113428,1.3755804487161474
3FKY,19728,37.385975534092353,1.3757416223308159
3FKY,19729,37.388649429720616,1.375790818903661
3FKY,19730,37.39239948888163,1.3758598126715644
3FKY,19731,37.394847198112799,1.3759048438770978
3FKY,19732,37.418140558083685,1.3763333047459785
3FKY,19733,37.426128935739648,1.3764802132147849
3FKY,19734,37.445453076506176,1.3768355246717472
3FKY,19735,37.454404063889768,1.377000074703854
3FKY,19736,37.474371637857331,1.3773670767687629
3FKY,19737,37.491353028319907,1.3776791161437758
3FKY,19738,37.504316363988281,1.3779172747037127
3FKY,19739,37.513187140088192,1.3780802222537571
3FKY,19740,37.522650825159928,1.3782540397269734
3FKY,19741,37.52901683218051,1.3783709504807253
3FKY,19742,37.54908238499084,1.3787393864469679
3FKY,19743,37.553089704047458,1.3788129555046265
3FKY,19744,37.571019878298948,1.3791420816358568
3FKY,19745,37.582000175413093,1.3793435971070762
3FKY,19746,37.583318508998204,1.379367789792858
3FKY,19747,37.594421943469243,1.3795715316315174
3FKY,19748,37.621439639702146,1.3800671656698167
3FKY,19749,37.633319721378911,1.3802850469721129
3FKY,19750,37.651423626257667,1.3806170073844861
3FKY,19751,37.678293894797335,1.3811095642359859
3FKY,19752,37.691253304327056,1.3813470594067072
3FKY,19753,37.695925039702651,1.3814326639887109
3FKY,19754,37.703801263037604,1.3815769753948852
3FKY,19755,37.718642609167922,1.3818488636928157
3FKY,19756,37.726004680569808,1.3819837144314859
3FKY,19757,37.748980308434035,1.3824044734137955
3FKY,19758,37.757664949123509,1.3825634842745478
3FKY,19759,37.761797719316839,1.3826391465383927
3FKY,19760,37.772377526737358,1.38283282152655
3FKY,19761,37.775707907600541,1.3828937821909091
3FKY,19762,37.796417269075228,1.3832727945878693
3FKY,19763,37.813010230547235,1.3835763957662235
3FKY,19764,37.821183809120626,1.3837259231281069
3FKY,19765,37.833245762288804,1.3839465548625318
3FKY,19766,37.837285187933908,1.38402043432861
3FKY,19767,37.851710189311142,1.3842842296052773
3FKY,19768,37.865739968825189,1.3845407491012227
3FKY,19769,37.885899728015886,1.3849092655227648
3FKY,19770,37.891959941985476,1.3850200258707506
3FKY,19771,37.910621410580504,1.3853610391918194
3FKY,19772,37.927462529619781,1.3856687160219796
3FKY,19773,37.953931542347178,1.3861521504983954
3FKY,19774,37.962093054898915,1.3863011797240372
3FKY,19775,37.971227855909284,1.3864679621994183
3FKY,19776,37.976748677405617,1.3865687511961531
3FKY,19777,37.987512494568968,1.3867652360935336
3FKY,19778,38.004264913252264,1.387070982766706
3FKY,19779,38.011287302728924,1.3871991276311602
3FKY,19780,38.039691508614567,1.3877173280692334
3FKY,19781,38.055354610764489,1.3880029996977499
3FKY,19782,38.077756183422039,1.3884114688325435
3FKY,19783,38.081875665749671,1.3884865701830094
3FKY,19784,38.087932771504455,1.3885969885310183
3FKY,19785,38.09561593284343,1.3887370365192249
3FKY,19786,38.132595544237226,1.3894109001396995
3FKY,19787,38.13594177863191,1.3894718610116725
3FKY,19788,38.145804891459832,1.3896515292080076
3FKY,19789,38.152125165682229,1.3897666482228817
3FKY,19790,38.166956130375866,1.3900367455935394
3FKY,19791,38.177901145727446,1.3902360394920181
3FKY,19792,38.188982488195812,1.3904377866215061
3FKY,19793,38.196619008095972,1.3905768002109264
3FKY,19794,38.223589529078374,1.3910676546845566
3FKY,19795,38.227688273175971,1.3911422352978626
3FKY,19796,38.235151476318272,1.3912780252302601
3FKY,19797,38.24486098406696,1.3914546659228211
3FKY,19798,38.252621353311014,1.3915958306963161
3FKY,19799,38.272845315173349,1.3919636468243883
3FKY,19800,38.280405874759573,1.3921011268617318
3FKY,19801,38.314812275733779,1.3927265960909281
3FKY,19802,38.346786589406278,1.3933076010302581
3FKY,19803,38.352132085347719,1.3934047103482636
3FKY,19804,38.362454213608544,1.3935922088487482
3FKY,19805,38.366281053552861,1.3936617158895173
3FKY,19806,38.399659733327105,1.3942678272124349
3FKY,19807,38.427980776942846,1.3947818922085029
3FKY,19808,38.431903683596325,1.3948530832966115
3FKY,19809,38.449385261112447,1.3951702866832485
3FKY,19810,38.451391180929761,1.395206679504714
3FKY,19811,38.462099674961671,1.395400944547815
3FKY,19812,38.46418259189609,1.3954387280403033
3FKY,19813,38.516655963913358,1.3963902420788803
3FKY,19814,38.523487641770615,1.3965140750685749
3FKY,19815,38.555140380585335,1.3970876786254802
3FKY,19816,38.571634047602402,1.3973864797041196
3FKY,19817,38.576371028629609,1.3974722835621372
3FKY,19818,38.592948318293971,1.3977725167614479
3FKY,19819,38.625516104557732,1.3983621679640919
3FKY,19820,38.636403645935054,1.3985592352758829
3FKY,19821,38.650095588074684,1.3988070235548151
3FKY,19822,38.684196561978048,1.3994239711217393
3FKY,19823,38.689836126282465,1.3995259747118127
3FKY,19824,38.718541792232315,1.400045062928962
3FKY,19825,38.740900005146166,1.4004492360526763
3FKY,19826,38.748096595794699,1.4005793052027105
3FKY,19827,38.773398540266108,1.4010365095531849
3FKY,19828,38.810285166049965,1.4017027810956499
3FKY,19829,38.822019383500511,1.4019146661939568
3FKY,19830,38.83713740316,1.402187605506116
3FKY,19831,38.857240467089859,1.4025504620677376
3FKY,19832,38.895845110741718,1.403247005602114
3FKY,19833,38.922471367354625,1.4037272217109449
3FKY,19834,38.925838534920906,1.4037879383405356
3FKY,19835,38.941160983123993,1.4040641989491265
3FKY,19836,38.948841377640505,1.4042026544423887
3FKY,19837,38.964963989385247,1.404493254509479
3FKY,19838,38.969259302822756,1.4045706647247771
3FKY,19839,38.976747132549761,1.4047056003253249
3FKY,19840,38.987514646996956,1.404899615276558
3FKY,19841,38.996410631734861,1.4050598877740328
3FKY,19842,39.006795216791645,1.4052469561789049
3FKY,19843,39.025082861305805,1.4055763301413433
3FKY,19844,39.036645518399467,1.4057845422997697
3FKY,19845,39.046382828341756,1.4059598609792534
3FKY,19846,39.059685383022604,1.4061993359817517
3FKY,19847,39.077248297398093,1.4065154443004806
3FKY,19848,39.094834624964548,1.4068319028543639
3FKY,19849,39.101553879353062,1.40695279421246
3FKY,19850,39.110133945374209,1.4071071497880214
3FKY,19851,39.114558756811327,1.407186745625318
3FKY,19852,39.126800040281303,1.4074069248228249
3FKY,19853,39.14265687999805,1.40769208442397
3FKY,19854,39.164661260939504,1.4080877019330373
3FKY,19855,39.174279793545956,1.408260598947604
3FKY,19856,39.178821962115009,1.4083422388865827
3FKY,19857,39.192699190210455,1.408591635820831
3FKY,19858,39.200413647347659,1.4087302583876644
3FKY,19859,39.214081857782929,1.4089758316061567
3FKY,19860,39.224089158684258,1.4091556030681602
3FKY,19861,39.235096571030887,1.4093533140800565
3FKY,19862,39.246980406316688,1.4095667359404387
3FKY,19863,39.260033133823413,1.4098011127105163
3FKY,19864,39.263656837611144,1.4098661735796287
3FKY,19865,39.274083375058318,1.4100533574522376
3FKY,19866,39.292596831072146,1.4103856616447246
3FKY,19867,39.307521343387322,1.4106534897021958
3FKY,19868,39.312792865463422,1.4107480777282972
3FKY,19869,39.321679286768415,1.4109075142944882
3FKY,19870,39.334596446443776,1.411139236610341
3FKY,19871,39.364057815966717,1.4116676049741013
3FKY,19872,39.381333489296452,1.4119773397245554
3FKY,19873,39.397767737002425,1.4122719255461209
3FKY,19874,39.411632670583217,1.4125204083298322
3FKY,19875,39.4195394119523,1.4126620907811198
3FKY,19876,39.452446423582188,1.4132516054099666
3FKY,19877,39.482938391090805,1.4137976361732156
3FKY,19878,39.494957535429151,1.4140128094296391
3FKY,19879,39.507831516632578,1.4142432501269093
3FKY,19880,39.519079725162015,1.4144445592126709
3FKY,19881,39.523254470834829,1.4145192673081599
3FKY,19882,39.54616490520678,1.4149291849156598
3FKY,19883,39.555012056676425,1.4150874479583389
3FKY,19884,39.578722951448555,1.4155115151128526
3FKY,19885,39.601952069792567,1.4159268425781215
3FKY,19886,39.615335756813728,1.416166082311215
3FKY,19887,39.640047211252949,1.4166077050721135
3FKY,19888,39.643618756450643,1.4166715213998318
3FKY,19889,39.668112305530514,1.4171090944128057
3FKY,19890,39.693642085531501,1.4175650357496945
3FKY,19891,39.735828339888947,1.4183181271163665
3FKY,19892,39.741865267380803,1.4184258631176863
3FKY,19893,39.753760475080171,1.4186381230077436
3FKY,19894,39.764844162875555,1.4188358734348294
3FKY,19895,39.793966297772911,1.4193553268384749
3FKY,19896,39.800650280352315,1.4194745226466152
3FKY,19897,39.806056113318817,1.4195709178257934
3FKY,19898,39.818305492976741,1.4197893208437469
3FKY,19899,39.821982897152907,1.4198548813763914
3FKY,19900,39.838654930794497,1.4201520713893536
3FKY,19901,39.843715701243852,1.4202422706621114
3FKY,19902,39.848782280294621,1.4203325677248675
3FKY,19903,39.856628822364151,1.4204723982296119
3FKY,19904,39.862511440859265,1.4205772213060084
3FKY,19905,39.882569899986933,1.4209345872301224
3FKY,19906,39.89031666613797,1.4210725812650227
3FKY,19907,39.901042978034198,1.4212636281714175
3FKY,19908,39.924152686224247,1.4216751491603496
3FKY,19909,39.926540105574006,1.4217176558109856
3FKY,19910,39.934128535797818,1.4218527550786562
3FKY,19911,39.954331899142126,1.4222123794968422
3FKY,19912,39.970264033483645,1.4224959109590121
3FKY,19913,39.98458041719779,1.4227506400000804
3FKY,19914,39.99600165819264,1.4229538235466401
3FKY,19915,40.005298218607493,1.4231191876708726
3FKY,19916,40.033587405725335,1.4236222681648547
3FKY,19917,40.040199483267074,1.4237398283536202
3FKY,19918,40.051965090849947,1.4239489923182918
3FKY,19919,40.068525947787407,1.424243352137105
3FKY,19920,40.076751611530938,1.4243895360236798
3FKY,19921,40.088428061377371,1.4245970204262079
3FKY,19922,40.095002766632319,1.4247138362003653
3FKY,19923,40.104926651954706,1.4248901402407159
3FKY,19924,40.115395918901662,1.4250761096848115
3FKY,19925,40.121407769056368,1.4251828894245393
3FKY,19926,40.128852201651917,1.4253151029539497
3FKY,19927,40.140134504248749,1.4255154538894319
3FKY,19928,40.150249990901187,1.4256950605895262
3FKY,19929,40.152908637468393,1.425742262743108
3FKY,19930,40.173099250393086,1.426100680019174
3FKY,19931,40.198833478637233,1.4265573752415321
3FKY,19932,40.250855396445772,1.4274801415238909
3FKY,19933,40.270576059981856,1.4278297913394935
3FKY,19934,40.318441806267344,1.4286781010578569
3FKY,19935,40.347299573895796,1.4291892949950593
3FKY,19936,40.351997592835424,1.4292724996085573
3FKY,19937,40.356833598424679,1.4293581429859521
3FKY,19938,40.37871701561216,1.4297456238489998
3FKY,19939,40.395183585089534,1.4300371215444574
3FKY,19940,40.409338808701044,1.430287655400301
3FKY,19941,40.445138422848309,1.4309210784165196
3FKY,19942,40.459977375338255,1.4311835502920298
3FKY,19943,40.478464884070931,1.4315104906203415
3FKY,19944,40.494417966614577,1.4317925511609086
3FKY,19945,40.49564372653299,1.4318142210691067
3FKY,19946,40.522999019158043,1.432297743259018
3FKY,19947,40.536740347621901,1.4325405683953105
3FKY,19948,40.552011376107068,1.4328103768173306
3FKY,19949,40.569260178973281,1.4331150674528972
3FKY,19950,40.607853932737719,1.4337965704188469
3FKY,19951,40.625825406911432,1.4341138069291752
3FKY,19952,40.639528747748628,1.4343556542415743
3FKY,19953,40.64617408861448,1.4344729217507413
3FKY,19954,40.675205624840771,1.4349851165630829
3FKY,19955,40.692052095900216,1.4352822500661493
3FKY,19956,40.731178699786902,1.4359721173047588
3FKY,19957,40.736390516082302,1.4360639853003301
3FKY,19958,40.746946705811922,1.4362500398543872
3FKY,19959,40.772179675806676,1.436694677406342
3FKY,19960,40.7755032803015,1.4367532333582074
3FKY,19961,40.784658625860672,1.4369145217911179
3FKY,19962,40.822297836017349,1.437577416332205
3FKY,19963,40.831126383752839,1.4377328587667071
3FKY,19964,40.868155791151324,1.4383846449844477
3FKY,19965,40.875048888490234,1.4385059436720511
3FKY,19966,40.883325941339237,1.4386515824828119
3FKY,19967,40.901582931672252,1.4389727710821731
3FKY,19968,40.941980294060755,1.4396832125112893
3FKY,19969,40.950174633766736,1.4398272781255539
3FKY,19970,40.962638708147523,1.4400463827946544
3FKY,19971,40.993264769577188,1.4405846136065195
3FKY,19972,41.040283915853799,1.4414105498573606
3FKY,19973,41.23383501590677,1.4448054878357435
3FKY,19974,41.252062034069994,1.4451247837037442
3FKY,19975,41.267165855303588,1.4453893148300025
3FKY,19976,41.275461509208576,1.4455345858552413
3FKY,19977,41.29254916453047,1.4458337737977887
3FKY,19978,41.325081253477428,1.4464032074277542
3FKY,19979,41.350666213092929,1.4468508827926359
3FKY,19980,41.427489948070161,1.4481942820702793
3FKY,19981,41.462703444844088,1.4488096361824876
3FKY,19982,41.470845586064947,1.4489518824980139
3FKY,19983,41.49586272574453,1.4493888541350168
3FKY,19984,41.510314266134166,1.4496412175855937
3FKY,19985,41.512985044958128,1.4496878518843308
3FKY,19986,41.539589144656695,1.4501523025007563
3FKY,19987,41.560514396890575,1.4505175081130823
3FKY,19988,41.585415981061239,1.4509519923282181
3FKY,19989,41.598545868263166,1.4511810309471465
3FKY,19990,41.617735742877422,1.4515157153758858
3FKY,19991,41.659079521826911,1.4522365168224105
3FKY,19992,41.674210302101088,1.452500222562416
3FKY,19993,41.688665304608691,1.4527521058480057
3FKY,19994,41.733407580175957,1.4535314784160707
3FKY,19995,41.760147269090417,1.4539970617225133
3FKY,19996,41.78051660042739,1.4543516262914677
3FKY,19997,41.797304535084599,1.4546437852920067
3FKY,19998,41.81192004822887,1.4548980900535911
3FKY,19999,41.814527683968599,1.4549434573209059
3FKY,20000,41.846942367608975,1.455507285230893
3FKY,20001,41.882653318156848,1.4561281963589918
3FKY,20002,41.89276287421017,1.456303924497524
3FKY,20003,41.900228986539815,1.4564336896829797
3FKY,20004,41.910886429594292,1.4566189019431992
3FKY,20005,41.920685641929772,1.4567891785096068
3FKY,20006,41.925566462412142,1.4568739829373076
3FKY,20007,41.936541676288833,1.457064659636669
3FKY,20008,41.950398724538942,1.4573053679410448
3FKY,20009,41.967498430696899,1.4576023490836005
3FKY,20010,41.968712232817822,1.4576234276336266
3FKY,20011,41.977455641104036,1.4577752542250442
3FKY,20012,41.983477750535279,1.4578798171045679
3FKY,20013,41.988270587867852,1.4579630305706692
3FKY,20014,41.99567683190309,1.4580916087870111
3FKY,20015,42.010998970726,1.4583575771713204
3FKY,20016,42.02606495940055,1.4586190519013706
3FKY,20017,42.030211490091006,1.4586910079540003
3FKY,20018,42.033496877051661,1.4587480177881103
3FKY,20019,42.044773062698326,1.4589436713934856
3FKY,20020,42.057160159616053,1.4591585702316807
3FKY,20021,42.06407291555594,1.4592784831381636
3FKY,20022,42.068593225091625,1.4593568898731604
3FKY,20023,42.106212614948404,1.4600092512144445
3FKY,20024,42.111553140708047,1.4601018381429238
3FKY,20025,42.117932270943022,1.4602124233194602
3FKY,20026,42.121906395535532,1.4602813123757992
3FKY,20027,42.148583060409884,1.4607436521968016
3FKY,20028,42.168106755721951,1.4610819294305244
3FKY,20029,42.178043379869756,1.4612540662410169
3FKY,20030,42.209918725411725,1.461806121027672
3FKY,20031,42.246879654544564,1.462445993023783
3FKY,20032,42.337278222017304,1.4640098052914898
3FKY,20033,42.46364475700075,1.4661930349797612
3FKY,20034,42.46602560461924,1.4662341375898493
3FKY,20035,42.474790872271804,1.4663854499785383
3FKY,20036,42.478958840901058,1.466457394989918
3FKY,20037,42.489049831600354,1.4666315650921904
3FKY,20038,42.49369230480189,1.4667116870505246
3FKY,20039,42.498161203704889,1.4667888092488162
3FKY,20040,42.530690525981008,1.4673500631675416
3FKY,20041,42.541816777861442,1.4675419838557382
3FKY,20042,42.550712763961535,1.4676954158392512
3FKY,20043,42.552981918875453,1.4677345501292358
3FKY,20044,42.55780124334342,1.4678176616815388
3FKY,20045,42.568422982505545,1.468000822032925
3FKY,20046,42.574202247253659,1.4681004695752999
3FKY,20047,42.576338250034183,1.4681372973628797
3FKY,20048,42.598346033703443,1.4685166897098028
3FKY,20049,42.624347334738729,1.4689648000619853
3FKY,20050,42.63636499543788,1.4691718680583437
3FKY,20051,42.667847909424836,1.4697141900432997
3FKY,20052,42.695996573933492,1.4701989071399091
3FKY,20053,42.762414950311296,1.4713419918086719
3FKY,20054,42.819528603231348,1.4723242290808731
3FKY,20055,42.858172428343146,1.4729884518165348
3FKY,20056,42.886224895932571,1.4734704392544109
3FKY,20057,42.899577832077668,1.4736998092382763
3FKY,20058,42.928200443561906,1.474191353744595
3FKY,20059,42.938442961467274,1.4743672116960145
3FKY,20060,42.996531575728696,1.4753641621719247
3FKY,20061,43.000833284826534,1.4754379638074735
3FKY,20062,43.064940228928869,1.4765373679963281
3FKY,20063,43.090415051074679,1.4769740221008139
3FKY,20064,43.099349198067138,1.4771271282974086
3FKY,20065,43.184828337893535,1.4785911992859488
3FKY,20066,43.187679688481943,1.4786400117098815
3FKY,20067,43.189464418964405,1.4786705637869693
3FKY,20068,43.208041916893727,1.478988546961316
3FKY,20069,43.241718489289141,1.4795648003789028
3FKY,20070,43.253648121483664,1.4797688793018018
3FKY,20071,43.266562773965482,1.4799897771376676
3FKY,20072,43.284976201313071,1.4803046714077053
3FKY,20073,43.306414766915552,1.4806712152179835
3FKY,20074,43.315154947143988,1.4808206235730121
3FKY,20075,43.324087149955261,1.4809732988702007
3FKY,20076,43.341958887734158,1.4812787275497958
3FKY,20077,43.347165064924646,1.4813676894720669
3FKY,20078,43.353988464930957,1.4814842780256325
3FKY,20079,43.361385861309984,1.4816106638482385
3FKY,20080,43.392568611810916,1.482143308176685
3FKY,20081,43.413165747467694,1.4824950306714528
3FKY,20082,43.422191598576511,1.4826491323566531
3FKY,20083,43.436183935573268,1.4828879970309277
3FKY,20084,43.464423382521773,1.4833699584864743
3FKY,20085,43.483265308585786,1.4836914457686798
3FKY,20086,43.488528272772349,1.4837812317889387
3FKY,20087,43.510421470449124,1.4841546708283093
3FKY,20088,43.527424666499329,1.4844446347848506
3FKY,20089,43.734530517990429,1.4879719780537757
3FKY,20090,43.764911069780858,1.4884887043265245
3FKY,20091,43.82980823794572,1.4895919045315742
3FKY,20092,43.857564078306979,1.4900634823604968
3FKY,20093,43.858734811241412,1.490083370090109
3FKY,20094,43.878093557446093,1.4904121867274531
3FKY,20095,43.89107800615691,1.4906326925375324
3FKY,20096,43.906429593163772,1.4908933557280064
3FKY,20097,43.90984735766488,1.4909513816626567
3FKY,20098,43.928959839894866,1.4912758268994633
3FKY,20099,43.932321040583588,1.4913328778912991
3FKY,20100,43.944555080086914,1.4915405126678256
3FKY,20101,43.964484861755203,1.4918786968538553
3FKY,20102,44.007176634890833,1.4926028665192053
3FKY,20103,44.027591487935219,1.4929490343198997
3FKY,20104,44.099643427054765,1.4941701537959617
3FKY,20105,44.105719951704181,1.4942730916920857
3FKY,20106,44.125239762623771,1.4946037143613784
3FKY,20107,44.134069190423219,1.4947532414298941
3FKY,20108,44.143253075535398,1.4949087553924418
3FKY,20109,44.19294179367963,1.495749871571123
3FKY,20110,44.206430387484268,1.4959781209517709
3FKY,20111,44.235495540209477,1.4964698332151922
3FKY,20112,44.313370125540672,1.4977864876562001
3FKY,20113,44.447055601766905,1.5000440626326446
3FKY,20114,44.450347974583394,1.5000996187631288
3FKY,20115,44.463860009393116,1.5003276018841774
3FKY,20116,44.471921680226039,1.5004636067100874
3FKY,20117,44.497885570374272,1.5009015480704249
3FKY,20118,44.503394061530457,1.5009944451479422
3FKY,20119,44.52629533538056,1.5013805984338684
3FKY,20120,44.539251338890679,1.5015990140617903
3FKY,20121,44.542449956756577,1.5016529322918801
3FKY,20122,44.564814375153048,1.5020298691244869
3FKY,20123,44.571193015955558,1.5021373593758827
3FKY,20124,44.587765421943288,1.5024165948517338
3FKY,20125,44.59295013063722,1.5025039435434135
3FKY,20126,44.62099058801509,1.5029762634580308
3FKY,20127,44.634792741506821,1.5032086956037685
3FKY,20128,44.6672476442386,1.5037551037285224
3FKY,20129,44.673183613149277,1.5038550197461462
3FKY,20130,44.746526672191635,1.5050890049361538
3FKY,20131,44.771325339252179,1.5055060097188726
3FKY,20132,44.824505420197326,1.5063998761608717
3FKY,20133,45.492383182774866,1.5175809364340269
3FKY,20134,45.49521111751622,1.5176281042548792
3FKY,20135,45.50836147031162,1.517847422975882
3FKY,20136,45.539732427568424,1.5183704930436615
3FKY,20137,45.542775328286808,1.5184212198841665
3FKY,20138,45.555383512278937,1.5186313872395505
3FKY,20139,45.5925374271105,1.5192505413023452
3FKY,20140,45.602407027205118,1.5194149715440675
3FKY,20141,45.609497818681128,1.5195330950889923
3FKY,20142,45.635961750913587,1.5199738693938132
3FKY,20143,45.649600852762255,1.5202009877549381
3FKY,20144,45.725603430855834,1.5214659620533997
3FKY,20145,45.826683676443714,1.5231466971765928
3FKY,20146,45.858610470797252,1.523677182044842
3FKY,20147,45.86346631633338,1.5237578489590717
3FKY,20148,45.88603648562664,1.5241327360452726
3FKY,20149,45.919666747009984,1.5246911585850362
3FKY,20150,45.934386384355598,1.5249355103439628
3FKY,20151,45.993385183849853,1.5259145208472193
3FKY,20152,46.048674781741752,1.5268314120510085
3FKY,20153,47.326572605143497,1.547872003149934
3FKY,20154,47.353142318430521,1.5483064392653496
3FKY,20155,47.356741474553367,1.5483652789794999
3FKY,20156,47.380397788941032,1.548751961440288
3FKY,20157,47.407539828358715,1.5491955021270427
3FKY,20158,47.416229379050279,1.5493374752823932
3FKY,20159,47.423828945877034,1.5494616292070691
3FKY,20160,47.439003685359744,1.5497095087697361
3FKY,20161,47.474779566270406,1.5502937513717969
3FKY,20162,47.490392000967425,1.550548643238572
3FKY,20163,47.521730017071853,1.551060147806739
3FKY,20164,47.537857014218595,1.5513233097406924
3FKY,20165,47.557529953952248,1.551644274284165
3FKY,20166,47.567361007800301,1.5518046433168997
3FKY,20167,47.57409487925878,1.5519144800092806
3FKY,20168,47.582963167839424,1.5520591194834916
3FKY,20169,47.58357756969955,1.5520691397183437
3FKY,20170,47.63121736381261,1.5528458967466841
3FKY,20171,47.664616043164891,1.5533902237317005
3FKY,20172,47.687106708801785,1.553756665997958
